date,home_team,away_team,home_score,away_score,tournament,neutral,elo_home_pre,elo_away_pre,elo_diff,result,year,home_age_mean,home_age_std,home_value_mean,home_value_std,away_age_mean,away_age_std,away_value_mean,away_value_std,age_mean_diff,age_std_diff,value_mean_diff,value_std_diff
2022-01-01,Thailand,Indonesia,2.0,2.0,AFF Championship,True,1527.7,1355.0,172.7,D,2022,,,,,,,,,,,,
2022-01-02,Gabon,Burkina Faso,0.0,3.0,Friendly,True,1516.8,1669.0,-152.2,A,2022,,,,,,,,,,,,
2022-01-02,Sudan,Zimbabwe,0.0,0.0,Friendly,True,1417.8,1438.4,-20.6,D,2022,,,,,,,,,,,,
2022-01-03,Rwanda,Guinea,3.0,0.0,Friendly,False,1399.0,1525.1,-26.1,H,2022,,,,,,,,,,,,
2022-01-04,Mauritania,Gabon,1.0,1.0,Friendly,True,1472.1,1506.5,-34.4,D,2022,,,,,,,,,,,,
2022-01-05,Algeria,Ghana,3.0,0.0,Friendly,True,1897.7,1720.1,177.5,H,2022,26.82,4.01,5271794.87,8934396.19,24.2,3.51,4960625.0,8007570.42,2.620000000000001,0.5,311169.8700000001,926825.7699999996
2022-01-06,Rwanda,Guinea,0.0,2.0,Friendly,False,1417.8,1506.3,11.6,A,2022,,,,,,,,,,,,
2022-01-09,Ethiopia,Cape Verde,0.0,1.0,African Cup of Nations,True,1472.5,1581.3,-108.8,A,2022,,,,,26.48,4.2,762837.84,1299124.21,,,,
2022-01-09,Cameroon,Burkina Faso,2.0,1.0,African Cup of Nations,False,1713.3,1679.3,134.0,H,2022,,,,,,,,,,,,
2022-01-10,Senegal,Zimbabwe,1.0,0.0,African Cup of Nations,True,1821.3,1437.8,383.4,H,2022,25.68,3.69,9987179.49,15083956.15,,,,,,,,
2022-01-10,Guinea,Malawi,1.0,0.0,African Cup of Nations,True,1521.8,1406.8,114.9,H,2022,,,,,,,,,,,,
2022-01-10,Morocco,Ghana,1.0,0.0,African Cup of Nations,True,1857.5,1710.9,146.6,H,2022,25.77,3.85,7743421.05,13301217.65,24.2,3.51,4960625.0,8007570.42,1.5700000000000003,0.3400000000000003,2782796.05,5293647.23
2022-01-10,Comoros,Gabon,0.0,1.0,African Cup of Nations,True,1380.3,1505.5,-125.3,A,2022,,,,,,,,,,,,
2022-01-11,Nigeria,Egypt,1.0,0.0,African Cup of Nations,True,1737.1,1762.7,-25.6,H,2022,,,,,26.98,3.64,1478205.13,2045940.16,,,,
2022-01-11,Sudan,Guinea-Bissau,0.0,0.0,African Cup of Nations,True,1418.4,1498.3,-79.9,D,2022,,,,,,,,,,,,
2022-01-11,Algeria,Sierra Leone,0.0,0.0,African Cup of Nations,True,1906.9,1480.8,426.2,D,2022,26.82,4.01,5271794.87,8934396.19,,,,,,,,
2022-01-12,Tunisia,Mali,0.0,1.0,African Cup of Nations,True,1751.3,1735.0,16.4,A,2022,25.26,4.38,1571323.53,2350032.32,,,,,,,,
2022-01-12,Mauritania,Gambia,0.0,1.0,African Cup of Nations,True,1473.1,1463.3,9.7,A,2022,,,,,,,,,,,,
2022-01-12,Iceland,Uganda,1.0,1.0,Friendly,True,1603.3,1571.7,31.6,D,2022,,,,,,,,,,,,
2022-01-12,Equatorial Guinea,Ivory Coast,0.0,1.0,African Cup of Nations,True,1543.7,1747.9,-204.1,A,2022,,,,,26.03,4.56,9148571.43,11317637.85,,,,
2022-01-13,Cameroon,Ethiopia,4.0,1.0,African Cup of Nations,False,1729.1,1455.1,374.0,H,2022,,,,,,,,,,,,
2022-01-13,Cape Verde,Burkina Faso,0.0,1.0,African Cup of Nations,True,1598.7,1663.5,-64.8,A,2022,26.48,4.2,762837.84,1299124.21,,,,,,,,
2022-01-14,Senegal,Guinea,0.0,0.0,African Cup of Nations,True,1826.2,1538.8,287.5,D,2022,25.68,3.69,9987179.49,15083956.15,,,,,,,,
2022-01-14,Malawi,Zimbabwe,2.0,1.0,African Cup of Nations,True,1389.8,1432.9,-43.1,H,2022,,,,,,,,,,,,
2022-01-14,Morocco,Comoros,2.0,0.0,African Cup of Nations,True,1872.5,1363.9,508.6,H,2022,25.77,3.85,7743421.05,13301217.65,,,,,,,,
2022-01-14,Gabon,Ghana,1.0,1.0,African Cup of Nations,True,1521.9,1695.8,-173.9,D,2022,,,,,24.2,3.51,4960625.0,8007570.42,,,,
2022-01-15,South Korea,Iceland,5.0,1.0,Friendly,True,1879.6,1602.4,277.2,H,2022,26.59,3.62,1641911.76,2112747.73,,,,,,,,
2022-01-15,Nigeria,Sudan,3.0,1.0,African Cup of Nations,True,1763.9,1424.1,339.8,H,2022,,,,,,,,,,,,
2022-01-15,Guinea-Bissau,Egypt,0.0,1.0,African Cup of Nations,True,1492.7,1735.9,-243.2,A,2022,,,,,26.98,3.64,1478205.13,2045940.16,,,,
2022-01-16,Tunisia,Mauritania,4.0,0.0,African Cup of Nations,True,1725.1,1447.4,277.7,H,2022,25.26,4.38,1571323.53,2350032.32,,,,,,,,
2022-01-16,Gambia,Mali,1.0,1.0,African Cup of Nations,True,1489.1,1761.1,-272.1,D,2022,,,,,,,,,,,,
2022-01-16,Algeria,Equatorial Guinea,0.0,1.0,African Cup of Nations,True,1885.9,1531.9,353.9,A,2022,26.82,4.01,5271794.87,8934396.19,,,,,,,,
2022-01-16,Peru,Panama,1.0,1.0,Friendly,False,1899.3,1745.3,254.0,D,2022,,,,,25.34,4.34,336842.11,575792.84,,,,
2022-01-16,Colombia,Honduras,2.0,1.0,Friendly,True,1968.7,1608.9,359.8,H,2022,27.26,3.51,5315384.62,6685567.63,,,,,,,,
2022-01-16,Ivory Coast,Sierra Leone,2.0,2.0,African Cup of Nations,True,1759.7,1501.8,257.9,D,2022,26.03,4.56,9148571.43,11317637.85,,,,,,,,
2022-01-17,Burkina Faso,Ethiopia,1.0,1.0,African Cup of Nations,True,1683.9,1446.0,237.9,D,2022,,,,,,,,,,,,
2022-01-17,Cameroon,Cape Verde,1.0,1.0,African Cup of Nations,False,1738.2,1578.3,259.9,D,2022,,,,,26.48,4.2,762837.84,1299124.21,,,,
2022-01-18,Moldova,Uganda,2.0,3.0,Friendly,True,1234.0,1572.6,-338.6,A,2022,,,,,,,,,,,,
2022-01-18,Malawi,Senegal,0.0,0.0,African Cup of Nations,True,1417.9,1809.3,-391.4,D,2022,,,,,25.68,3.69,9987179.49,15083956.15,,,,
2022-01-18,Zimbabwe,Guinea,2.0,1.0,African Cup of Nations,True,1404.8,1555.7,-150.9,H,2022,,,,,,,,,,,,
2022-01-18,Gabon,Morocco,2.0,2.0,African Cup of Nations,True,1533.5,1876.3,-342.9,D,2022,,,,,25.77,3.85,7743421.05,13301217.65,,,,
2022-01-18,Ghana,Comoros,2.0,3.0,African Cup of Nations,True,1684.3,1360.1,324.2,A,2022,24.2,3.51,4960625.0,8007570.42,,,,,,,,
2022-01-19,Guinea-Bissau,Nigeria,0.0,2.0,African Cup of Nations,True,1482.8,1773.2,-290.4,A,2022,,,,,,,,,,,,
2022-01-19,Egypt,Sudan,1.0,0.0,African Cup of Nations,True,1745.8,1414.8,331.0,H,2022,26.98,3.64,1478205.13,2045940.16,,,,,,,,
2022-01-20,Peru,Jamaica,3.0,0.0,Friendly,False,1893.0,1710.9,282.1,H,2022,,,,,,,,,,,,
2022-01-20,Ivory Coast,Algeria,3.0,1.0,African Cup of Nations,True,1743.9,1841.7,-97.7,H,2022,26.03,4.56,9148571.43,11317637.85,26.82,4.01,5271794.87,8934396.19,-0.7899999999999991,0.5499999999999998,3876776.5599999996,2383241.66
2022-01-20,Sierra Leone,Equatorial Guinea,0.0,1.0,African Cup of Nations,True,1517.6,1576.2,-58.6,A,2022,,,,,,,,,,,,
2022-01-20,Gambia,Tunisia,1.0,0.0,African Cup of Nations,True,1505.4,1740.9,-235.5,H,2022,,,,,25.26,4.38,1571323.53,2350032.32,,,,
2022-01-20,Mali,Mauritania,2.0,0.0,African Cup of Nations,True,1744.8,1431.6,313.1,H,2022,,,,,,,,,,,,
2022-01-20,South Korea,Moldova,4.0,0.0,Friendly,True,1885.9,1231.5,654.4,H,2022,26.59,3.62,1641911.76,2112747.73,,,,,,,,
2022-01-21,Bolivia,Trinidad and Tobago,5.0,0.0,Friendly,False,1749.7,1535.7,313.9,H,2022,,,,,,,,,,,,
2022-01-21,Iraq,Uganda,1.0,0.0,Friendly,False,1667.7,1575.1,192.6,H,2022,26.45,3.77,404032.26,259271.37,,,,,,,,
2022-01-23,Nigeria,Tunisia,0.0,1.0,African Cup of Nations,True,1785.1,1701.2,83.9,A,2022,,,,,25.26,4.38,1571323.53,2350032.32,,,,
2022-01-23,Burkina Faso,Gabon,1.0,1.0,African Cup of Nations,True,1669.0,1552.4,116.7,D,2022,,,,,,,,,,,,
2022-01-24,Guinea,Gambia,0.0,1.0,African Cup of Nations,True,1520.5,1545.2,-24.6,A,2022,,,,,,,,,,,,
2022-01-24,Cameroon,Comoros,2.0,1.0,African Cup of Nations,False,1722.4,1403.4,419.0,H,2022,,,,,,,,,,,,
2022-01-25,Morocco,Malawi,2.0,1.0,African Cup of Nations,True,1857.4,1438.1,419.3,H,2022,25.77,3.85,7743421.05,13301217.65,,,,,,,,
2022-01-25,Senegal,Cape Verde,2.0,0.0,African Cup of Nations,True,1789.0,1594.2,194.8,H,2022,25.68,3.69,9987179.49,15083956.15,26.48,4.2,762837.84,1299124.21,-0.8000000000000007,-0.5100000000000002,9224341.65,13784831.940000001
2022-01-26,Ivory Coast,Egypt,0.0,0.0,African Cup of Nations,True,1791.7,1752.2,39.5,D,2022,26.03,4.56,9148571.43,11317637.85,26.98,3.64,1478205.13,2045940.16,-0.9499999999999993,0.9199999999999995,7670366.3,9271697.69
2022-01-26,Mali,Equatorial Guinea,0.0,0.0,African Cup of Nations,True,1755.4,1597.0,158.4,D,2022,,,,,,,,,,,,
2022-01-27,Chile,Argentina,1.0,2.0,FIFA World Cup qualification,False,1861.0,2164.3,-203.3,A,2022,,,,,26.61,3.95,18885714.29,13120913.36,,,,
2022-01-27,Paraguay,Uruguay,0.0,1.0,FIFA World Cup qualification,False,1792.2,1908.2,-16.0,A,2022,26.11,4.47,2715714.29,2411246.61,26.81,4.6,11986111.11,14171061.14,-0.6999999999999993,-0.1299999999999999,-9270396.82,-11759814.530000001
2022-01-27,Ecuador,Brazil,1.0,1.0,FIFA World Cup qualification,False,1915.1,2207.7,-192.6,D,2022,24.0,4.76,2385714.29,3242454.35,26.94,4.36,30242857.14,25369095.77,-2.9400000000000013,0.39999999999999947,-27857142.85,-22126641.419999998
2022-01-27,Saudi Arabia,Oman,1.0,0.0,FIFA World Cup qualification,False,1754.4,1636.5,217.9,H,2022,27.46,3.69,870394.74,623520.76,,,,,,,,
2022-01-27,Australia,Vietnam,4.0,0.0,FIFA World Cup qualification,False,1836.7,1482.4,454.4,H,2022,26.59,4.55,1270394.74,1507785.23,,,,,,,,
2022-01-27,Japan,China,2.0,0.0,FIFA World Cup qualification,False,1862.4,1640.9,321.5,H,2022,26.26,4.12,2947435.9,5334153.97,,,,,,,,
2022-01-27,United Arab Emirates,Syria,2.0,0.0,FIFA World Cup qualification,False,1618.0,1561.9,156.1,H,2022,,,,,,,,,,,,
2022-01-27,Iran,Iraq,1.0,0.0,FIFA World Cup qualification,False,1935.2,1672.7,362.5,H,2022,26.74,3.7,765789.47,598556.96,26.45,3.77,404032.26,259271.37,0.28999999999999915,-0.06999999999999984,361757.20999999996,339285.58999999997
2022-01-27,Costa Rica,Panama,1.0,0.0,FIFA World Cup qualification,False,1733.6,1751.5,82.1,H,2022,,,,,25.34,4.34,336842.11,575792.84,,,,
2022-01-27,Honduras,Canada,0.0,2.0,FIFA World Cup qualification,False,1606.6,1909.9,-203.3,A,2022,,,,,25.02,4.42,4973717.95,13205320.11,,,,
2022-01-27,United States,El Salvador,1.0,0.0,FIFA World Cup qualification,False,1968.1,1633.3,434.8,H,2022,23.72,3.77,8441666.67,10267948.38,,,,,,,,
2022-01-27,Jamaica,Mexico,1.0,2.0,FIFA World Cup qualification,False,1705.2,1943.5,-138.4,A,2022,,,,,26.26,5.49,4012121.21,3425639.3,,,,
2022-01-27,Uzbekistan,South Sudan,3.0,0.0,Friendly,True,1634.6,1255.1,379.6,H,2022,24.11,2.95,1047972.97,1952894.41,,,,,,,,
2022-01-27,Indonesia,Timor-Leste,4.0,1.0,Friendly,False,1361.9,845.3,616.5,H,2022,,,,,,,,,,,,
2022-01-27,Bahrain,Uganda,3.0,1.0,Friendly,False,1631.1,1570.2,160.9,H,2022,,,,,,,,,,,,
2022-01-27,Lebanon,South Korea,0.0,1.0,FIFA World Cup qualification,False,1506.5,1886.7,-280.2,A,2022,,,,,26.59,3.62,1641911.76,2112747.73,,,,
2022-01-28,Colombia,Peru,0.0,1.0,FIFA World Cup qualification,False,1970.9,1898.8,172.1,A,2022,27.26,3.51,5315384.62,6685567.63,,,,,,,,
2022-01-28,Venezuela,Bolivia,4.0,1.0,FIFA World Cup qualification,False,1740.7,1755.3,85.4,H,2022,,,,,,,,,,,,
2022-01-28,Suriname,Barbados,1.0,0.0,Friendly,False,1499.1,1266.0,333.1,H,2022,,,,,,,,,,,,
2022-01-28,Jordan,New Zealand,3.0,1.0,Friendly,True,1635.3,1685.9,-50.6,H,2022,26.67,4.1,280441.18,215261.02,24.72,3.99,548684.21,940638.56,1.9500000000000028,0.10999999999999943,-268243.02999999997,-725377.54
2022-01-29,Cameroon,Gambia,2.0,0.0,African Cup of Nations,False,1726.5,1568.4,258.1,H,2022,,,,,,,,,,,,
2022-01-29,Burkina Faso,Tunisia,1.0,0.0,African Cup of Nations,True,1661.0,1732.1,-71.1,H,2022,,,,,25.26,4.38,1571323.53,2350032.32,,,,
2022-01-29,Nepal,Mauritius,1.0,0.0,Friendly,False,1150.6,1190.7,59.9,H,2022,,,,,,,,,,,,
2022-01-29,Kuwait,Libya,2.0,0.0,Friendly,False,1463.5,1450.6,112.8,H,2022,,,,,,,,,,,,
2022-01-29,Nicaragua,Belize,4.0,0.0,Friendly,False,1395.9,1323.2,172.7,H,2022,,,,,,,,,,,,
2022-01-30,Indonesia,Timor-Leste,3.0,0.0,Friendly,False,1362.8,844.3,618.5,H,2022,,,,,,,,,,,,
2022-01-30,Egypt,Morocco,2.0,1.0,African Cup of Nations,True,1755.1,1861.5,-106.5,H,2022,26.98,3.64,1478205.13,2045940.16,25.77,3.85,7743421.05,13301217.65,1.2100000000000009,-0.20999999999999996,-6265215.92,-11255277.49
2022-01-30,Senegal,Equatorial Guinea,3.0,1.0,African Cup of Nations,True,1807.5,1607.7,199.8,H,2022,25.68,3.69,9987179.49,15083956.15,,,,,,,,
2022-01-30,Canada,United States,2.0,0.0,FIFA World Cup qualification,False,1924.1,1971.1,53.0,H,2022,25.02,4.42,4973717.95,13205320.11,23.72,3.77,8441666.67,10267948.38,1.3000000000000007,0.6499999999999999,-3467948.7199999997,2937371.7299999986
2022-01-30,Mexico,Costa Rica,0.0,0.0,FIFA World Cup qualification,False,1955.9,1748.9,307.0,D,2022,26.26,5.49,4012121.21,3425639.3,,,,,,,,
2022-01-30,Panama,Jamaica,3.0,2.0,FIFA World Cup qualification,False,1736.1,1692.7,143.4,H,2022,25.34,4.34,336842.11,575792.84,,,,,,,,
2022-01-30,Honduras,El Salvador,0.0,2.0,FIFA World Cup qualification,False,1592.4,1630.3,62.1,A,2022,,,,,,,,,,,,
2022-02-01,Argentina,Colombia,1.0,0.0,FIFA World Cup qualification,False,2173.8,1941.7,332.0,H,2022,26.61,3.95,18885714.29,13120913.36,27.26,3.51,5315384.62,6685567.63,-0.6500000000000021,0.4400000000000004,13570329.669999998,6435345.7299999995
2022-02-01,Brazil,Paraguay,4.0,0.0,FIFA World Cup qualification,False,2197.6,1773.1,524.6,H,2022,26.94,4.36,30242857.14,25369095.77,26.11,4.47,2715714.29,2411246.61,0.8300000000000018,-0.10999999999999943,27527142.85,22957849.16
2022-02-01,Peru,Ecuador,1.0,1.0,FIFA World Cup qualification,False,1927.9,1925.2,102.8,D,2022,,,,,24.0,4.76,2385714.29,3242454.35,,,,
2022-02-01,Uruguay,Venezuela,4.0,1.0,FIFA World Cup qualification,False,1927.3,1767.2,260.0,H,2022,26.81,4.6,11986111.11,14171061.14,,,,,,,,
2022-02-01,Oman,Australia,2.0,2.0,FIFA World Cup qualification,False,1627.6,1841.9,-114.2,D,2022,,,,,26.59,4.55,1270394.74,1507785.23,,,,
2022-02-01,Japan,Saudi Arabia,2.0,0.0,FIFA World Cup qualification,False,1870.5,1763.3,207.2,H,2022,26.26,4.12,2947435.9,5334153.97,27.46,3.69,870394.74,623520.76,-1.1999999999999993,0.43000000000000016,2077041.16,4710633.21
2022-02-01,Vietnam,China,3.0,1.0,FIFA World Cup qualification,False,1477.2,1632.8,-55.5,H,2022,,,,,,,,,,,,
2022-02-01,Bolivia,Chile,2.0,3.0,FIFA World Cup qualification,False,1728.7,1851.6,-22.8,A,2022,,,,,,,,,,,,
2022-02-01,Iran,United Arab Emirates,1.0,0.0,FIFA World Cup qualification,False,1939.6,1635.4,404.3,H,2022,26.74,3.7,765789.47,598556.96,,,,,,,,
2022-02-01,Lebanon,Iraq,1.0,1.0,FIFA World Cup qualification,False,1499.9,1668.3,-68.4,D,2022,,,,,26.45,3.77,404032.26,259271.37,,,,
2022-02-01,Suriname,Guyana,2.0,1.0,Friendly,False,1501.7,1349.7,252.0,H,2022,,,,,,,,,,,,
2022-02-01,Syria,South Korea,0.0,2.0,FIFA World Cup qualification,True,1544.6,1893.4,-348.8,A,2022,,,,,26.59,3.62,1641911.76,2112747.73,,,,
2022-02-01,Nicaragua,Belize,1.0,1.0,Friendly,False,1406.1,1313.1,193.0,D,2022,,,,,,,,,,,,
2022-02-01,Nepal,Mauritius,1.0,0.0,Friendly,False,1158.9,1182.4,76.5,H,2022,,,,,,,,,,,,
2022-02-01,Kuwait,Libya,0.0,2.0,Friendly,False,1473.8,1440.4,133.4,A,2022,,,,,,,,,,,,
2022-02-01,Bahrain,DR Congo,1.0,0.0,Friendly,False,1639.6,1618.8,120.8,H,2022,,,,,26.29,2.47,2511206.9,3355185.04,,,,
2022-02-02,El Salvador,Canada,0.0,2.0,FIFA World Cup qualification,False,1665.6,1949.5,-184.0,A,2022,,,,,25.02,4.42,4973717.95,13205320.11,,,,
2022-02-02,Jamaica,Costa Rica,0.0,1.0,FIFA World Cup qualification,False,1680.5,1763.1,17.4,A,2022,,,,,,,,,,,,
2022-02-02,Mexico,Panama,1.0,0.0,FIFA World Cup qualification,False,1941.8,1748.3,293.5,H,2022,26.26,5.49,4012121.21,3425639.3,25.34,4.34,336842.11,575792.84,0.9200000000000017,1.1500000000000004,3675279.1,2849846.46
2022-02-02,Burkina Faso,Senegal,1.0,3.0,African Cup of Nations,True,1691.0,1825.5,-134.5,A,2022,,,,,25.68,3.69,9987179.49,15083956.15,,,,
2022-02-02,United States,Honduras,3.0,0.0,FIFA World Cup qualification,False,1945.6,1557.1,488.5,H,2022,23.72,3.77,8441666.67,10267948.38,,,,,,,,
2022-02-03,Cameroon,Egypt,0.0,0.0,African Cup of Nations,False,1740.3,1787.5,52.8,D,2022,,,,,26.98,3.64,1478205.13,2045940.16,,,,
2022-02-05,Cameroon,Burkina Faso,3.0,3.0,African Cup of Nations,False,1736.6,1667.3,169.2,D,2022,,,,,,,,,,,,
2022-02-06,Senegal,Egypt,0.0,0.0,African Cup of Nations,True,1849.2,1791.3,57.9,D,2022,25.68,3.69,9987179.49,15083956.15,26.98,3.64,1478205.13,2045940.16,-1.3000000000000007,0.04999999999999982,8508974.36,13038015.99
2022-03-17,Cook Islands,Solomon Islands,0.0,2.0,FIFA World Cup qualification,True,1240.4,1504.9,-264.5,A,2022,,,,,,,,,,,,
2022-03-18,Papua New Guinea,New Zealand,0.0,1.0,FIFA World Cup qualification,True,1492.7,1668.7,-176.0,A,2022,,,,,24.72,3.99,548684.21,940638.56,,,,
2022-03-18,New Caledonia,Fiji,1.0,2.0,FIFA World Cup qualification,True,1612.1,1554.8,57.3,A,2022,,,,,,,,,,,,
2022-03-18,Iraq,Zambia,3.0,1.0,Friendly,False,1664.4,1541.5,222.9,H,2022,26.45,3.77,404032.26,259271.37,,,,,,,,
2022-03-19,Mauritius,Seychelles,0.0,0.0,Friendly,False,1174.6,1083.6,191.0,D,2022,,,,,,,,,,,,
2022-03-21,Papua New Guinea,New Caledonia,1.0,0.0,FIFA World Cup qualification,True,1482.0,1588.8,-106.8,H,2022,,,,,,,,,,,,
2022-03-21,New Zealand,Fiji,4.0,0.0,FIFA World Cup qualification,True,1679.4,1578.1,101.3,H,2022,24.72,3.99,548684.21,940638.56,,,,,,,,
2022-03-23,Chad,Gambia,0.0,1.0,African Cup of Nations qualification,True,1295.2,1554.6,-259.4,A,2022,,,,,,,,,,,,
2022-03-23,Djibouti,South Sudan,2.0,4.0,African Cup of Nations qualification,True,1048.0,1251.5,-203.5,A,2022,,,,,,,,,,,,
2022-03-23,Laos,Mongolia,1.0,0.0,Friendly,False,917.1,1090.1,-73.0,H,2022,,,,,,,,,,,,
2022-03-23,Somalia,Eswatini,0.0,3.0,African Cup of Nations qualification,True,1039.6,1325.3,-285.7,A,2022,,,,,,,,,,,,
2022-03-23,Seychelles,Lesotho,0.0,0.0,African Cup of Nations qualification,True,1088.6,1333.1,-244.5,D,2022,,,,,,,,,,,,
2022-03-23,Tanzania,Central African Republic,3.0,1.0,Friendly,False,1436.5,1382.2,154.3,H,2022,,,,,,,,,,,,
2022-03-23,Guinea-Bissau,Equatorial Guinea,3.0,0.0,Friendly,True,1470.9,1589.6,-118.7,H,2022,,,,,,,,,,,,
2022-03-23,Malaysia,Philippines,2.0,0.0,Friendly,True,1332.3,1319.2,13.2,H,2022,,,,,,,,,,,,
2022-03-23,Guadeloupe,Cape Verde,0.0,2.0,Friendly,True,1430.7,1575.8,-145.1,A,2022,,,,,26.48,4.2,762837.84,1299124.21,,,,
2022-03-23,Gibraltar,Grenada,0.0,0.0,Friendly,False,1162.3,1303.6,-41.3,D,2022,,,,,,,,,,,,
2022-03-23,Bahrain,India,2.0,1.0,Friendly,False,1646.3,1379.0,367.2,H,2022,,,,,,,,,,,,
2022-03-23,Mozambique,Niger,1.0,1.0,Friendly,True,1424.7,1369.1,55.6,D,2022,,,,,,,,,,,,
2022-03-24,Italy,North Macedonia,0.0,1.0,FIFA World Cup qualification,False,2083.4,1684.3,499.1,A,2022,,,,,,,,,,,,
2022-03-24,Portugal,Turkey,3.0,1.0,FIFA World Cup qualification,False,2020.8,1774.1,346.7,H,2022,27.78,5.02,32058333.33,24496081.04,25.52,3.8,8481875.0,8472960.65,2.2600000000000016,1.2199999999999998,23576458.33,16023120.389999999
2022-03-24,Sweden,Czech Republic,1.0,0.0,FIFA World Cup qualification,False,1870.4,1878.1,92.3,H,2022,28.03,4.04,4819736.84,8749402.53,27.97,2.83,4161029.41,6969996.6,0.060000000000002274,1.21,658707.4299999997,1779405.9299999997
2022-03-24,Wales,Austria,2.0,1.0,FIFA World Cup qualification,False,1879.2,1773.4,205.8,H,2022,,,,,26.97,3.78,9122857.14,9774605.16,,,,
2022-03-24,Armenia,Montenegro,1.0,0.0,Friendly,False,1556.0,1558.7,97.3,H,2022,,,,,,,,,,,,
2022-03-24,Guatemala,Cuba,1.0,0.0,Friendly,False,1600.3,1387.8,312.5,H,2022,,,,,,,,,,,,
2022-03-24,Hungary,Serbia,0.0,1.0,Friendly,False,1775.4,1897.1,-21.7,A,2022,,,,,,,,,,,,
2022-03-24,Liberia,Benin,0.0,4.0,Friendly,True,1447.5,1552.1,-104.6,A,2022,,,,,,,,,,,,
2022-03-24,Maldives,Bangladesh,2.0,0.0,Friendly,False,1109.9,1072.0,137.9,H,2022,,,,,,,,,,,,
2022-03-24,Scotland,Poland,1.0,1.0,Friendly,False,1774.9,1819.3,55.6,D,2022,27.41,4.35,7902027.03,9569465.76,,,,,,,,
2022-03-24,Thailand,Nepal,2.0,0.0,Friendly,False,1520.8,1166.7,454.1,H,2022,,,,,,,,,,,,
2022-03-24,Togo,Sierra Leone,3.0,0.0,Friendly,True,1448.3,1496.7,-48.4,H,2022,,,,,,,,,,,,
2022-03-24,Estonia,Cyprus,0.0,0.0,UEFA Nations League,False,1487.2,1337.3,249.9,D,2022,,,,,,,,,,,,
2022-03-24,Moldova,Kazakhstan,1.0,2.0,UEFA Nations League,False,1230.7,1396.2,-65.5,A,2022,,,,,,,,,,,,
2022-03-24,Kosovo,Burkina Faso,5.0,0.0,Friendly,False,1534.4,1678.6,-44.2,H,2022,,,,,,,,,,,,
2022-03-24,Uruguay,Peru,1.0,0.0,FIFA World Cup qualification,False,1940.1,1922.2,117.9,H,2022,26.81,4.6,11986111.11,14171061.14,,,,,,,,
2022-03-24,Brazil,Chile,4.0,0.0,FIFA World Cup qualification,False,2201.1,1870.2,430.9,H,2022,26.94,4.36,30242857.14,25369095.77,,,,,,,,
2022-03-24,Colombia,Bolivia,3.0,0.0,FIFA World Cup qualification,False,1936.6,1710.0,326.5,H,2022,27.26,3.51,5315384.62,6685567.63,,,,,,,,
2022-03-24,Mauritius,São Tomé and Príncipe,3.0,0.0,African Cup of Nations qualification,False,1169.6,1218.4,51.1,H,2022,,,,,,,,,,,,
2022-03-24,Jamaica,El Salvador,1.0,1.0,FIFA World Cup qualification,False,1659.5,1650.1,109.4,D,2022,,,,,,,,,,,,
2022-03-24,Mexico,United States,0.0,0.0,FIFA World Cup qualification,False,1948.0,1949.6,98.4,D,2022,26.26,5.49,4012121.21,3425639.3,23.72,3.77,8441666.67,10267948.38,2.5400000000000027,1.7200000000000002,-4429545.46,-6842309.080000001
2022-03-24,Panama,Honduras,1.0,1.0,FIFA World Cup qualification,False,1742.1,1553.1,289.0,D,2022,25.34,4.34,336842.11,575792.84,,,,,,,,
2022-03-24,Costa Rica,Canada,1.0,0.0,FIFA World Cup qualification,False,1784.1,1965.0,-80.9,H,2022,,,,,25.02,4.42,4973717.95,13205320.11,,,,
2022-03-24,Lebanon,Syria,0.0,3.0,FIFA World Cup qualification,False,1503.7,1537.4,66.3,A,2022,,,,,,,,,,,,
2022-03-24,Paraguay,Ecuador,3.0,1.0,FIFA World Cup qualification,False,1769.6,1930.9,-61.4,H,2022,26.11,4.47,2715714.29,2411246.61,24.0,4.76,2385714.29,3242454.35,2.1099999999999994,-0.29000000000000004,330000.0,-831207.7400000002
2022-03-24,Iraq,United Arab Emirates,1.0,0.0,FIFA World Cup qualification,True,1670.9,1631.8,39.1,H,2022,26.45,3.77,404032.26,259271.37,,,,,,,,
2022-03-24,China,Saudi Arabia,1.0,1.0,FIFA World Cup qualification,True,1598.0,1749.3,-151.3,D,2022,,,,,27.46,3.69,870394.74,623520.76,,,,
2022-03-24,Vietnam,Oman,0.0,1.0,FIFA World Cup qualification,False,1512.0,1634.0,-22.0,A,2022,,,,,,,,,,,,
2022-03-24,Australia,Japan,0.0,2.0,FIFA World Cup qualification,False,1835.5,1884.5,51.0,A,2022,26.59,4.55,1270394.74,1507785.23,26.26,4.12,2947435.9,5334153.97,0.3299999999999983,0.4299999999999997,-1677041.16,-3826368.7399999998
2022-03-24,Solomon Islands,Tahiti,3.0,1.0,FIFA World Cup qualification,True,1515.6,1525.2,-9.5,H,2022,,,,,,,,,,,,
2022-03-24,Fiji,Papua New Guinea,1.0,2.0,FIFA World Cup qualification,True,1551.2,1508.0,43.2,A,2022,,,,,,,,,,,,
2022-03-24,New Zealand,New Caledonia,7.0,1.0,FIFA World Cup qualification,True,1706.2,1562.8,143.4,H,2022,24.72,3.99,548684.21,940638.56,,,,,,,,
2022-03-24,South Korea,Iran,2.0,0.0,FIFA World Cup qualification,False,1900.5,1943.2,57.3,H,2022,26.59,3.62,1641911.76,2112747.73,26.74,3.7,765789.47,598556.96,-0.14999999999999858,-0.08000000000000007,876122.29,1514190.77
2022-03-25,Romania,Greece,0.0,1.0,Friendly,False,1731.4,1723.4,108.0,A,2022,,,,,,,,,,,,
2022-03-25,Norway,Slovakia,2.0,0.0,Friendly,False,1757.3,1712.3,145.0,H,2022,26.56,3.32,11991025.64,30782962.05,,,,,,,,
2022-03-25,San Marino,Lithuania,1.0,2.0,Friendly,False,873.4,1368.3,-394.9,A,2022,,,,,,,,,,,,
2022-03-25,South Africa,Guinea,0.0,0.0,Friendly,True,1652.9,1497.3,155.6,D,2022,26.3,3.05,641176.47,544385.86,,,,,,,,
2022-03-25,Luxembourg,Northern Ireland,1.0,3.0,Friendly,False,1449.9,1649.6,-99.7,A,2022,,,,,,,,,,,,
2022-03-25,Trinidad and Tobago,Barbados,9.0,0.0,Friendly,False,1530.1,1263.5,366.6,H,2022,,,,,,,,,,,,
2022-03-25,Uzbekistan,Kyrgyzstan,3.0,1.0,Navruz Cup,False,1638.2,1447.9,290.3,H,2022,24.11,2.95,1047972.97,1952894.41,,,,,,,,
2022-03-25,Alderney,Jersey,1.0,6.0,Muratti Vase,False,1079.5,1752.2,-572.8,A,2022,,,,,,,,,,,,
2022-03-25,Malta,Azerbaijan,1.0,0.0,Friendly,False,1279.4,1369.6,9.7,H,2022,,,,,,,,,,,,
2022-03-25,Tajikistan,Uganda,1.0,1.0,Navruz Cup,True,1416.8,1561.7,-144.8,D,2022,,,,,,,,,,,,
2022-03-25,Latvia,Kuwait,1.0,1.0,Friendly,True,1385.7,1453.3,-67.6,D,2022,,,,,,,,,,,,
2022-03-25,Ghana,Nigeria,0.0,0.0,FIFA World Cup qualification,False,1641.0,1754.1,-13.2,D,2022,24.2,3.51,4960625.0,8007570.42,,,,,,,,
2022-03-25,Congo,Zambia,1.0,3.0,Friendly,True,1430.4,1535.0,-104.5,A,2022,,,,,,,,,,,,
2022-03-25,DR Congo,Morocco,1.0,1.0,FIFA World Cup qualification,False,1612.1,1829.1,-117.0,D,2022,26.29,2.47,2511206.9,3355185.04,25.77,3.85,7743421.05,13301217.65,0.5199999999999996,-1.38,-5232214.15,-9946032.61
2022-03-25,France,Ivory Coast,2.0,1.0,Friendly,False,2153.4,1788.9,464.5,H,2022,26.49,3.91,42277777.78,32929732.52,26.03,4.56,9148571.43,11317637.85,0.4599999999999973,-0.6499999999999995,33129206.35,21612094.67
2022-03-25,Mali,Tunisia,0.0,1.0,FIFA World Cup qualification,False,1744.7,1702.0,142.7,A,2022,,,,,25.26,4.38,1571323.53,2350032.32,,,,
2022-03-25,Argentina,Venezuela,3.0,0.0,FIFA World Cup qualification,False,2178.9,1754.4,524.5,H,2022,26.61,3.95,18885714.29,13120913.36,,,,,,,,
2022-03-25,Egypt,Senegal,1.0,0.0,FIFA World Cup qualification,False,1795.4,1845.0,50.4,H,2022,26.98,3.64,1478205.13,2045940.16,25.68,3.69,9987179.49,15083956.15,1.3000000000000007,-0.04999999999999982,-8508974.36,-13038015.99
2022-03-25,Bosnia and Herzegovina,Georgia,0.0,1.0,Friendly,False,1650.2,1606.0,144.2,A,2022,27.56,3.59,3667647.06,4583568.52,,,,,,,,
2022-03-25,Cape Verde,Liechtenstein,6.0,0.0,Friendly,True,1584.8,1158.0,426.9,H,2022,26.48,4.2,762837.84,1299124.21,,,,,,,,
2022-03-25,Comoros,Ethiopia,2.0,1.0,Friendly,False,1399.3,1460.9,38.4,H,2022,,,,,,,,,,,,
2022-03-25,Cameroon,Algeria,0.0,1.0,FIFA World Cup qualification,False,1725.3,1793.9,31.4,A,2022,,,,,26.82,4.01,5271794.87,8934396.19,,,,
2022-03-25,Andorra,Saint Kitts and Nevis,1.0,0.0,Friendly,False,1108.9,1385.4,-176.5,H,2022,,,,,,,,,,,,
2022-03-26,Libya,Niger,2.0,1.0,Friendly,True,1460.8,1370.6,90.2,H,2022,,,,,,,,,,,,
2022-03-26,Spain,Albania,2.0,1.0,Friendly,False,2084.7,1630.1,554.7,H,2022,24.97,4.48,30045454.55,20030417.64,,,,,,,,
2022-03-26,Singapore,Malaysia,2.0,1.0,Friendly,False,1254.3,1346.7,7.6,H,2022,,,,,,,,,,,,
2022-03-26,Republic of Ireland,Belgium,2.0,2.0,Friendly,False,1735.6,2135.4,-299.7,D,2022,,,,,27.95,4.38,14484210.53,14562452.19,,,,
2022-03-26,Qatar,Bulgaria,2.0,1.0,Friendly,False,1763.9,1572.7,291.2,H,2022,26.74,3.71,461428.57,685105.38,,,,,,,,
2022-03-26,Netherlands,Denmark,4.0,2.0,Friendly,False,1974.1,1985.3,88.7,H,2022,25.22,4.59,17747972.97,17415834.65,,,,,,,,
2022-03-26,Mauritania,Mozambique,2.0,1.0,Friendly,False,1421.0,1423.1,97.9,H,2022,,,,,,,,,,,,
2022-03-26,Gibraltar,Faroe Islands,0.0,0.0,Friendly,False,1163.5,1290.7,-27.2,D,2022,,,,,,,,,,,,
2022-03-26,Finland,Iceland,1.0,1.0,Friendly,True,1769.6,1596.1,173.5,D,2022,,,,,,,,,,,,
2022-03-26,England,Switzerland,2.0,1.0,Friendly,False,2083.9,2001.6,182.2,H,2022,26.61,3.51,43148648.65,30078470.54,27.32,3.71,8772368.42,8979499.29,-0.7100000000000009,-0.20000000000000018,34376280.23,21098971.25
2022-03-26,Croatia,Slovenia,1.0,1.0,Friendly,True,1905.6,1661.5,244.2,D,2022,26.18,4.0,11381818.18,10516983.51,,,,,,,,
2022-03-26,Central African Republic,Sudan,0.0,0.0,Friendly,True,1373.4,1408.3,-34.9,D,2022,,,,,,,,,,,,
2022-03-26,Belarus,India,3.0,0.0,Friendly,True,1491.3,1376.9,114.4,H,2022,,,,,,,,,,,,
2022-03-26,Bahrain,Burundi,1.0,0.0,Friendly,True,1648.4,1431.2,217.2,H,2022,,,,,,,,,,,,
2022-03-26,Angola,Guinea-Bissau,3.0,2.0,Friendly,True,1471.4,1494.2,-22.8,H,2022,,,,,,,,,,,,
2022-03-26,Germany,Israel,2.0,0.0,Friendly,False,2013.8,1672.4,441.5,H,2022,27.31,3.86,26888888.89,22332124.07,,,,,,,,
2022-03-27,Guatemala,Haiti,2.0,1.0,Friendly,True,1603.2,1667.1,-64.0,H,2022,,,,,25.04,4.44,289772.73,222799.73,,,,
2022-03-27,Mauritius,São Tomé and Príncipe,3.0,3.0,African Cup of Nations qualification,False,1199.4,1188.6,110.9,D,2022,,,,,,,,,,,,
2022-03-27,Eswatini,Somalia,2.0,1.0,African Cup of Nations qualification,True,1336.7,1028.3,308.4,H,2022,,,,,,,,,,,,
2022-03-27,Lesotho,Seychelles,3.0,1.0,African Cup of Nations qualification,True,1320.9,1100.7,220.2,H,2022,,,,,,,,,,,,
2022-03-27,South Sudan,Djibouti,1.0,0.0,African Cup of Nations qualification,True,1265.7,1033.8,231.9,H,2022,,,,,,,,,,,,
2022-03-27,Thailand,Suriname,1.0,0.0,Friendly,False,1522.8,1505.5,117.4,H,2022,,,,,,,,,,,,
2022-03-27,Liberia,Sierra Leone,0.0,1.0,Friendly,True,1434.2,1476.8,-42.6,A,2022,,,,,,,,,,,,
2022-03-27,Benin,Zambia,2.0,1.0,Friendly,True,1565.4,1545.6,19.8,H,2022,,,,,,,,,,,,
2022-03-27,Laos,Brunei,3.0,2.0,Friendly,False,929.1,887.8,141.4,H,2022,,,,,,,,,,,,
2022-03-27,Barbados,Guyana,0.0,5.0,Friendly,True,1258.0,1345.9,-87.8,A,2022,,,,,,,,,,,,
2022-03-27,Belize,Cuba,0.0,3.0,Friendly,False,1318.1,1385.0,33.1,A,2022,,,,,,,,,,,,
2022-03-27,Solomon Islands,Papua New Guinea,3.0,2.0,FIFA World Cup qualification,True,1546.5,1530.5,16.0,H,2022,,,,,,,,,,,,
2022-03-27,New Zealand,Tahiti,1.0,0.0,FIFA World Cup qualification,True,1732.1,1494.4,237.8,H,2022,24.72,3.99,548684.21,940638.56,,,,,,,,
2022-03-27,United States,Panama,5.0,1.0,FIFA World Cup qualification,False,1955.1,1728.5,326.7,H,2022,23.72,3.77,8441666.67,10267948.38,25.34,4.34,336842.11,575792.84,-1.620000000000001,-0.5699999999999998,8104824.56,9692155.540000001
2022-03-27,Honduras,Mexico,0.0,1.0,FIFA World Cup qualification,False,1566.8,1942.5,-275.7,A,2022,,,,,26.26,5.49,4012121.21,3425639.3,,,,
2022-03-27,Canada,Jamaica,4.0,0.0,FIFA World Cup qualification,False,1940.4,1653.4,387.0,H,2022,25.02,4.42,4973717.95,13205320.11,,,,,,,,
2022-03-27,El Salvador,Costa Rica,1.0,2.0,FIFA World Cup qualification,False,1656.2,1808.7,-52.5,A,2022,,,,,,,,,,,,
2022-03-28,Montenegro,Greece,1.0,0.0,Friendly,False,1551.4,1736.5,-85.0,H,2022,,,,,,,,,,,,
2022-03-28,Vanuatu,Fiji,1.0,2.0,Friendly,True,1531.6,1528.7,2.8,A,2022,,,,,,,,,,,,
2022-03-28,Andorra,Grenada,1.0,0.0,Friendly,False,1123.6,1302.4,-78.8,H,2022,,,,,,,,,,,,
2022-03-28,Cape Verde,San Marino,2.0,0.0,Friendly,True,1588.2,871.5,716.7,H,2022,26.48,4.2,762837.84,1299124.21,,,,,,,,
2022-03-29,Norway,Armenia,9.0,0.0,Friendly,False,1766.4,1563.3,303.1,H,2022,26.56,3.32,11991025.64,30782962.05,,,,,,,,
2022-03-29,Faroe Islands,Liechtenstein,1.0,0.0,Friendly,True,1289.9,1154.6,135.3,H,2022,,,,,,,,,,,,
2022-03-29,Finland,Slovakia,0.0,2.0,Friendly,True,1765.0,1703.2,61.8,A,2022,,,,,,,,,,,,
2022-03-29,France,South Africa,5.0,0.0,Friendly,False,2154.7,1648.7,606.0,H,2022,26.49,3.91,42277777.78,32929732.52,26.3,3.05,641176.47,544385.86,0.18999999999999773,0.8600000000000003,41636601.31,32385346.66
2022-03-29,Israel,Romania,2.0,2.0,Friendly,False,1670.2,1718.4,51.8,D,2022,,,,,,,,,,,,
2022-03-29,Liberia,Burundi,1.0,2.0,Friendly,True,1425.4,1426.8,-1.4,A,2022,,,,,,,,,,,,
2022-03-29,Malta,Kuwait,2.0,0.0,Friendly,False,1289.1,1451.4,-62.3,H,2022,,,,,,,,,,,,
2022-03-29,Mauritania,Libya,2.0,0.0,Friendly,False,1428.3,1468.3,60.0,H,2022,,,,,,,,,,,,
2022-03-29,England,Ivory Coast,3.0,0.0,Friendly,False,2089.1,1787.6,401.5,H,2022,26.61,3.51,43148648.65,30078470.54,26.03,4.56,9148571.43,11317637.85,0.5799999999999983,-1.0499999999999998,34000077.22,18760832.689999998
2022-03-29,Netherlands,Germany,1.0,1.0,Friendly,False,1985.3,2016.0,69.3,D,2022,25.22,4.59,17747972.97,17415834.65,27.31,3.86,26888888.89,22332124.07,-2.09,0.73,-9140915.920000002,-4916289.420000002
2022-03-29,Northern Ireland,Hungary,0.0,1.0,Friendly,False,1660.4,1766.0,-5.6,A,2022,,,,,,,,,,,,
2022-03-29,Qatar,Slovenia,0.0,0.0,Friendly,False,1767.0,1667.5,199.5,D,2022,26.74,3.71,461428.57,685105.38,,,,,,,,
2022-03-29,Togo,Benin,1.0,1.0,Friendly,True,1468.3,1574.8,-106.5,D,2022,,,,,,,,,,,,
2022-03-29,Singapore,Philippines,2.0,0.0,Friendly,False,1264.1,1304.7,59.4,H,2022,,,,,,,,,,,,
2022-03-29,Spain,Iceland,5.0,0.0,Friendly,False,2085.5,1600.7,584.8,H,2022,24.97,4.48,30045454.55,20030417.64,,,,,,,,
2022-03-29,Switzerland,Kosovo,1.0,1.0,Friendly,False,1996.4,1556.9,539.5,D,2022,27.32,3.71,8772368.42,8979499.29,,,,,,,,
2022-03-29,Tanzania,Sudan,1.0,1.0,Friendly,False,1445.2,1407.3,137.9,D,2022,,,,,,,,,,,,
2022-03-29,Trinidad and Tobago,Guyana,1.0,1.0,Friendly,False,1535.5,1360.9,274.6,D,2022,,,,,,,,,,,,
2022-03-29,Turkey,Italy,2.0,3.0,Friendly,False,1766.9,2045.6,-178.6,A,2022,25.52,3.8,8481875.0,8472960.65,,,,,,,,
2022-03-29,Wales,Czech Republic,1.0,1.0,Friendly,False,1888.6,1863.3,125.2,D,2022,,,,,27.97,2.83,4161029.41,6969996.6,,,,
2022-03-29,Tajikistan,Kyrgyzstan,1.0,0.0,Navruz Cup,True,1422.7,1440.8,-18.0,H,2022,,,,,,,,,,,,
2022-03-29,Uzbekistan,Uganda,4.0,2.0,Navruz Cup,False,1645.3,1555.8,189.6,H,2022,24.11,2.95,1047972.97,1952894.41,,,,,,,,
2022-03-29,Cyprus,Estonia,2.0,0.0,UEFA Nations League,False,1349.7,1474.9,-25.2,H,2022,,,,,,,,,,,,
2022-03-29,Kazakhstan,Moldova,0.0,1.0,UEFA Nations League,False,1412.4,1214.4,298.0,A,2022,,,,,,,,,,,,
2022-03-29,Denmark,Serbia,3.0,0.0,Friendly,False,1974.1,1906.5,167.6,H,2022,,,,,,,,,,,,
2022-03-29,Gambia,Chad,2.0,2.0,African Cup of Nations qualification,True,1561.9,1287.8,274.1,D,2022,,,,,,,,,,,,
2022-03-29,Croatia,Bulgaria,2.0,1.0,Friendly,True,1899.6,1569.5,330.0,H,2022,26.18,4.0,11381818.18,10516983.51,,,,,,,,
2022-03-29,Republic of Ireland,Lithuania,1.0,0.0,Friendly,False,1742.6,1370.2,472.4,H,2022,,,,,,,,,,,,
2022-03-29,Bosnia and Herzegovina,Luxembourg,1.0,0.0,Friendly,False,1636.3,1439.1,297.2,H,2022,27.56,3.59,3667647.06,4583568.52,,,,,,,,
2022-03-29,Morocco,DR Congo,4.0,1.0,FIFA World Cup qualification,False,1822.6,1618.6,304.0,H,2022,25.77,3.85,7743421.05,13301217.65,26.29,2.47,2511206.9,3355185.04,-0.5199999999999996,1.38,5232214.15,9946032.61
2022-03-29,Nigeria,Ghana,1.0,1.0,FIFA World Cup qualification,False,1753.4,1641.7,211.7,D,2022,,,,,24.2,3.51,4960625.0,8007570.42,,,,
2022-03-29,Senegal,Egypt,1.0,0.0,FIFA World Cup qualification,False,1827.9,1812.5,115.4,H,2022,25.68,3.69,9987179.49,15083956.15,26.98,3.64,1478205.13,2045940.16,-1.3000000000000007,0.04999999999999982,8508974.36,13038015.99
2022-03-29,Tunisia,Mali,0.0,0.0,FIFA World Cup qualification,False,1729.8,1716.9,112.9,D,2022,25.26,4.38,1571323.53,2350032.32,,,,,,,,
2022-03-29,Iran,Lebanon,2.0,0.0,FIFA World Cup qualification,False,1918.1,1462.1,555.9,H,2022,26.74,3.7,765789.47,598556.96,,,,,,,,
2022-03-29,Syria,Iraq,1.0,1.0,FIFA World Cup qualification,True,1579.0,1688.6,-109.6,D,2022,,,,,26.45,3.77,404032.26,259271.37,,,,
2022-03-29,United Arab Emirates,South Korea,1.0,0.0,FIFA World Cup qualification,False,1614.0,1925.6,-211.6,H,2022,,,,,26.59,3.62,1641911.76,2112747.73,,,,
2022-03-29,Japan,Vietnam,1.0,1.0,FIFA World Cup qualification,False,1918.9,1493.3,525.6,D,2022,26.26,4.12,2947435.9,5334153.97,,,,,,,,
2022-03-29,Oman,China,2.0,0.0,FIFA World Cup qualification,False,1652.7,1606.2,146.5,H,2022,,,,,,,,,,,,
2022-03-29,Saudi Arabia,Australia,1.0,0.0,FIFA World Cup qualification,False,1741.1,1801.1,40.0,H,2022,27.46,3.69,870394.74,623520.76,26.59,4.55,1270394.74,1507785.23,0.870000000000001,-0.8599999999999999,-400000.0,-884264.47
2022-03-29,Ecuador,Argentina,1.0,1.0,FIFA World Cup qualification,False,1895.7,2182.2,-186.5,D,2022,24.0,4.76,2385714.29,3242454.35,26.61,3.95,18885714.29,13120913.36,-2.6099999999999994,0.8099999999999996,-16500000.0,-9878459.01
2022-03-29,Peru,Paraguay,2.0,0.0,FIFA World Cup qualification,False,1908.7,1804.8,203.9,H,2022,,,,,26.11,4.47,2715714.29,2411246.61,,,,
2022-03-29,Algeria,Cameroon,1.0,2.0,FIFA World Cup qualification,False,1815.7,1703.5,212.2,A,2022,26.82,4.01,5271794.87,8934396.19,,,,,,,,
2022-03-29,Venezuela,Colombia,0.0,1.0,FIFA World Cup qualification,False,1751.2,1945.9,-94.7,A,2022,,,,,27.26,3.51,5315384.62,6685567.63,,,,
2022-03-29,Bolivia,Brazil,0.0,4.0,FIFA World Cup qualification,False,1700.8,2206.9,-406.2,A,2022,,,,,26.94,4.36,30242857.14,25369095.77,,,,
2022-03-29,Belgium,Burkina Faso,3.0,0.0,Friendly,False,2128.4,1656.1,572.3,H,2022,27.95,4.38,14484210.53,14562452.19,,,,,,,,
2022-03-29,Bangladesh,Mongolia,0.0,0.0,Friendly,False,1062.6,1078.0,84.6,D,2022,,,,,,,,,,,,
2022-03-29,Bahrain,Belarus,0.0,1.0,Friendly,False,1652.9,1503.3,249.6,A,2022,,,,,,,,,,,,
2022-03-29,Azerbaijan,Latvia,0.0,1.0,Friendly,True,1359.9,1387.6,-27.7,A,2022,,,,,,,,,,,,
2022-03-29,Congo,Sierra Leone,1.0,2.0,Friendly,True,1419.8,1485.6,-65.8,A,2022,,,,,,,,,,,,
2022-03-29,Angola,Equatorial Guinea,0.0,0.0,Friendly,True,1482.0,1566.4,-84.3,D,2022,,,,,,,,,,,,
2022-03-29,Albania,Georgia,0.0,0.0,Friendly,False,1629.3,1619.9,109.4,D,2022,,,,,,,,,,,,
2022-03-29,Portugal,North Macedonia,2.0,0.0,FIFA World Cup qualification,False,2028.0,1722.1,405.9,H,2022,27.78,5.02,32058333.33,24496081.04,,,,,,,,
2022-03-29,Poland,Sweden,2.0,0.0,FIFA World Cup qualification,False,1820.9,1885.2,35.7,H,2022,,,,,28.03,4.04,4819736.84,8749402.53,,,,
2022-03-29,Austria,Scotland,2.0,2.0,Friendly,False,1764.0,1773.3,90.7,D,2022,26.97,3.78,9122857.14,9774605.16,27.41,4.35,7902027.03,9569465.76,-0.4400000000000013,-0.5699999999999998,1220830.1100000003,205139.40000000037
2022-03-29,Chile,Uruguay,0.0,2.0,FIFA World Cup qualification,False,1864.5,1953.5,10.9,A,2022,,,,,26.81,4.6,11986111.11,14171061.14,,,,
2022-03-30,Mexico,El Salvador,2.0,0.0,FIFA World Cup qualification,False,1949.3,1639.2,410.1,H,2022,26.26,5.49,4012121.21,3425639.3,,,,,,,,
2022-03-30,Costa Rica,United States,2.0,0.0,FIFA World Cup qualification,False,1825.7,1965.0,-39.3,H,2022,,,,,23.72,3.77,8441666.67,10267948.38,,,,
2022-03-30,Panama,Canada,1.0,0.0,FIFA World Cup qualification,False,1718.5,1947.7,-129.2,H,2022,25.34,4.34,336842.11,575792.84,25.02,4.42,4973717.95,13205320.11,0.3200000000000003,-0.08000000000000007,-4636875.84,-12629527.27
2022-03-30,Jamaica,Honduras,2.0,1.0,FIFA World Cup qualification,False,1646.1,1560.0,186.2,H,2022,,,,,,,,,,,,
2022-03-30,Solomon Islands,New Zealand,0.0,5.0,FIFA World Cup qualification,True,1565.5,1740.2,-174.7,A,2022,,,,,24.72,3.99,548684.21,940638.56,,,,
2022-04-22,Elba Island,Vatican City,4.0,2.0,Friendly,False,1500.0,1416.0,184.0,H,2022,,,,,,,,,,,,
2022-04-23,Alderney,Guernsey,0.0,2.0,Muratti Vase,False,1077.3,1786.9,-609.6,A,2022,,,,,,,,,,,,
2022-04-24,El Salvador,Guatemala,0.0,4.0,Friendly,True,1634.0,1615.0,19.1,A,2022,,,,,,,,,,,,
2022-04-27,Mexico,Guatemala,0.0,0.0,Friendly,True,1954.5,1634.8,319.7,D,2022,26.26,5.49,4012121.21,3425639.3,,,,,,,,
2022-05-12,Dominica,Saint Vincent and the Grenadines,2.0,1.0,Friendly,False,1222.2,1301.6,20.6,H,2022,,,,,,,,,,,,
2022-05-12,Bahamas,Turks and Caicos Islands,4.0,2.0,Friendly,False,1160.8,1122.9,137.9,H,2022,,,,,,,,,,,,
2022-05-13,Guernsey,Jersey,1.0,2.0,Muratti Vase,False,1788.2,1754.4,133.8,A,2022,,,,,,,,,,,,
2022-05-14,Bahamas,Turks and Caicos Islands,1.0,2.0,Friendly,False,1170.1,1113.5,156.6,A,2022,,,,,,,,,,,,
2022-05-15,Dominica,Saint Vincent and the Grenadines,3.0,1.0,Friendly,False,1231.6,1292.2,39.4,H,2022,,,,,,,,,,,,
2022-05-21,Yoruba Nation,Matabeleland,1.0,1.0,CONIFA Africa Football Cup,True,1500.0,1485.4,14.6,D,2022,,,,,,,,,,,,
2022-05-21,Jersey,Guernsey,1.0,0.0,Muratti Vase,False,1774.9,1767.7,107.2,H,2022,,,,,,,,,,,,
2022-05-22,Biafra,Matabeleland,0.0,1.0,CONIFA Africa Football Cup,True,1500.0,1486.0,14.0,A,2022,,,,,,,,,,,,
2022-05-23,Yoruba Nation,Biafra,0.0,1.0,CONIFA Africa Football Cup,True,1499.4,1484.4,15.0,A,2022,,,,,,,,,,,,
2022-05-24,Mozambique,Eswatini,0.0,1.0,Friendly,False,1415.9,1342.5,173.4,A,2022,,,,,,,,,,,,
2022-05-24,Thailand,Bahrain,3.0,1.0,Friendly,False,1529.6,1636.7,-7.2,H,2022,,,,,,,,,,,,
2022-05-25,Biafra,Matabeleland,1.0,0.0,CONIFA Africa Football Cup,True,1500.0,1501.6,-1.6,H,2022,,,,,,,,,,,,
2022-05-27,Bahrain,Myanmar,2.0,0.0,Friendly,True,1621.4,1154.7,466.7,H,2022,,,,,,,,,,,,
2022-05-27,Malaysia,Brunei,4.0,0.0,Friendly,False,1337.0,881.6,555.3,H,2022,,,,,,,,,,,,
2022-05-27,Thailand,Turkmenistan,1.0,0.0,Friendly,False,1544.9,1433.2,211.7,H,2022,,,,,,,,,,,,
2022-05-28,Mexico,Nigeria,2.0,1.0,Friendly,True,1947.2,1742.5,204.7,H,2022,26.26,5.49,4012121.21,3425639.3,,,,,,,,
2022-05-28,Ethiopia,Lesotho,1.0,1.0,Friendly,False,1452.0,1334.1,217.8,D,2022,,,,,,,,,,,,
2022-05-28,India,Jordan,0.0,2.0,Friendly,True,1365.0,1652.5,-287.5,A,2022,,,,,26.67,4.1,280441.18,215261.02,,,,
2022-05-29,United Arab Emirates,Gambia,1.0,1.0,Friendly,False,1644.9,1548.7,196.2,D,2022,,,,,,,,,,,,
2022-05-30,Ethiopia,Lesotho,1.0,1.0,Friendly,False,1446.4,1339.7,206.7,D,2022,,,,,,,,,,,,
2022-05-30,Trinidad and Tobago,Saint Lucia,1.0,0.0,Friendly,False,1528.9,1293.4,335.5,H,2022,,,,,,,,,,,,
2022-05-31,Thailand,Bahrain,1.0,2.0,Friendly,False,1549.4,1623.3,26.1,A,2022,,,,,,,,,,,,
2022-06-01,Malaysia,Hong Kong,2.0,0.0,Friendly,False,1338.4,1319.0,119.5,H,2022,,,,,,,,,,,,
2022-06-01,Vietnam,Afghanistan,2.0,0.0,Friendly,False,1511.4,1315.1,296.3,H,2022,,,,,,,,,,,,
2022-06-01,United States,Morocco,3.0,0.0,Friendly,False,1931.7,1833.0,198.7,H,2022,23.72,3.77,8441666.67,10267948.38,25.77,3.85,7743421.05,13301217.65,-2.0500000000000007,-0.08000000000000007,698245.6200000001,-3033269.2699999996
2022-06-01,Syria,Tajikistan,1.0,0.0,Friendly,True,1585.2,1438.5,146.6,H,2022,,,,,,,,,,,,
2022-06-01,Kuwait,Singapore,2.0,0.0,Friendly,True,1433.7,1276.6,157.1,H,2022,,,,,,,,,,,,
2022-06-01,Malta,Venezuela,0.0,1.0,Friendly,False,1306.7,1736.5,-329.8,A,2022,,,,,,,,,,,,
2022-06-01,Indonesia,Bangladesh,0.0,0.0,Friendly,False,1363.8,1060.2,403.6,D,2022,,,,,,,,,,,,
2022-06-01,Australia,Jordan,2.0,1.0,Friendly,True,1783.4,1657.3,126.2,H,2022,26.59,4.55,1270394.74,1507785.23,26.67,4.1,280441.18,215261.02,-0.08000000000000185,0.4500000000000002,989953.56,1292524.21
2022-06-01,Libya,Botswana,1.0,0.0,African Cup of Nations qualification,False,1455.9,1404.3,151.6,H,2022,,,,,,,,,,,,
2022-06-01,Ghana,Madagascar,3.0,0.0,African Cup of Nations qualification,False,1652.6,1435.4,317.2,H,2022,24.2,3.51,4960625.0,8007570.42,,,,,,,,
2022-06-01,Angola,Central African Republic,2.0,1.0,African Cup of Nations qualification,False,1484.4,1374.4,210.0,H,2022,,,,,,,,,,,,
2022-06-01,Scotland,Ukraine,1.0,3.0,FIFA World Cup qualification,False,1775.9,1853.6,22.3,A,2022,27.41,4.35,7902027.03,9569465.76,,,,,,,,
2022-06-01,Italy,Argentina,0.0,3.0,CONMEBOL–UEFA Cup of Champions,True,2050.8,2172.4,-121.5,A,2022,,,,,26.61,3.95,18885714.29,13120913.36,,,,
2022-06-01,Poland,Wales,2.0,1.0,UEFA Nations League,False,1847.8,1885.1,62.7,H,2022,,,,,,,,,,,,
2022-06-02,Cyprus,Kosovo,0.0,2.0,UEFA Nations League,False,1381.8,1566.1,-84.2,A,2022,,,,,,,,,,,,
2022-06-02,Georgia,Gibraltar,4.0,0.0,UEFA Nations League,False,1623.0,1164.3,558.7,H,2022,,,,,,,,,,,,
2022-06-02,Bulgaria,North Macedonia,1.0,1.0,UEFA Nations League,False,1566.9,1716.8,-49.9,D,2022,,,,,,,,,,,,
2022-06-02,Estonia,San Marino,2.0,0.0,UEFA Nations League,False,1442.7,871.1,671.7,H,2022,,,,,,,,,,,,
2022-06-02,French Guiana,Guatemala,2.0,0.0,CONCACAF Nations League,False,1503.0,1642.0,-39.0,H,2022,,,,,,,,,,,,
2022-06-02,Ecuador,Nigeria,1.0,0.0,Friendly,True,1905.5,1737.8,167.7,H,2022,24.0,4.76,2385714.29,3242454.35,,,,,,,,
2022-06-02,Japan,Paraguay,4.0,1.0,Friendly,False,1900.7,1790.7,210.1,H,2022,26.26,4.12,2947435.9,5334153.97,26.11,4.47,2715714.29,2411246.61,0.15000000000000213,-0.34999999999999964,231721.60999999987,2922907.36
2022-06-02,South Korea,Brazil,1.0,5.0,Friendly,False,1894.7,2213.5,-218.8,A,2022,26.59,3.62,1641911.76,2112747.73,26.94,4.36,30242857.14,25369095.77,-0.3500000000000014,-0.7400000000000002,-28600945.38,-23256348.04
2022-06-02,Mexico,Uruguay,0.0,3.0,Friendly,True,1951.9,1984.5,-32.6,A,2022,26.26,5.49,4012121.21,3425639.3,26.81,4.6,11986111.11,14171061.14,-0.5499999999999972,0.8900000000000006,-7973989.899999999,-10745421.84
2022-06-02,Northern Ireland,Greece,0.0,1.0,UEFA Nations League,False,1650.6,1724.1,26.5,A,2022,,,,,,,,,,,,
2022-06-02,Cambodia,Timor-Leste,2.0,1.0,Friendly,False,1076.1,843.4,332.7,H,2022,,,,,,,,,,,,
2022-06-02,Slovenia,Sweden,0.0,2.0,UEFA Nations League,False,1672.7,1858.3,-85.6,A,2022,,,,,28.03,4.04,4819736.84,8749402.53,,,,
2022-06-02,Barbados,Antigua and Barbuda,0.0,1.0,CONCACAF Nations League,True,1243.0,1372.5,-129.5,A,2022,,,,,,,,,,,,
2022-06-02,Israel,Iceland,2.0,2.0,UEFA Nations League,False,1668.7,1599.4,169.3,D,2022,,,,,,,,,,,,
2022-06-02,Spain,Portugal,1.0,1.0,UEFA Nations League,False,2086.9,2033.3,153.6,D,2022,24.97,4.48,30045454.55,20030417.64,27.78,5.02,32058333.33,24496081.04,-2.8100000000000023,-0.5399999999999991,-2012878.7799999975,-4465663.3999999985
2022-06-02,Czech Republic,Switzerland,2.0,1.0,UEFA Nations League,False,1866.8,1987.3,-20.5,H,2022,27.97,2.83,4161029.41,6969996.6,27.32,3.71,8772368.42,8979499.29,0.6499999999999986,-0.8799999999999999,-4611339.01,-2009502.6899999995
2022-06-02,Anguilla,Dominica,0.0,0.0,CONCACAF Nations League,False,896.4,1244.9,-248.5,D,2022,,,,,,,,,,,,
2022-06-02,Belize,Dominican Republic,0.0,2.0,CONCACAF Nations League,False,1298.9,1369.1,29.9,A,2022,,,,,,,,,,,,
2022-06-02,Guadeloupe,Cuba,2.0,1.0,CONCACAF Nations League,False,1421.6,1404.1,117.4,H,2022,,,,,,,,,,,,
2022-06-02,Panama,Costa Rica,2.0,0.0,CONCACAF Nations League,False,1745.6,1859.1,-13.4,H,2022,25.34,4.34,336842.11,575792.84,,,,,,,,
2022-06-02,Mozambique,Rwanda,1.0,1.0,African Cup of Nations qualification,True,1401.2,1402.3,-1.1,D,2022,,,,,,,,,,,,
2022-06-02,Tunisia,Equatorial Guinea,4.0,0.0,African Cup of Nations qualification,False,1723.5,1564.0,259.5,H,2022,25.26,4.38,1571323.53,2350032.32,,,,,,,,
2022-06-02,Serbia,Norway,0.0,1.0,UEFA Nations League,False,1896.8,1773.8,223.0,A,2022,,,,,26.56,3.32,11991025.64,30782962.05,,,,
2022-06-03,France,Denmark,1.0,2.0,UEFA Nations League,False,2155.9,1983.7,272.2,A,2022,26.49,3.91,42277777.78,32929732.52,,,,,,,,
2022-06-03,Croatia,Austria,0.0,3.0,UEFA Nations League,False,1902.2,1761.4,240.7,A,2022,26.18,4.0,11381818.18,10516983.51,26.97,3.78,9122857.14,9774605.16,-0.7899999999999991,0.2200000000000002,2258961.039999999,742378.3499999996
2022-06-03,Belgium,Netherlands,1.0,4.0,UEFA Nations League,False,2129.6,1983.3,246.3,A,2022,27.95,4.38,14484210.53,14562452.19,25.22,4.59,17747972.97,17415834.65,2.7300000000000004,-0.20999999999999996,-3263762.4399999995,-2853382.459999999
2022-06-03,British Virgin Islands,Cayman Islands,1.0,1.0,CONCACAF Nations League,False,908.2,1133.2,-125.0,D,2022,,,,,,,,,,,,
2022-06-03,Belarus,Slovakia,0.0,1.0,UEFA Nations League,True,1519.4,1720.8,-201.4,A,2022,,,,,,,,,,,,
2022-06-03,Liechtenstein,Moldova,0.0,2.0,UEFA Nations League,False,1148.3,1248.3,0.0,A,2022,,,,,,,,,,,,
2022-06-03,Latvia,Andorra,3.0,0.0,UEFA Nations League,False,1396.8,1135.8,361.0,H,2022,,,,,,,,,,,,
2022-06-03,Nepal,Oman,0.0,2.0,Friendly,True,1164.7,1670.8,-506.1,A,2022,,,,,,,,,,,,
2022-06-03,Saint Martin,Aruba,0.0,0.0,CONCACAF Nations League,True,1154.2,1169.7,-15.5,D,2022,,,,,,,,,,,,
2022-06-03,Kazakhstan,Azerbaijan,2.0,0.0,UEFA Nations League,False,1378.5,1350.7,127.8,H,2022,,,,,,,,,,,,
2022-06-03,Sint Maarten,United States Virgin Islands,1.0,1.0,CONCACAF Nations League,True,1186.2,971.6,214.6,D,2022,,,,,,,,,,,,
2022-06-03,Nicaragua,Trinidad and Tobago,2.0,1.0,CONCACAF Nations League,False,1401.0,1531.4,-30.4,H,2022,,,,,,,,,,,,
2022-06-03,Bahamas,Saint Vincent and the Grenadines,1.0,0.0,CONCACAF Nations League,False,1155.9,1278.8,-22.9,H,2022,,,,,,,,,,,,
2022-06-03,Curaçao,Honduras,0.0,1.0,CONCACAF Nations League,False,1547.3,1549.8,97.5,A,2022,27.39,5.02,557142.86,1019895.62,,,,,,,,
2022-06-03,Ivory Coast,Zambia,3.0,1.0,African Cup of Nations qualification,False,1784.4,1536.1,348.3,H,2022,26.03,4.56,9148571.43,11317637.85,,,,,,,,
2022-06-03,Comoros,Lesotho,2.0,0.0,African Cup of Nations qualification,False,1408.2,1345.0,163.2,H,2022,,,,,,,,,,,,
2022-06-03,Burkina Faso,Cape Verde,2.0,0.0,African Cup of Nations qualification,True,1654.8,1588.7,66.2,H,2022,,,,,26.48,4.2,762837.84,1299124.21,,,,
2022-06-03,Togo,Eswatini,2.0,2.0,African Cup of Nations qualification,False,1471.2,1357.1,214.2,D,2022,,,,,,,,,,,,
2022-06-03,Turks and Caicos Islands,Bonaire,1.0,4.0,CONCACAF Nations League,False,1127.8,1253.7,-25.9,A,2022,,,,,,,,,,,,
2022-06-04,Hungary,England,1.0,0.0,UEFA Nations League,False,1775.8,2092.2,-216.4,H,2022,,,,,26.61,3.51,43148648.65,30078470.54,,,,
2022-06-04,Italy,Germany,1.0,1.0,UEFA Nations League,False,2033.4,2018.0,115.4,D,2022,,,,,27.31,3.86,26888888.89,22332124.07,,,,
2022-06-04,Armenia,Republic of Ireland,1.0,0.0,UEFA Nations League,False,1555.8,1743.9,-88.0,H,2022,,,,,,,,,,,,
2022-06-04,Montserrat,Guyana,1.0,2.0,CONCACAF Nations League,True,1291.0,1367.5,-76.5,A,2022,,,,,,,,,,,,
2022-06-04,Montenegro,Romania,2.0,0.0,UEFA Nations League,False,1563.8,1719.9,-56.1,H,2022,,,,,,,,,,,,
2022-06-04,Lithuania,Luxembourg,0.0,2.0,UEFA Nations League,False,1369.0,1436.0,32.9,A,2022,,,,,,,,,,,,
2022-06-04,Turkey,Faroe Islands,4.0,0.0,UEFA Nations League,False,1761.7,1296.2,565.4,H,2022,25.52,3.8,8481875.0,8472960.65,,,,,,,,
2022-06-04,Finland,Bosnia and Herzegovina,1.0,1.0,UEFA Nations League,False,1747.4,1639.3,208.0,D,2022,,,,,27.56,3.59,3667647.06,4583568.52,,,,
2022-06-04,Bermuda,Haiti,0.0,0.0,CONCACAF Nations League,False,1461.0,1655.3,-94.3,D,2022,,,,,25.04,4.44,289772.73,222799.73,,,,
2022-06-04,Niger,Tanzania,1.0,1.0,African Cup of Nations qualification,True,1363.2,1441.4,-78.2,D,2022,,,,,,,,,,,,
2022-06-04,Suriname,Jamaica,1.0,1.0,CONCACAF Nations League,False,1498.7,1656.3,-57.6,D,2022,,,,,,,,,,,,
2022-06-04,Namibia,Burundi,1.0,1.0,African Cup of Nations qualification,True,1486.8,1436.7,50.1,D,2022,,,,,,,,,,,,
2022-06-04,Algeria,Uganda,2.0,0.0,African Cup of Nations qualification,False,1784.8,1544.4,340.3,H,2022,26.82,4.01,5271794.87,8934396.19,,,,,,,,
2022-06-04,Gambia,South Sudan,1.0,0.0,African Cup of Nations qualification,True,1553.8,1274.1,279.8,H,2022,,,,,,,,,,,,
2022-06-04,El Salvador,Grenada,3.0,1.0,CONCACAF Nations League,False,1614.3,1290.2,424.1,H,2022,,,,,,,,,,,,
2022-06-04,Mauritania,Sudan,3.0,0.0,African Cup of Nations qualification,False,1440.7,1411.1,129.6,H,2022,,,,,,,,,,,,
2022-06-04,DR Congo,Gabon,0.0,1.0,African Cup of Nations qualification,False,1608.3,1560.5,147.8,A,2022,26.29,2.47,2511206.9,3355185.04,,,,,,,,
2022-06-04,Mali,Congo,4.0,0.0,African Cup of Nations qualification,False,1723.2,1411.7,411.5,H,2022,,,,,,,,,,,,
2022-06-04,Senegal,Benin,3.0,1.0,African Cup of Nations qualification,False,1841.5,1571.8,369.7,H,2022,25.68,3.69,9987179.49,15083956.15,,,,,,,,
2022-06-05,United States,Uruguay,0.0,0.0,Friendly,False,1940.1,2000.3,39.8,D,2022,23.72,3.77,8441666.67,10267948.38,26.81,4.6,11986111.11,14171061.14,-3.09,-0.8299999999999996,-3544444.4399999995,-3903112.76
2022-06-05,Saudi Arabia,Colombia,0.0,1.0,Friendly,True,1758.8,1960.5,-201.7,A,2022,27.46,3.69,870394.74,623520.76,27.26,3.51,5315384.62,6685567.63,0.1999999999999993,0.18000000000000016,-4444989.88,-6062046.87
2022-06-05,Peru,New Zealand,1.0,0.0,Friendly,True,1922.9,1761.7,161.2,H,2022,,,,,24.72,3.99,548684.21,940638.56,,,,
2022-06-05,Argentina,Estonia,5.0,0.0,Friendly,True,2189.8,1444.0,745.8,H,2022,26.61,3.95,18885714.29,13120913.36,,,,,,,,
2022-06-05,San Marino,Malta,0.0,2.0,UEFA Nations League,False,869.8,1304.1,-334.3,A,2022,,,,,,,,,,,,
2022-06-05,Bulgaria,Georgia,2.0,5.0,UEFA Nations League,False,1569.8,1625.9,43.9,A,2022,,,,,,,,,,,,
2022-06-05,Gibraltar,North Macedonia,0.0,2.0,UEFA Nations League,False,1161.4,1714.0,-452.6,A,2022,,,,,,,,,,,,
2022-06-05,Kosovo,Greece,0.0,1.0,UEFA Nations League,False,1588.9,1745.6,-56.6,A,2022,,,,,,,,,,,,
2022-06-05,Cyprus,Northern Ireland,0.0,0.0,UEFA Nations League,False,1359.0,1629.1,-170.1,D,2022,,,,,,,,,,,,
2022-06-05,Sweden,Norway,1.0,2.0,UEFA Nations League,False,1881.0,1805.1,175.9,A,2022,28.03,4.04,4819736.84,8749402.53,26.56,3.32,11991025.64,30782962.05,1.4700000000000024,0.7200000000000002,-7171288.800000001,-22033559.520000003
2022-06-05,Serbia,Slovenia,4.0,1.0,UEFA Nations League,False,1865.5,1649.9,315.5,H,2022,,,,,,,,,,,,
2022-06-05,Czech Republic,Spain,2.0,2.0,UEFA Nations League,False,1888.0,2078.6,-90.6,D,2022,27.97,2.83,4161029.41,6969996.6,24.97,4.48,30045454.55,20030417.64,3.0,-1.6500000000000004,-25884425.14,-13060421.040000001
2022-06-05,Mexico,Ecuador,0.0,0.0,Friendly,True,1936.0,1911.0,25.0,D,2022,26.26,5.49,4012121.21,3425639.3,24.0,4.76,2385714.29,3242454.35,2.2600000000000016,0.7300000000000004,1626406.92,183184.94999999972
2022-06-05,Dominica,Anguilla,1.0,1.0,CONCACAF Nations League,True,1232.6,908.7,323.9,D,2022,,,,,,,,,,,,
2022-06-05,Portugal,Switzerland,4.0,0.0,UEFA Nations League,False,2041.6,1966.1,175.5,H,2022,27.78,5.02,32058333.33,24496081.04,27.32,3.71,8772368.42,8979499.29,0.46000000000000085,1.3099999999999996,23285964.909999996,15516581.75
2022-06-05,Wales,Ukraine,1.0,0.0,FIFA World Cup qualification,False,1868.7,1885.5,83.2,H,2022,,,,,,,,,,,,
2022-06-05,Malawi,Ethiopia,2.0,1.0,African Cup of Nations qualification,False,1434.0,1441.1,93.0,H,2022,,,,,,,,,,,,
2022-06-05,Central African Republic,Ghana,1.0,1.0,African Cup of Nations qualification,True,1365.2,1662.3,-297.1,D,2022,,,,,24.2,3.51,4960625.0,8007570.42,,,,
2022-06-05,Madagascar,Angola,1.0,1.0,African Cup of Nations qualification,False,1425.7,1493.6,32.1,D,2022,,,,,,,,,,,,
2022-06-05,Egypt,Guinea,1.0,0.0,African Cup of Nations qualification,False,1798.9,1501.5,397.4,H,2022,26.98,3.64,1478205.13,2045940.16,,,,,,,,
2022-06-05,Costa Rica,Martinique,2.0,0.0,CONCACAF Nations League,False,1827.9,1538.1,389.9,H,2022,,,,,,,,,,,,
2022-06-05,Cuba,Barbados,3.0,0.0,CONCACAF Nations League,False,1390.7,1230.1,260.5,H,2022,,,,,,,,,,,,
2022-06-05,Antigua and Barbuda,Guadeloupe,1.0,0.0,CONCACAF Nations League,True,1385.4,1435.1,-49.7,H,2022,,,,,,,,,,,,
2022-06-05,Guatemala,Belize,2.0,0.0,CONCACAF Nations League,False,1608.7,1266.4,442.3,H,2022,,,,,,,,,,,,
2022-06-05,Dominican Republic,French Guiana,2.0,3.0,CONCACAF Nations League,False,1401.7,1536.3,-34.7,A,2022,,,,,,,,,,,,
2022-06-05,Botswana,Tunisia,0.0,0.0,African Cup of Nations qualification,False,1392.5,1737.3,-244.8,D,2022,,,,,25.26,4.38,1571323.53,2350032.32,,,,
2022-06-06,Japan,Brazil,0.0,1.0,Friendly,False,1908.8,2221.8,-213.1,A,2022,26.26,4.12,2947435.9,5334153.97,26.94,4.36,30242857.14,25369095.77,-0.6799999999999997,-0.2400000000000002,-27295421.240000002,-20034941.8
2022-06-06,Iceland,Albania,1.0,1.0,UEFA Nations League,False,1608.4,1626.2,82.2,D,2022,,,,,,,,,,,,
2022-06-06,South Korea,Chile,2.0,0.0,Friendly,False,1886.4,1833.5,152.9,H,2022,26.59,3.62,1641911.76,2112747.73,,,,,,,,
2022-06-06,Andorra,Moldova,0.0,0.0,UEFA Nations League,False,1128.0,1278.3,-50.3,D,2022,,,,,,,,,,,,
2022-06-06,Latvia,Liechtenstein,1.0,0.0,UEFA Nations League,False,1404.6,1118.3,386.2,H,2022,,,,,,,,,,,,
2022-06-06,Slovakia,Kazakhstan,0.0,1.0,UEFA Nations League,False,1730.4,1398.0,432.4,A,2022,,,,,,,,,,,,
2022-06-06,Belarus,Azerbaijan,0.0,0.0,UEFA Nations League,True,1509.9,1331.3,178.6,D,2022,,,,,,,,,,,,
2022-06-06,Croatia,France,1.0,1.0,UEFA Nations League,False,1846.2,2122.8,-176.6,D,2022,26.18,4.0,11381818.18,10516983.51,26.49,3.91,42277777.78,32929732.52,-0.3099999999999987,0.08999999999999986,-30895959.6,-22412749.009999998
2022-06-06,United States Virgin Islands,Turks and Caicos Islands,3.0,2.0,CONCACAF Nations League,False,982.5,1095.4,-12.8,H,2022,,,,,,,,,,,,
2022-06-06,Cayman Islands,British Virgin Islands,1.0,1.0,CONCACAF Nations League,False,1126.3,915.1,311.2,D,2022,,,,,,,,,,,,
2022-06-06,Aruba,Saint Martin,3.0,0.0,CONCACAF Nations League,True,1168.8,1155.1,13.7,H,2022,,,,,,,,,,,,
2022-06-06,Bonaire,Sint Maarten,2.0,2.0,CONCACAF Nations League,True,1286.1,1175.2,110.9,D,2022,,,,,,,,,,,,
2022-06-06,Trinidad and Tobago,Bahamas,1.0,0.0,CONCACAF Nations League,False,1509.7,1177.2,432.5,H,2022,,,,,,,,,,,,
2022-06-06,Saint Vincent and the Grenadines,Nicaragua,2.0,2.0,CONCACAF Nations League,False,1257.5,1422.8,-65.2,D,2022,,,,,,,,,,,,
2022-06-06,Honduras,Curaçao,1.0,2.0,CONCACAF Nations League,False,1575.2,1521.8,153.4,A,2022,,,,,27.39,5.02,557142.86,1019895.62,,,,
2022-06-06,Equatorial Guinea,Libya,2.0,0.0,African Cup of Nations qualification,False,1550.2,1467.7,182.6,H,2022,,,,,,,,,,,,
2022-06-06,Austria,Denmark,1.0,2.0,UEFA Nations League,False,1817.4,2016.8,-99.4,A,2022,26.97,3.78,9122857.14,9774605.16,,,,,,,,
2022-06-07,Italy,Hungary,2.0,1.0,UEFA Nations League,False,2027.0,1806.9,320.1,H,2022,,,,,,,,,,,,
2022-06-07,United Arab Emirates,Australia,1.0,2.0,FIFA World Cup qualification,True,1639.8,1789.9,-150.2,A,2022,,,,,26.59,4.55,1270394.74,1507785.23,,,,
2022-06-07,Lithuania,Turkey,0.0,6.0,UEFA Nations League,False,1336.1,1764.4,-328.3,A,2022,,,,,25.52,3.8,8481875.0,8472960.65,,,,
2022-06-07,Faroe Islands,Luxembourg,0.0,1.0,UEFA Nations League,False,1293.5,1468.9,-75.4,A,2022,,,,,,,,,,,,
2022-06-07,Bosnia and Herzegovina,Romania,1.0,0.0,UEFA Nations League,False,1650.1,1685.1,64.9,H,2022,27.56,3.59,3667647.06,4583568.52,,,,,,,,
2022-06-07,Finland,Montenegro,2.0,0.0,UEFA Nations League,False,1736.6,1598.6,238.0,H,2022,,,,,,,,,,,,
2022-06-07,Germany,England,1.0,1.0,UEFA Nations League,False,2024.4,2061.2,63.3,D,2022,27.31,3.86,26888888.89,22332124.07,26.61,3.51,43148648.65,30078470.54,0.6999999999999993,0.3500000000000001,-16259759.759999998,-7746346.469999999
2022-06-07,Cape Verde,Togo,2.0,0.0,African Cup of Nations qualification,True,1564.3,1460.3,104.0,H,2022,26.48,4.2,762837.84,1299124.21,,,,,,,,
2022-06-07,Guyana,Bermuda,2.0,1.0,CONCACAF Nations League,False,1383.2,1466.3,16.9,H,2022,,,,,,,,,,,,
2022-06-07,Grenada,El Salvador,2.0,2.0,CONCACAF Nations League,False,1285.4,1619.1,-233.7,D,2022,,,,,,,,,,,,
2022-06-07,Jamaica,Suriname,3.0,1.0,CONCACAF Nations League,False,1653.1,1502.0,251.1,H,2022,,,,,,,,,,,,
2022-06-07,Senegal,Rwanda,1.0,0.0,African Cup of Nations qualification,False,1847.9,1402.2,545.6,H,2022,25.68,3.69,9987179.49,15083956.15,,,,,,,,
2022-06-07,Zambia,Comoros,2.0,1.0,African Cup of Nations qualification,False,1529.0,1425.1,204.0,H,2022,,,,,,,,,,,,
2022-06-07,Eswatini,Burkina Faso,1.0,3.0,African Cup of Nations qualification,True,1368.1,1679.2,-311.1,A,2022,,,,,,,,,,,,
2022-06-07,Haiti,Montserrat,3.0,2.0,CONCACAF Nations League,True,1650.0,1275.3,374.7,H,2022,25.04,4.44,289772.73,222799.73,,,,,,,,
2022-06-08,Tanzania,Algeria,0.0,2.0,African Cup of Nations qualification,False,1437.0,1792.2,-255.2,A,2022,,,,,26.82,4.01,5271794.87,8934396.19,,,,
2022-06-08,Gabon,Mauritania,0.0,0.0,African Cup of Nations qualification,False,1588.5,1463.2,225.3,D,2022,,,,,,,,,,,,
2022-06-08,Sudan,DR Congo,2.0,1.0,African Cup of Nations qualification,False,1388.6,1580.2,-91.7,H,2022,,,,,26.29,2.47,2511206.9,3355185.04,,,,
2022-06-08,Belgium,Poland,6.0,1.0,UEFA Nations League,False,2073.3,1864.3,309.0,H,2022,27.95,4.38,14484210.53,14562452.19,,,,,,,,
2022-06-08,Wales,Netherlands,1.0,2.0,UEFA Nations League,False,1884.0,2039.7,-55.7,A,2022,,,,,25.22,4.59,17747972.97,17415834.65,,,,
2022-06-08,Uganda,Niger,1.0,1.0,African Cup of Nations qualification,False,1537.0,1367.6,269.4,D,2022,,,,,,,,,,,,
2022-06-08,Republic of Ireland,Ukraine,0.0,1.0,UEFA Nations League,False,1718.9,1870.2,-51.3,A,2022,,,,,,,,,,,,
2022-06-08,Scotland,Armenia,2.0,0.0,UEFA Nations League,False,1743.9,1580.8,263.1,H,2022,27.41,4.35,7902027.03,9569465.76,,,,,,,,
2022-06-08,Benin,Mozambique,0.0,1.0,African Cup of Nations qualification,False,1565.4,1401.3,264.1,A,2022,,,,,,,,,,,,
2022-06-08,Kyrgyzstan,Singapore,2.0,1.0,AFC Asian Cup qualification,False,1425.0,1267.9,257.1,H,2022,,,,,,,,,,,,
2022-06-08,Congo,Gambia,1.0,0.0,African Cup of Nations qualification,False,1405.3,1560.5,-55.2,H,2022,,,,,,,,,,,,
2022-06-08,Malaysia,Turkmenistan,3.0,1.0,AFC Asian Cup qualification,False,1348.5,1428.6,19.9,H,2022,,,,,,,,,,,,
2022-06-08,Tajikistan,Myanmar,4.0,0.0,AFC Asian Cup qualification,True,1432.5,1152.7,279.8,H,2022,,,,,,,,,,,,
2022-06-08,Kuwait,Indonesia,1.0,2.0,AFC Asian Cup qualification,False,1442.3,1355.6,186.8,A,2022,,,,,,,,,,,,
2022-06-08,Philippines,Yemen,0.0,0.0,AFC Asian Cup qualification,True,1292.3,1301.8,-9.5,D,2022,,,,,,,,,,,,
2022-06-08,Mongolia,Palestine,0.0,1.0,AFC Asian Cup qualification,False,1080.4,1525.7,-345.3,A,2022,,,,,,,,,,,,
2022-06-08,Jordan,Nepal,2.0,0.0,AFC Asian Cup qualification,True,1650.7,1163.1,487.6,H,2022,26.67,4.1,280441.18,215261.02,,,,,,,,
2022-06-08,Uzbekistan,Sri Lanka,3.0,0.0,AFC Asian Cup qualification,False,1656.6,947.6,809.0,H,2022,24.11,2.95,1047972.97,1952894.41,,,,,,,,
2022-06-08,Hong Kong,Afghanistan,2.0,1.0,AFC Asian Cup qualification,True,1308.9,1310.5,-1.6,H,2022,,,,,,,,,,,,
2022-06-08,India,Cambodia,2.0,0.0,AFC Asian Cup qualification,False,1360.1,1078.6,381.5,H,2022,,,,,,,,,,,,
2022-06-08,Bahrain,Bangladesh,2.0,0.0,AFC Asian Cup qualification,True,1634.1,1068.4,565.6,H,2022,,,,,,,,,,,,
2022-06-08,Thailand,Maldives,3.0,0.0,AFC Asian Cup qualification,True,1538.7,1119.2,419.5,H,2022,,,,,,,,,,,,
2022-06-09,Kosovo,Northern Ireland,3.0,2.0,UEFA Nations League,False,1572.2,1620.0,52.2,H,2022,,,,,,,,,,,,
2022-06-09,Portugal,Czech Republic,2.0,0.0,UEFA Nations League,False,2061.6,1893.1,268.6,H,2022,27.78,5.02,32058333.33,24496081.04,27.97,2.83,4161029.41,6969996.6,-0.18999999999999773,2.1899999999999995,27897303.919999998,17526084.439999998
2022-06-09,Switzerland,Spain,0.0,1.0,UEFA Nations League,False,1946.1,2073.5,-27.4,A,2022,27.32,3.71,8772368.42,8979499.29,24.97,4.48,30045454.55,20030417.64,2.3500000000000014,-0.7700000000000005,-21273086.130000003,-11050918.350000001
2022-06-09,Norway,Slovenia,0.0,0.0,UEFA Nations League,False,1834.5,1640.2,294.3,D,2022,26.56,3.32,11991025.64,30782962.05,,,,,,,,
2022-06-09,Sweden,Serbia,0.0,1.0,UEFA Nations League,False,1851.7,1875.3,76.4,A,2022,28.03,4.04,4819736.84,8749402.53,,,,,,,,
2022-06-09,Greece,Cyprus,3.0,0.0,UEFA Nations League,False,1762.3,1368.0,494.3,H,2022,,,,,,,,,,,,
2022-06-09,New Zealand,Oman,0.0,0.0,Friendly,True,1756.0,1672.3,83.7,D,2022,24.72,3.99,548684.21,940638.56,,,,,,,,
2022-06-09,Saudi Arabia,Venezuela,0.0,1.0,Friendly,True,1754.1,1739.1,15.0,A,2022,27.46,3.69,870394.74,623520.76,,,,,,,,
2022-06-09,North Macedonia,Georgia,0.0,3.0,UEFA Nations League,False,1718.1,1665.3,152.9,A,2022,,,,,,,,,,,,
2022-06-09,Malta,Estonia,1.0,2.0,UEFA Nations League,False,1311.8,1443.4,-31.7,A,2022,,,,,,,,,,,,
2022-06-09,San Marino,Iceland,0.0,1.0,Friendly,False,862.2,1603.8,-641.6,A,2022,,,,,,,,,,,,
2022-06-09,Cayman Islands,Puerto Rico,0.0,3.0,CONCACAF Nations League,False,1112.0,1280.7,-68.6,A,2022,,,,,,,,,,,,
2022-06-09,Gibraltar,Bulgaria,1.0,1.0,UEFA Nations League,False,1157.3,1530.4,-273.1,D,2022,,,,,,,,,,,,
2022-06-09,Dominica,Saint Lucia,0.0,1.0,CONCACAF Nations League,False,1218.0,1290.8,27.2,A,2022,,,,,,,,,,,,
2022-06-09,Guinea,Malawi,1.0,0.0,African Cup of Nations qualification,False,1497.8,1448.8,149.0,H,2022,,,,,,,,,,,,
2022-06-09,Belize,French Guiana,1.0,1.0,CONCACAF Nations League,False,1262.0,1554.3,-192.3,D,2022,,,,,,,,,,,,
2022-06-09,Aruba,Saint Kitts and Nevis,2.0,3.0,CONCACAF Nations League,True,1202.4,1370.7,-168.3,A,2022,,,,,,,,,,,,
2022-06-09,Guinea-Bissau,São Tomé and Príncipe,5.0,1.0,African Cup of Nations qualification,True,1483.5,1194.7,288.8,H,2022,,,,,,,,,,,,
2022-06-09,Burundi,Cameroon,0.0,1.0,African Cup of Nations qualification,True,1439.6,1734.3,-294.7,A,2022,,,,,,,,,,,,
2022-06-09,Ethiopia,Egypt,2.0,0.0,African Cup of Nations qualification,True,1426.3,1802.6,-376.3,H,2022,,,,,26.98,3.64,1478205.13,2045940.16,,,,
2022-06-09,South Sudan,Mali,1.0,3.0,African Cup of Nations qualification,True,1267.4,1729.6,-462.2,A,2022,,,,,,,,,,,,
2022-06-09,Nigeria,Sierra Leone,2.0,1.0,African Cup of Nations qualification,False,1732.3,1493.7,338.6,H,2022,,,,,,,,,,,,
2022-06-09,Morocco,South Africa,2.0,1.0,African Cup of Nations qualification,False,1824.5,1647.5,277.0,H,2022,25.77,3.85,7743421.05,13301217.65,26.3,3.05,641176.47,544385.86,-0.5300000000000011,0.8000000000000003,7102244.58,12756831.790000001
2022-06-09,Panama,Martinique,5.0,0.0,CONCACAF Nations League,False,1776.8,1532.3,344.5,H,2022,25.34,4.34,336842.11,575792.84,,,,,,,,
2022-06-09,Canada,Curaçao,4.0,0.0,CONCACAF Nations League,False,1920.6,1550.1,470.5,H,2022,25.02,4.42,4973717.95,13205320.11,27.39,5.02,557142.86,1019895.62,-2.370000000000001,-0.5999999999999996,4416575.09,12185424.49
2022-06-09,Antigua and Barbuda,Cuba,0.0,2.0,CONCACAF Nations League,True,1408.2,1403.4,4.8,A,2022,,,,,,,,,,,,
2022-06-09,Barbados,Guadeloupe,0.0,1.0,CONCACAF Nations League,True,1217.4,1412.2,-194.9,A,2022,,,,,,,,,,,,
2022-06-09,Lesotho,Ivory Coast,0.0,0.0,African Cup of Nations qualification,True,1328.2,1791.5,-463.4,D,2022,,,,,26.03,4.56,9148571.43,11317637.85,,,,
2022-06-10,Japan,Ghana,4.0,1.0,Kirin Cup,False,1904.2,1648.4,355.8,H,2022,26.26,4.12,2947435.9,5334153.97,24.2,3.51,4960625.0,8007570.42,2.0600000000000023,0.6100000000000003,-2013189.1,-2673416.45
2022-06-10,Chile,Tunisia,0.0,2.0,Kirin Cup,True,1824.7,1725.1,99.6,A,2022,,,,,25.26,4.38,1571323.53,2350032.32,,,,
2022-06-10,South Korea,Paraguay,2.0,2.0,Friendly,False,1895.2,1782.6,212.6,D,2022,26.59,3.62,1641911.76,2112747.73,26.11,4.47,2715714.29,2411246.61,0.4800000000000004,-0.8499999999999996,-1073802.53,-298498.8799999999
2022-06-10,Moldova,Latvia,2.0,4.0,UEFA Nations League,False,1275.4,1408.5,-33.0,A,2022,,,,,,,,,,,,
2022-06-10,Belarus,Kazakhstan,1.0,1.0,UEFA Nations League,True,1500.4,1434.9,65.5,D,2022,,,,,,,,,,,,
2022-06-10,Azerbaijan,Slovakia,0.0,1.0,UEFA Nations League,False,1340.7,1693.5,-252.7,A,2022,,,,,,,,,,,,
2022-06-10,Andorra,Liechtenstein,2.0,1.0,UEFA Nations League,False,1130.9,1114.4,116.5,H,2022,,,,,,,,,,,,
2022-06-10,Denmark,Croatia,0.0,1.0,UEFA Nations League,False,2031.2,1855.6,275.7,A,2022,,,,,26.18,4.0,11381818.18,10516983.51,,,,
2022-06-10,Austria,France,1.0,1.0,UEFA Nations League,False,1803.0,2113.4,-210.4,D,2022,26.97,3.78,9122857.14,9774605.16,26.49,3.91,42277777.78,32929732.52,0.4800000000000004,-0.13000000000000034,-33154920.64,-23155127.36
2022-06-10,Dominican Republic,Guatemala,1.0,1.0,CONCACAF Nations League,False,1383.7,1613.0,-129.4,D,2022,,,,,,,,,,,,
2022-06-10,Bahamas,Nicaragua,0.0,2.0,CONCACAF Nations League,False,1174.2,1419.0,-144.9,A,2022,,,,,,,,,,,,
2022-06-10,Saint Vincent and the Grenadines,Trinidad and Tobago,0.0,2.0,CONCACAF Nations League,False,1261.2,1512.8,-151.5,A,2022,,,,,,,,,,,,
2022-06-10,United States,Grenada,5.0,0.0,CONCACAF Nations League,False,1939.0,1297.1,741.9,H,2022,23.72,3.77,8441666.67,10267948.38,,,,,,,,
2022-06-10,Albania,Israel,1.0,2.0,UEFA Nations League,False,1630.9,1659.7,71.2,A,2022,,,,,,,,,,,,
2022-06-11,Uruguay,Panama,5.0,0.0,Friendly,False,2001.5,1786.5,315.0,H,2022,26.81,4.6,11986111.11,14171061.14,25.34,4.34,336842.11,575792.84,1.4699999999999989,0.2599999999999998,11649269.0,13595268.3
2022-06-11,Sint Maarten,Turks and Caicos Islands,8.0,2.0,CONCACAF Nations League,True,1181.4,1074.6,106.7,H,2022,,,,,,,,,,,,
2022-06-11,England,Italy,0.0,0.0,UEFA Nations League,False,2064.8,2032.5,132.3,D,2022,26.61,3.51,43148648.65,30078470.54,,,,,,,,
2022-06-11,Hungary,Germany,1.0,1.0,UEFA Nations League,False,1801.4,2020.8,-119.4,D,2022,,,,,27.31,3.86,26888888.89,22332124.07,,,,
2022-06-11,Wales,Belgium,1.0,1.0,UEFA Nations League,False,1867.2,2084.8,-117.7,D,2022,,,,,27.95,4.38,14484210.53,14562452.19,,,,
2022-06-11,Netherlands,Poland,2.0,2.0,UEFA Nations League,False,2056.5,1852.7,303.8,D,2022,25.22,4.59,17747972.97,17415834.65,,,,,,,,
2022-06-11,Montenegro,Bosnia and Herzegovina,1.0,1.0,UEFA Nations League,False,1586.5,1666.4,20.1,D,2022,,,,,27.56,3.59,3667647.06,4583568.52,,,,
2022-06-11,Republic of Ireland,Scotland,3.0,0.0,UEFA Nations League,False,1701.8,1754.8,47.1,H,2022,,,,,27.41,4.35,7902027.03,9569465.76,,,,
2022-06-11,Romania,Finland,1.0,0.0,UEFA Nations League,False,1668.8,1748.8,20.0,H,2022,,,,,,,,,,,,
2022-06-11,Faroe Islands,Lithuania,2.0,1.0,UEFA Nations League,False,1277.7,1325.0,52.8,H,2022,,,,,,,,,,,,
2022-06-11,Luxembourg,Turkey,0.0,2.0,UEFA Nations League,False,1484.6,1775.6,-191.0,A,2022,,,,,25.52,3.8,8481875.0,8472960.65,,,,
2022-06-11,Ecuador,Cape Verde,1.0,0.0,Friendly,True,1911.7,1585.6,326.2,H,2022,24.0,4.76,2385714.29,3242454.35,26.48,4.2,762837.84,1299124.21,-2.4800000000000004,0.5599999999999996,1622876.4500000002,1943330.1400000001
2022-06-11,Ukraine,Armenia,3.0,0.0,UEFA Nations League,True,1887.3,1570.0,317.3,H,2022,,,,,,,,,,,,
2022-06-11,Montserrat,Bermuda,3.0,2.0,CONCACAF Nations League,True,1271.2,1447.3,-176.1,H,2022,,,,,,,,,,,,
2022-06-11,United States Virgin Islands,Bonaire,0.0,2.0,CONCACAF Nations League,False,1003.3,1279.9,-176.6,A,2022,,,,,,,,,,,,
2022-06-11,Mexico,Suriname,3.0,0.0,CONCACAF Nations League,False,1935.3,1490.6,544.8,H,2022,26.26,5.49,4012121.21,3425639.3,,,,,,,,
2022-06-11,Guyana,Haiti,2.0,6.0,CONCACAF Nations League,False,1402.2,1654.2,-152.0,A,2022,,,,,25.04,4.44,289772.73,222799.73,,,,
2022-06-11,Kuwait,Nepal,4.0,1.0,AFC Asian Cup qualification,False,1412.5,1159.7,352.8,H,2022,,,,,,,,,,,,
2022-06-11,Indonesia,Jordan,0.0,1.0,AFC Asian Cup qualification,True,1385.4,1654.2,-268.8,A,2022,,,,,26.67,4.1,280441.18,215261.02,,,,
2022-06-11,Mongolia,Philippines,0.0,1.0,AFC Asian Cup qualification,False,1075.6,1292.8,-117.2,A,2022,,,,,,,,,,,,
2022-06-11,Yemen,Palestine,0.0,5.0,AFC Asian Cup qualification,True,1301.2,1530.5,-229.3,A,2022,,,,,,,,,,,,
2022-06-11,Sri Lanka,Thailand,0.0,2.0,AFC Asian Cup qualification,True,946.9,1544.4,-597.5,A,2022,,,,,,,,,,,,
2022-06-11,Kyrgyzstan,Myanmar,2.0,0.0,AFC Asian Cup qualification,False,1432.4,1140.3,392.1,H,2022,,,,,,,,,,,,
2022-06-11,Cambodia,Hong Kong,0.0,3.0,AFC Asian Cup qualification,True,1072.6,1329.0,-256.4,A,2022,,,,,,,,,,,,
2022-06-11,India,Afghanistan,2.0,1.0,AFC Asian Cup qualification,False,1366.1,1290.4,175.7,H,2022,,,,,,,,,,,,
2022-06-11,Bangladesh,Turkmenistan,1.0,2.0,AFC Asian Cup qualification,True,1066.2,1400.3,-334.1,A,2022,,,,,,,,,,,,
2022-06-11,Malaysia,Bahrain,1.0,2.0,AFC Asian Cup qualification,False,1376.8,1636.3,-159.5,A,2022,,,,,,,,,,,,
2022-06-11,Singapore,Tajikistan,0.0,1.0,AFC Asian Cup qualification,True,1260.5,1445.0,-184.5,A,2022,,,,,,,,,,,,
2022-06-11,Uzbekistan,Maldives,4.0,0.0,AFC Asian Cup qualification,False,1657.3,1113.5,643.8,H,2022,24.11,2.95,1047972.97,1952894.41,,,,,,,,
2022-06-12,Iran,Algeria,1.0,2.0,Friendly,True,1920.4,1803.4,117.0,A,2022,26.74,3.7,765789.47,598556.96,26.82,4.01,5271794.87,8934396.19,-0.08000000000000185,-0.3099999999999996,-4506005.4,-8335839.2299999995
2022-06-12,Malta,San Marino,1.0,0.0,UEFA Nations League,False,1293.6,861.7,531.9,H,2022,,,,,,,,,,,,
2022-06-12,Georgia,Bulgaria,0.0,0.0,UEFA Nations League,False,1714.7,1517.3,297.5,D,2022,,,,,,,,,,,,
2022-06-12,North Macedonia,Gibraltar,4.0,0.0,UEFA Nations League,False,1668.6,1170.4,598.2,H,2022,,,,,,,,,,,,
2022-06-12,Greece,Kosovo,2.0,0.0,UEFA Nations League,False,1766.2,1589.2,277.0,H,2022,,,,,,,,,,,,
2022-06-12,Northern Ireland,Cyprus,2.0,2.0,UEFA Nations League,False,1603.0,1364.2,338.8,D,2022,,,,,,,,,,,,
2022-06-12,Slovenia,Serbia,2.0,2.0,UEFA Nations League,False,1653.9,1899.6,-145.7,D,2022,,,,,,,,,,,,
2022-06-12,Norway,Sweden,3.0,2.0,UEFA Nations League,False,1820.7,1827.4,93.3,H,2022,26.56,3.32,11991025.64,30782962.05,28.03,4.04,4819736.84,8749402.53,-1.4700000000000024,-0.7200000000000002,7171288.800000001,22033559.520000003
2022-06-12,Switzerland,Portugal,1.0,0.0,UEFA Nations League,False,1927.7,2072.2,-44.5,H,2022,27.32,3.71,8772368.42,8979499.29,27.78,5.02,32058333.33,24496081.04,-0.46000000000000085,-1.3099999999999996,-23285964.909999996,-15516581.75
2022-06-12,Puerto Rico,British Virgin Islands,6.0,0.0,CONCACAF Nations League,False,1308.8,929.4,479.5,H,2022,,,,,,,,,,,,
2022-06-12,Saint Lucia,Anguilla,2.0,0.0,CONCACAF Nations League,False,1312.4,923.3,489.1,H,2022,,,,,,,,,,,,
2022-06-12,Guadeloupe,Barbados,2.0,1.0,CONCACAF Nations League,False,1422.1,1207.5,314.5,H,2022,,,,,,,,,,,,
2022-06-12,Cuba,Antigua and Barbuda,3.0,1.0,CONCACAF Nations League,False,1433.8,1377.8,156.0,H,2022,,,,,,,,,,,,
2022-06-12,Martinique,Panama,0.0,0.0,CONCACAF Nations League,False,1522.6,1780.9,-158.2,D,2022,,,,,25.34,4.34,336842.11,575792.84,,,,
2022-06-12,Spain,Czech Republic,2.0,0.0,UEFA Nations League,False,2091.9,1882.5,309.4,H,2022,24.97,4.48,30045454.55,20030417.64,27.97,2.83,4161029.41,6969996.6,-3.0,1.6500000000000004,25884425.14,13060421.040000001
2022-06-12,Saint Kitts and Nevis,Saint Martin,1.0,1.0,CONCACAF Nations League,False,1381.7,1121.4,360.3,D,2022,,,,,,,,,,,,
2022-06-13,Denmark,Austria,2.0,0.0,UEFA Nations League,False,1998.0,1813.8,284.2,H,2022,,,,,26.97,3.78,9122857.14,9774605.16,,,,
2022-06-13,Albania,Estonia,0.0,0.0,Friendly,False,1606.8,1461.6,245.2,D,2022,,,,,,,,,,,,
2022-06-13,Kazakhstan,Slovakia,2.0,1.0,UEFA Nations League,False,1438.6,1701.0,-162.4,H,2022,,,,,,,,,,,,
2022-06-13,Azerbaijan,Belarus,2.0,0.0,UEFA Nations League,False,1333.2,1496.7,-63.5,H,2022,,,,,,,,,,,,
2022-06-13,Iceland,Israel,2.0,2.0,UEFA Nations League,False,1604.3,1683.7,20.6,D,2022,,,,,,,,,,,,
2022-06-13,France,Croatia,0.0,1.0,UEFA Nations League,False,2102.6,1888.8,313.8,A,2022,26.49,3.91,42277777.78,32929732.52,26.18,4.0,11381818.18,10516983.51,0.3099999999999987,-0.08999999999999986,30895959.6,22412749.009999998
2022-06-13,Guatemala,Dominican Republic,2.0,0.0,CONCACAF Nations League,False,1605.9,1390.8,315.1,H,2022,,,,,,,,,,,,
2022-06-13,Nicaragua,Bahamas,4.0,0.0,CONCACAF Nations League,False,1437.2,1156.0,381.2,H,2022,,,,,,,,,,,,
2022-06-13,Australia,Peru,0.0,0.0,FIFA World Cup qualification,True,1801.8,1928.6,-126.8,D,2022,26.59,4.55,1270394.74,1507785.23,,,,,,,,
2022-06-13,São Tomé and Príncipe,Nigeria,0.0,10.0,African Cup of Nations qualification,True,1182.8,1737.3,-554.5,A,2022,,,,,,,,,,,,
2022-06-13,Trinidad and Tobago,Saint Vincent and the Grenadines,4.0,1.0,CONCACAF Nations League,False,1530.4,1243.6,386.9,H,2022,,,,,,,,,,,,
2022-06-13,Morocco,Liberia,2.0,0.0,African Cup of Nations qualification,False,1831.3,1415.5,515.8,H,2022,25.77,3.85,7743421.05,13301217.65,,,,,,,,
2022-06-13,Honduras,Canada,2.0,1.0,CONCACAF Nations League,False,1546.9,1925.3,-278.4,H,2022,,,,,25.02,4.42,4973717.95,13205320.11,,,,
2022-06-13,Sierra Leone,Guinea-Bissau,2.0,2.0,African Cup of Nations qualification,True,1488.7,1495.5,-6.7,D,2022,,,,,,,,,,,,
2022-06-14,England,Hungary,0.0,4.0,UEFA Nations League,False,2057.5,1808.1,349.4,A,2022,26.61,3.51,43148648.65,30078470.54,,,,,,,,
2022-06-14,Germany,Italy,5.0,2.0,UEFA Nations League,False,2014.2,2039.7,74.5,H,2022,27.31,3.86,26888888.89,22332124.07,,,,,,,,
2022-06-14,Netherlands,Wales,3.0,2.0,UEFA Nations League,False,2042.4,1873.7,268.7,H,2022,25.22,4.59,17747972.97,17415834.65,,,,,,,,
2022-06-14,Poland,Belgium,0.0,1.0,UEFA Nations League,False,1866.8,2078.3,-111.5,A,2022,,,,,27.95,4.38,14484210.53,14562452.19,,,,
2022-06-14,Armenia,Scotland,1.0,4.0,UEFA Nations League,False,1560.3,1724.5,-64.2,A,2022,,,,,27.41,4.35,7902027.03,9569465.76,,,,
2022-06-14,Ukraine,Republic of Ireland,1.0,1.0,UEFA Nations League,True,1897.0,1732.1,164.9,D,2022,,,,,,,,,,,,
2022-06-14,Bosnia and Herzegovina,Finland,3.0,2.0,UEFA Nations League,False,1667.5,1729.9,37.6,H,2022,27.56,3.59,3667647.06,4583568.52,,,,,,,,
2022-06-14,Luxembourg,Faroe Islands,2.0,2.0,UEFA Nations League,False,1469.6,1294.7,274.9,D,2022,,,,,,,,,,,,
2022-06-14,Turks and Caicos Islands,Sint Maarten,2.0,0.0,CONCACAF Nations League,False,1044.8,1211.2,-66.4,H,2022,,,,,,,,,,,,
2022-06-14,Turkey,Lithuania,2.0,0.0,UEFA Nations League,False,1790.6,1308.0,582.6,H,2022,25.52,3.8,8481875.0,8472960.65,,,,,,,,
2022-06-14,Moldova,Andorra,2.0,1.0,UEFA Nations League,False,1248.3,1144.4,203.8,H,2022,,,,,,,,,,,,
2022-06-14,Liechtenstein,Latvia,0.0,2.0,UEFA Nations League,False,1100.9,1435.6,-234.7,A,2022,,,,,,,,,,,,
2022-06-14,Chile,Ghana,0.0,0.0,Kirin Cup,True,1795.9,1642.4,153.5,D,2022,,,,,24.2,3.51,4960625.0,8007570.42,,,,
2022-06-14,Japan,Tunisia,0.0,3.0,Kirin Cup,False,1910.2,1753.9,256.3,A,2022,26.26,4.12,2947435.9,5334153.97,25.26,4.38,1571323.53,2350032.32,1.0,-0.2599999999999998,1376112.3699999999,2984121.65
2022-06-14,South Korea,Egypt,4.0,1.0,Friendly,False,1889.8,1748.8,241.0,H,2022,26.59,3.62,1641911.76,2112747.73,26.98,3.64,1478205.13,2045940.16,-0.39000000000000057,-0.020000000000000018,163706.63000000012,66807.57000000007
2022-06-14,Romania,Montenegro,0.0,3.0,UEFA Nations League,False,1687.7,1585.3,202.3,A,2022,,,,,,,,,,,,
2022-06-14,Bonaire,United States Virgin Islands,2.0,0.0,CONCACAF Nations League,True,1295.8,987.3,308.5,H,2022,,,,,,,,,,,,
2022-06-14,French Guiana,Belize,1.0,0.0,CONCACAF Nations League,False,1544.3,1272.1,372.2,H,2022,,,,,,,,,,,,
2022-06-14,Haiti,Guyana,6.0,0.0,CONCACAF Nations League,True,1676.2,1380.1,296.1,H,2022,25.04,4.44,289772.73,222799.73,,,,,,,,
2022-06-14,Costa Rica,New Zealand,1.0,0.0,FIFA World Cup qualification,True,1833.7,1753.6,80.0,H,2022,,,,,24.72,3.99,548684.21,940638.56,,,,
2022-06-14,Kuwait,Jordan,0.0,3.0,AFC Asian Cup qualification,False,1420.6,1661.2,-140.5,A,2022,,,,,26.67,4.1,280441.18,215261.02,,,,
2022-06-14,Indonesia,Nepal,7.0,0.0,AFC Asian Cup qualification,True,1378.4,1151.6,226.8,H,2022,,,,,,,,,,,,
2022-06-14,Palestine,Philippines,4.0,0.0,AFC Asian Cup qualification,True,1547.4,1306.3,241.1,H,2022,,,,,,,,,,,,
2022-06-14,Mongolia,Yemen,2.0,0.0,AFC Asian Cup qualification,False,1062.1,1284.4,-122.3,H,2022,,,,,,,,,,,,
2022-06-14,Maldives,Sri Lanka,1.0,0.0,AFC Asian Cup qualification,True,1111.7,945.0,166.6,H,2022,,,,,,,,,,,,
2022-06-14,Afghanistan,Cambodia,2.0,2.0,AFC Asian Cup qualification,True,1279.7,1059.6,220.1,D,2022,,,,,,,,,,,,
2022-06-14,Uzbekistan,Thailand,2.0,0.0,AFC Asian Cup qualification,False,1659.1,1546.3,212.8,H,2022,24.11,2.95,1047972.97,1952894.41,,,,,,,,
2022-06-14,Bahrain,Turkmenistan,1.0,0.0,AFC Asian Cup qualification,True,1647.7,1405.4,242.3,H,2022,,,,,,,,,,,,
2022-06-14,Malaysia,Bangladesh,4.0,1.0,AFC Asian Cup qualification,False,1365.4,1061.1,404.2,H,2022,,,,,,,,,,,,
2022-06-14,Myanmar,Singapore,2.0,6.0,AFC Asian Cup qualification,True,1134.6,1250.2,-115.7,A,2022,,,,,,,,,,,,
2022-06-14,Kyrgyzstan,Tajikistan,0.0,0.0,AFC Asian Cup qualification,False,1438.1,1455.3,82.8,D,2022,,,,,,,,,,,,
2022-06-14,Jamaica,Mexico,1.0,1.0,CONCACAF Nations League,False,1664.5,1938.2,-173.7,D,2022,,,,,26.26,5.49,4012121.21,3425639.3,,,,
2022-06-14,El Salvador,United States,1.0,1.0,CONCACAF Nations League,False,1607.3,1940.1,-232.7,D,2022,,,,,23.72,3.77,8441666.67,10267948.38,,,,
2022-06-14,India,Hong Kong,4.0,0.0,AFC Asian Cup qualification,False,1376.8,1342.1,134.8,H,2022,,,,,,,,,,,,
2022-06-17,Mapuche,Maule Sur,0.0,1.0,CONIFA South America Football Cup,True,1500.0,1500.0,0.0,A,2022,,,,,,,,,,,,
2022-06-18,Mapuche,Aymara,3.0,1.0,CONIFA South America Football Cup,True,1485.0,1500.0,-15.0,H,2022,,,,,,,,,,,,
2022-06-19,Aymara,Maule Sur,0.0,1.0,CONIFA South America Football Cup,True,1476.5,1515.0,-38.5,A,2022,,,,,,,,,,,,
2022-07-05,Angola,Comoros,3.0,1.0,COSAFA Cup,True,1495.5,1415.6,79.8,H,2022,,,,,,,,,,,,
2022-07-05,Seychelles,Botswana,0.0,1.0,COSAFA Cup,True,1087.5,1404.6,-317.1,A,2022,,,,,,,,,,,,
2022-07-06,Lesotho,Malawi,2.0,1.0,COSAFA Cup,True,1345.6,1436.9,-91.3,H,2022,,,,,,,,,,,,
2022-07-06,Mauritius,Eswatini,0.0,3.0,COSAFA Cup,True,1193.3,1359.5,-166.2,A,2022,,,,,,,,,,,,
2022-07-07,Comoros,Botswana,0.0,1.0,COSAFA Cup,True,1398.2,1408.8,-10.6,A,2022,,,,,,,,,,,,
2022-07-07,Angola,Seychelles,3.0,0.0,COSAFA Cup,True,1512.9,1083.4,429.5,H,2022,,,,,,,,,,,,
2022-07-08,Malawi,Eswatini,1.0,1.0,COSAFA Cup,True,1418.0,1374.0,44.0,D,2022,,,,,,,,,,,,
2022-07-08,Lesotho,Mauritius,2.0,1.0,COSAFA Cup,True,1364.4,1178.7,185.7,H,2022,,,,,,,,,,,,
2022-07-10,Seychelles,Comoros,1.0,2.0,COSAFA Cup,True,1079.3,1383.7,-304.4,A,2022,,,,,,,,,,,,
2022-07-10,Botswana,Angola,1.0,0.0,COSAFA Cup,True,1423.3,1517.0,-93.6,H,2022,,,,,,,,,,,,
2022-07-10,Mauritius,Malawi,0.0,2.0,COSAFA Cup,True,1171.0,1416.1,-245.1,A,2022,,,,,,,,,,,,
2022-07-10,Eswatini,Lesotho,2.0,0.0,COSAFA Cup,True,1375.9,1372.1,3.9,H,2022,,,,,,,,,,,,
2022-07-12,Zambia,Botswana,1.0,1.0,COSAFA Cup,True,1538.5,1442.3,96.2,D,2022,,,,,,,,,,,,
2022-07-12,Madagascar,Namibia,0.0,2.0,COSAFA Cup,True,1423.8,1483.9,-60.1,A,2022,,,,,,,,,,,,
2022-07-13,South Africa,Mozambique,0.0,0.0,COSAFA Cup,False,1640.8,1434.1,306.7,D,2022,26.3,3.05,641176.47,544385.86,,,,,,,,
2022-07-13,Senegal,Eswatini,1.0,1.0,COSAFA Cup,True,1849.5,1398.2,451.4,D,2022,25.68,3.69,9987179.49,15083956.15,,,,,,,,
2022-07-15,South Africa,Madagascar,2.0,1.0,COSAFA Cup,False,1630.2,1405.2,325.0,H,2022,26.3,3.05,641176.47,544385.86,,,,,,,,
2022-07-15,Botswana,Eswatini,2.0,0.0,COSAFA Cup,True,1446.3,1411.1,35.2,H,2022,,,,,,,,,,,,
2022-07-15,Namibia,Mozambique,1.0,0.0,COSAFA Cup,True,1502.6,1444.7,57.8,H,2022,,,,,,,,,,,,
2022-07-15,Zambia,Senegal,4.0,3.0,COSAFA Cup,True,1534.4,1836.6,-302.2,H,2022,,,,,25.68,3.69,9987179.49,15083956.15,,,,
2022-07-16,Elba Island,Raetia,5.0,0.0,Friendly,False,1507.7,1287.1,320.7,H,2022,,,,,,,,,,,,
2022-07-17,South Africa,Botswana,2.0,1.0,COSAFA Cup,False,1634.2,1466.6,267.6,H,2022,26.3,3.05,641176.47,544385.86,,,,,,,,
2022-07-17,Mozambique,Senegal,1.0,1.0,COSAFA Cup,True,1432.2,1811.1,-378.9,D,2022,,,,,25.68,3.69,9987179.49,15083956.15,,,,
2022-07-17,Namibia,Zambia,0.0,1.0,COSAFA Cup,True,1515.1,1559.9,-44.8,A,2022,,,,,,,,,,,,
2022-07-19,Japan,Hong Kong,6.0,0.0,EAFF Championship,False,1867.5,1318.4,649.1,H,2022,26.26,4.12,2947435.9,5334153.97,,,,,,,,
2022-07-20,China,South Korea,0.0,3.0,EAFF Championship,True,1588.2,1896.8,-308.6,A,2022,,,,,26.59,3.62,1641911.76,2112747.73,,,,
2022-07-24,South Korea,Hong Kong,3.0,0.0,EAFF Championship,True,1904.4,1316.9,587.4,H,2022,26.59,3.62,1641911.76,2112747.73,,,,,,,,
2022-07-24,Japan,China,0.0,0.0,EAFF Championship,False,1869.0,1580.6,388.4,D,2022,26.26,4.12,2947435.9,5334153.97,,,,,,,,
2022-07-27,China,Hong Kong,1.0,0.0,EAFF Championship,True,1592.7,1315.2,277.5,H,2022,,,,,,,,,,,,
2022-07-27,Japan,South Korea,3.0,0.0,EAFF Championship,False,1856.9,1906.1,50.8,H,2022,26.26,4.12,2947435.9,5334153.97,26.59,3.62,1641911.76,2112747.73,-0.3299999999999983,0.5,1305524.14,3221406.2399999998
2022-08-07,Raetia,Tibet,3.0,3.0,Friendly,False,1281.6,1305.9,75.7,D,2022,,,,,,,,,,,,
2022-08-31,Mexico,Paraguay,0.0,1.0,Friendly,True,1929.0,1788.1,140.9,A,2022,26.26,5.49,4012121.21,3425639.3,26.11,4.47,2715714.29,2411246.61,0.15000000000000213,1.0200000000000005,1296406.92,1014392.69
2022-09-17,Fiji,New Caledonia,1.0,0.0,MSG Prime Minister's Cup,True,1538.8,1536.9,1.9,H,2022,,,,,,,,,,,,
2022-09-21,Scotland,Ukraine,3.0,0.0,UEFA Nations League,False,1753.1,1888.2,-35.1,H,2022,27.41,4.35,7902027.03,9569465.76,,,,,,,,
2022-09-21,Vietnam,Singapore,4.0,0.0,Friendly,False,1516.0,1275.7,340.3,H,2022,,,,,,,,,,,,
2022-09-21,San Marino,Seychelles,0.0,0.0,Friendly,False,859.9,1074.8,-114.9,D,2022,,,,,,,,,,,,
2022-09-21,Libya,Uganda,0.0,0.0,Friendly,False,1452.1,1524.0,28.1,D,2022,,,,,,,,,,,,
2022-09-21,Hong Kong,Myanmar,2.0,0.0,Friendly,False,1310.2,1109.1,301.0,H,2022,,,,,,,,,,,,
2022-09-21,Brunei,Maldives,0.0,3.0,Friendly,False,880.2,1122.7,-142.6,A,2022,,,,,,,,,,,,
2022-09-21,Solomon Islands,New Caledonia,1.0,0.0,MSG Prime Minister's Cup,True,1544.1,1522.0,22.1,H,2022,,,,,,,,,,,,
2022-09-22,Latvia,Moldova,1.0,2.0,UEFA Nations League,False,1448.0,1257.7,290.2,A,2022,,,,,,,,,,,,
2022-09-22,Slovakia,Azerbaijan,1.0,2.0,UEFA Nations League,False,1672.3,1368.6,403.7,A,2022,,,,,,,,,,,,
2022-09-22,Kazakhstan,Belarus,2.0,1.0,UEFA Nations League,False,1467.4,1461.3,106.1,H,2022,,,,,,,,,,,,
2022-09-22,Turkey,Luxembourg,3.0,3.0,UEFA Nations League,False,1792.6,1456.4,436.2,D,2022,25.52,3.8,8481875.0,8472960.65,,,,,,,,
2022-09-22,Lithuania,Faroe Islands,1.0,1.0,UEFA Nations League,False,1306.0,1307.9,98.1,D,2022,,,,,,,,,,,,
2022-09-22,Poland,Netherlands,0.0,2.0,UEFA Nations League,False,1853.0,2049.5,-96.5,A,2022,,,,,25.22,4.59,17747972.97,17415834.65,,,,
2022-09-22,Liechtenstein,Andorra,0.0,2.0,UEFA Nations League,False,1088.6,1135.0,53.6,A,2022,,,,,,,,,,,,
2022-09-22,Belgium,Wales,2.0,1.0,UEFA Nations League,False,2092.1,1866.7,325.4,H,2022,27.95,4.38,14484210.53,14562452.19,,,,,,,,
2022-09-22,Croatia,Denmark,2.0,1.0,UEFA Nations League,False,1923.1,2007.8,15.3,H,2022,26.18,4.0,11381818.18,10516983.51,,,,,,,,
2022-09-22,Trinidad and Tobago,Tajikistan,1.0,2.0,King's Cup,True,1537.3,1460.0,77.3,A,2022,,,,,,,,,,,,
2022-09-22,Australia,New Zealand,1.0,0.0,Friendly,False,1808.8,1738.2,170.6,H,2022,26.59,4.55,1270394.74,1507785.23,24.72,3.99,548684.21,940638.56,1.870000000000001,0.5599999999999996,721710.53,567146.6699999999
2022-09-22,Cambodia,Bangladesh,0.0,1.0,Friendly,False,1070.8,1054.9,115.9,A,2022,,,,,,,,,,,,
2022-09-22,Comoros,Tunisia,0.0,1.0,Friendly,True,1388.1,1796.6,-408.6,A,2022,,,,,25.26,4.38,1571323.53,2350032.32,,,,
2022-09-22,France,Austria,2.0,0.0,UEFA Nations League,False,2068.2,1804.0,364.2,H,2022,26.49,3.91,42277777.78,32929732.52,26.97,3.78,9122857.14,9774605.16,-0.4800000000000004,0.13000000000000034,33154920.64,23155127.36
2022-09-22,Suriname,Nicaragua,2.0,1.0,Friendly,True,1487.6,1444.7,42.9,H,2022,,,,,,,,,,,,
2022-09-22,Thailand,Malaysia,1.0,1.0,King's Cup,False,1532.7,1371.6,261.1,D,2022,,,,,,,,,,,,
2022-09-22,Iceland,Venezuela,1.0,0.0,Friendly,True,1603.1,1749.5,-146.4,H,2022,,,,,,,,,,,,
2022-09-23,Estonia,Malta,2.0,1.0,UEFA Nations League,False,1467.7,1295.4,272.3,H,2022,,,,,,,,,,,,
2022-09-23,Bulgaria,Gibraltar,5.0,1.0,UEFA Nations League,False,1531.1,1168.1,463.1,H,2022,,,,,,,,,,,,
2022-09-23,Georgia,North Macedonia,2.0,0.0,UEFA Nations League,False,1700.8,1671.0,129.9,H,2022,,,,,,,,,,,,
2022-09-23,Finland,Romania,1.0,1.0,UEFA Nations League,False,1712.1,1634.3,177.8,D,2022,,,,,,,,,,,,
2022-09-23,Bosnia and Herzegovina,Montenegro,1.0,0.0,UEFA Nations League,False,1685.4,1638.7,146.7,H,2022,27.56,3.59,3667647.06,4583568.52,,,,,,,,
2022-09-23,Italy,England,1.0,0.0,UEFA Nations League,False,2012.1,1991.3,120.8,H,2022,,,,,26.61,3.51,43148648.65,30078470.54,,,,
2022-09-23,Germany,Hungary,0.0,1.0,UEFA Nations League,False,2041.8,1874.2,267.6,A,2022,27.31,3.86,26888888.89,22332124.07,,,,,,,,
2022-09-23,Saudi Arabia,Ecuador,0.0,0.0,Friendly,True,1743.6,1914.4,-170.8,D,2022,27.46,3.69,870394.74,623520.76,24.0,4.76,2385714.29,3242454.35,3.460000000000001,-1.0699999999999998,-1515319.55,-2618933.59
2022-09-23,Paraguay,United Arab Emirates,1.0,0.0,Friendly,True,1801.9,1627.9,174.0,H,2022,26.11,4.47,2715714.29,2411246.61,,,,,,,,
2022-09-23,Mali,Zambia,1.0,0.0,Friendly,False,1733.6,1573.0,260.5,H,2022,,,,,,,,,,,,
2022-09-23,South Korea,Costa Rica,2.0,2.0,Friendly,False,1883.7,1849.1,134.5,D,2022,26.59,3.62,1641911.76,2112747.73,,,,,,,,
2022-09-23,Rwanda,Equatorial Guinea,0.0,0.0,Friendly,True,1400.6,1565.8,-165.2,D,2022,,,,,,,,,,,,
2022-09-23,Iraq,Oman,1.0,1.0,Jordan International Tournament,True,1682.5,1674.7,7.9,D,2022,26.45,3.77,404032.26,259271.37,,,,,,,,
2022-09-23,Jordan,Syria,2.0,0.0,Jordan International Tournament,False,1682.7,1591.2,191.6,H,2022,26.67,4.1,280441.18,215261.02,,,,,,,,
2022-09-23,Japan,United States,2.0,0.0,Kirin Challenge Cup,True,1879.3,1928.4,-49.1,H,2022,26.26,4.12,2947435.9,5334153.97,23.72,3.77,8441666.67,10267948.38,2.5400000000000027,0.3500000000000001,-5494230.77,-4933794.410000001
2022-09-23,Algeria,Guinea,1.0,0.0,Friendly,False,1816.7,1509.7,406.9,H,2022,26.82,4.01,5271794.87,8934396.19,,,,,,,,
2022-09-23,Argentina,Honduras,3.0,0.0,Friendly,True,2190.3,1580.2,610.1,H,2022,26.61,3.95,18885714.29,13120913.36,,,,,,,,
2022-09-23,Bahrain,Cape Verde,1.0,2.0,Friendly,False,1655.7,1582.9,172.7,A,2022,,,,,26.48,4.2,762837.84,1299124.21,,,,
2022-09-23,Brazil,Ghana,3.0,0.0,Friendly,True,2226.4,1648.7,577.7,H,2022,26.94,4.36,30242857.14,25369095.77,24.2,3.51,4960625.0,8007570.42,2.740000000000002,0.8500000000000005,25282232.14,17361525.35
2022-09-23,Morocco,Chile,2.0,0.0,Friendly,True,1834.2,1789.7,44.5,H,2022,25.77,3.85,7743421.05,13301217.65,,,,,,,,
2022-09-23,Canada,Qatar,2.0,0.0,Friendly,True,1892.0,1761.8,130.1,H,2022,25.02,4.42,4973717.95,13205320.11,26.74,3.71,461428.57,685105.38,-1.7199999999999989,0.71,4512289.38,12520214.729999999
2022-09-23,DR Congo,Burkina Faso,0.0,1.0,Friendly,True,1555.1,1687.8,-132.7,A,2022,26.29,2.47,2511206.9,3355185.04,,,,,,,,
2022-09-23,Egypt,Niger,3.0,0.0,Friendly,False,1741.8,1380.6,461.2,H,2022,26.98,3.64,1478205.13,2045940.16,,,,,,,,
2022-09-23,Iran,Uruguay,1.0,0.0,Friendly,True,1907.2,2007.1,-99.9,H,2022,26.74,3.7,765789.47,598556.96,26.81,4.6,11986111.11,14171061.14,-0.07000000000000028,-0.8999999999999995,-11220321.639999999,-13572504.18
2022-09-23,Cameroon,Uzbekistan,0.0,2.0,Friendly,True,1740.5,1672.7,67.8,A,2022,,,,,24.11,2.95,1047972.97,1952894.41,,,,
2022-09-24,Kyrgyzstan,Russia,1.0,2.0,Friendly,False,1433.4,1811.0,-277.6,A,2022,,,,,,,,,,,,
2022-09-24,Vanuatu,Papua New Guinea,0.0,1.0,MSG Prime Minister's Cup,False,1521.5,1511.4,110.1,A,2022,,,,,,,,,,,,
2022-09-24,Czech Republic,Portugal,0.0,4.0,UEFA Nations League,False,1873.9,2049.6,-75.8,A,2022,27.97,2.83,4161029.41,6969996.6,27.78,5.02,32058333.33,24496081.04,0.18999999999999773,-2.1899999999999995,-27897303.919999998,-17526084.439999998
2022-09-24,Spain,Switzerland,1.0,2.0,UEFA Nations League,False,2100.5,1950.2,250.3,A,2022,24.97,4.48,30045454.55,20030417.64,27.32,3.71,8772368.42,8979499.29,-2.3500000000000014,0.7700000000000005,21273086.130000003,11050918.350000001
2022-09-24,Armenia,Ukraine,0.0,5.0,UEFA Nations League,False,1531.7,1849.6,-218.0,A,2022,,,,,,,,,,,,
2022-09-24,Israel,Albania,2.0,1.0,UEFA Nations League,False,1684.9,1600.7,184.1,H,2022,,,,,,,,,,,,
2022-09-24,Slovenia,Norway,2.0,1.0,UEFA Nations League,False,1661.9,1835.4,-73.6,H,2022,,,,,26.56,3.32,11991025.64,30782962.05,,,,
2022-09-24,Serbia,Sweden,4.0,1.0,UEFA Nations League,False,1891.7,1812.6,179.1,H,2022,,,,,28.03,4.04,4819736.84,8749402.53,,,,
2022-09-24,Northern Ireland,Kosovo,2.0,1.0,UEFA Nations League,False,1588.0,1579.1,108.9,H,2022,,,,,,,,,,,,
2022-09-24,Tanzania,Uganda,1.0,0.0,Friendly,True,1425.8,1524.8,-99.1,H,2022,,,,,,,,,,,,
2022-09-24,Scotland,Republic of Ireland,2.0,1.0,UEFA Nations League,False,1791.6,1741.0,150.6,H,2022,27.41,4.35,7902027.03,9569465.76,,,,,,,,
2022-09-24,Cyprus,Greece,1.0,0.0,UEFA Nations League,False,1379.2,1776.3,-297.1,H,2022,,,,,,,,,,,,
2022-09-24,South Africa,Sierra Leone,4.0,0.0,Friendly,False,1639.5,1489.1,250.3,H,2022,26.3,3.05,641176.47,544385.86,,,,,,,,
2022-09-24,Mauritania,Benin,1.0,0.0,Friendly,True,1474.6,1532.6,-58.0,H,2022,,,,,,,,,,,,
2022-09-24,Mexico,Peru,1.0,0.0,Friendly,True,1915.2,1921.6,-6.4,H,2022,26.26,5.49,4012121.21,3425639.3,,,,,,,,
2022-09-24,Bolivia,Senegal,0.0,2.0,Friendly,True,1694.2,1799.1,-105.0,A,2022,,,,,25.68,3.69,9987179.49,15083956.15,,,,
2022-09-24,Colombia,Guatemala,4.0,1.0,Friendly,True,1965.3,1614.3,351.0,H,2022,27.26,3.51,5315384.62,6685567.63,,,,,,,,
2022-09-24,Grenada,Saint Vincent and the Grenadines,1.0,3.0,Friendly,False,1296.0,1236.7,159.3,A,2022,,,,,,,,,,,,
2022-09-24,Hong Kong,Myanmar,0.0,0.0,Friendly,False,1314.7,1104.6,310.0,D,2022,,,,,,,,,,,,
2022-09-24,Fiji,Solomon Islands,2.0,2.0,MSG Prime Minister's Cup,True,1553.7,1558.2,-4.4,D,2022,,,,,,,,,,,,
2022-09-24,Indonesia,Curaçao,3.0,2.0,Friendly,False,1397.6,1545.4,-47.8,H,2022,,,,,27.39,5.02,557142.86,1019895.62,,,,
2022-09-24,Ivory Coast,Togo,2.0,1.0,Friendly,True,1774.1,1439.0,335.1,H,2022,26.03,4.56,9148571.43,11317637.85,,,,,,,,
2022-09-24,Laos,Maldives,1.0,3.0,Friendly,True,935.3,1133.4,-198.2,A,2022,,,,,,,,,,,,
2022-09-24,Madagascar,Congo,3.0,3.0,Friendly,True,1401.2,1428.4,-27.2,D,2022,,,,,,,,,,,,
2022-09-24,India,Singapore,1.0,1.0,Friendly,True,1400.5,1271.1,129.4,D,2022,,,,,,,,,,,,
2022-09-25,Faroe Islands,Turkey,2.0,1.0,UEFA Nations League,False,1313.4,1775.6,-362.2,H,2022,,,,,25.52,3.8,8481875.0,8472960.65,,,,
2022-09-25,Moldova,Liechtenstein,2.0,0.0,UEFA Nations League,False,1291.4,1054.0,337.4,H,2022,,,,,,,,,,,,
2022-09-25,Andorra,Latvia,1.0,1.0,UEFA Nations League,False,1169.6,1414.3,-144.7,D,2022,,,,,,,,,,,,
2022-09-25,Azerbaijan,Kazakhstan,3.0,0.0,UEFA Nations League,False,1405.0,1481.4,23.6,H,2022,,,,,,,,,,,,
2022-09-25,Luxembourg,Lithuania,1.0,0.0,UEFA Nations League,False,1473.4,1300.5,272.9,H,2022,,,,,,,,,,,,
2022-09-25,Netherlands,Belgium,1.0,0.0,UEFA Nations League,False,2071.3,2097.4,73.9,H,2022,25.22,4.59,17747972.97,17415834.65,27.95,4.38,14484210.53,14562452.19,-2.7300000000000004,0.20999999999999996,3263762.4399999995,2853382.459999999
2022-09-25,Slovakia,Belarus,1.0,1.0,UEFA Nations League,True,1635.9,1447.2,188.7,D,2022,,,,,,,,,,,,
2022-09-25,Denmark,France,2.0,0.0,UEFA Nations League,False,1988.7,2074.8,13.9,H,2022,,,,,26.49,3.91,42277777.78,32929732.52,,,,
2022-09-25,Austria,Croatia,1.0,3.0,UEFA Nations League,False,1797.5,1942.2,-44.8,A,2022,26.97,3.78,9122857.14,9774605.16,26.18,4.0,11381818.18,10516983.51,0.7899999999999991,-0.2200000000000002,-2258961.039999999,-742378.3499999996
2022-09-25,Niger,Liberia,0.0,0.0,Friendly,True,1378.3,1412.5,-34.2,D,2022,,,,,,,,,,,,
2022-09-25,New Zealand,Australia,0.0,2.0,Friendly,False,1732.7,1814.2,18.5,A,2022,24.72,3.99,548684.21,940638.56,26.59,4.55,1270394.74,1507785.23,-1.870000000000001,-0.5599999999999996,-721710.53,-567146.6699999999
2022-09-25,Malaysia,Tajikistan,0.0,0.0,King's Cup,True,1381.1,1478.2,-97.1,D,2022,,,,,,,,,,,,
2022-09-25,Thailand,Trinidad and Tobago,2.0,1.0,King's Cup,False,1523.1,1519.0,104.2,H,2022,,,,,,,,,,,,
2022-09-25,Wales,Poland,0.0,1.0,UEFA Nations League,False,1861.3,1831.1,130.2,A,2022,,,,,,,,,,,,
2022-09-26,San Marino,Estonia,0.0,4.0,UEFA Nations League,False,863.1,1474.6,-511.5,A,2022,,,,,,,,,,,,
2022-09-26,North Macedonia,Bulgaria,0.0,1.0,UEFA Nations League,False,1651.7,1536.0,215.7,A,2022,,,,,,,,,,,,
2022-09-26,Gibraltar,Georgia,1.0,2.0,UEFA Nations League,False,1163.2,1720.1,-456.9,A,2022,,,,,,,,,,,,
2022-09-26,Romania,Bosnia and Herzegovina,4.0,1.0,UEFA Nations League,False,1643.7,1697.4,46.3,H,2022,,,,,27.56,3.59,3667647.06,4583568.52,,,,
2022-09-26,Montenegro,Finland,0.0,2.0,UEFA Nations League,False,1626.7,1702.7,24.0,A,2022,,,,,,,,,,,,
2022-09-26,England,Germany,3.0,3.0,UEFA Nations League,False,1978.0,2008.9,69.2,D,2022,26.61,3.51,43148648.65,30078470.54,27.31,3.86,26888888.89,22332124.07,-0.6999999999999993,-0.3500000000000001,16259759.759999998,7746346.469999999
2022-09-26,Jordan,Oman,1.0,0.0,Jordan International Tournament,False,1694.0,1675.0,119.0,H,2022,26.67,4.1,280441.18,215261.02,,,,,,,,
2022-09-26,Iraq,Syria,1.0,0.0,Jordan International Tournament,True,1682.2,1580.0,102.2,H,2022,26.45,3.77,404032.26,259271.37,,,,,,,,
2022-09-26,Ethiopia,Sudan,2.0,2.0,Friendly,False,1480.1,1413.7,166.4,D,2022,,,,,,,,,,,,
2022-09-26,Hungary,Italy,0.0,2.0,UEFA Nations League,False,1907.1,2025.4,-18.3,A,2022,,,,,,,,,,,,
2022-09-27,Mexico,Colombia,2.0,3.0,Friendly,True,1925.3,1969.4,-44.1,A,2022,26.26,5.49,4012121.21,3425639.3,27.26,3.51,5315384.62,6685567.63,-1.0,1.9800000000000004,-1303263.4100000001,-3259928.33
2022-09-27,United Arab Emirates,Venezuela,0.0,4.0,Friendly,True,1622.6,1735.6,-113.0,A,2022,,,,,,,,,,,,
2022-09-27,Nepal,Bangladesh,3.0,1.0,Friendly,False,1132.4,1068.1,164.3,H,2022,,,,,,,,,,,,
2022-09-27,Paraguay,Morocco,0.0,0.0,Friendly,True,1807.3,1847.3,-40.0,D,2022,26.11,4.47,2715714.29,2411246.61,25.77,3.85,7743421.05,13301217.65,0.33999999999999986,0.6199999999999997,-5027706.76,-10889971.040000001
2022-09-27,Peru,El Salvador,4.0,1.0,Friendly,True,1911.4,1619.0,292.4,H,2022,,,,,,,,,,,,
2022-09-27,Qatar,Chile,2.0,2.0,Friendly,True,1752.2,1776.6,-24.4,D,2022,26.74,3.71,461428.57,685105.38,,,,,,,,
2022-09-27,Saudi Arabia,United States,0.0,0.0,Friendly,True,1748.2,1902.7,-154.5,D,2022,27.46,3.69,870394.74,623520.76,23.72,3.77,8441666.67,10267948.38,3.740000000000002,-0.08000000000000007,-7571271.93,-9644427.620000001
2022-09-27,South Africa,Botswana,1.0,0.0,Friendly,False,1646.6,1461.3,285.4,H,2022,26.3,3.05,641176.47,544385.86,,,,,,,,
2022-09-27,Vietnam,India,3.0,0.0,Friendly,False,1520.7,1396.9,223.8,H,2022,,,,,,,,,,,,
2022-09-27,Ivory Coast,Guinea,3.0,1.0,Friendly,True,1776.7,1508.0,268.7,H,2022,26.03,4.56,9148571.43,11317637.85,,,,,,,,
2022-09-27,Switzerland,Czech Republic,2.0,1.0,UEFA Nations League,False,1982.6,1844.4,238.1,H,2022,27.32,3.71,8772368.42,8979499.29,27.97,2.83,4161029.41,6969996.6,-0.6499999999999986,0.8799999999999999,4611339.01,2009502.6899999995
2022-09-27,Republic of Ireland,Armenia,3.0,2.0,UEFA Nations League,False,1729.1,1513.9,315.2,H,2022,,,,,,,,,,,,
2022-09-27,Ukraine,Scotland,0.0,0.0,UEFA Nations League,True,1867.4,1803.4,63.9,D,2022,,,,,27.41,4.35,7902027.03,9569465.76,,,,
2022-09-27,Albania,Iceland,1.0,1.0,UEFA Nations League,False,1590.5,1617.1,73.4,D,2022,,,,,,,,,,,,
2022-09-27,Norway,Serbia,0.0,2.0,UEFA Nations League,False,1811.3,1910.1,1.2,A,2022,26.56,3.32,11991025.64,30782962.05,,,,,,,,
2022-09-27,Sweden,Slovenia,1.0,1.0,UEFA Nations League,False,1794.2,1686.0,208.2,D,2022,28.03,4.04,4819736.84,8749402.53,,,,,,,,
2022-09-27,Kosovo,Cyprus,5.0,1.0,UEFA Nations League,False,1565.1,1413.1,252.0,H,2022,,,,,,,,,,,,
2022-09-27,Greece,Northern Ireland,3.0,1.0,UEFA Nations League,False,1742.4,1601.9,240.6,H,2022,,,,,,,,,,,,
2022-09-27,Mauritania,Congo,2.0,0.0,Friendly,True,1486.3,1427.6,58.7,H,2022,,,,,,,,,,,,
2022-09-27,Portugal,Spain,0.0,1.0,UEFA Nations League,False,2079.1,2068.2,110.9,A,2022,27.78,5.02,32058333.33,24496081.04,24.97,4.48,30045454.55,20030417.64,2.8100000000000023,0.5399999999999991,2012878.7799999975,4465663.3999999985
2022-09-27,Malta,Israel,2.0,1.0,Friendly,False,1288.5,1695.2,-306.7,H,2022,,,,,,,,,,,,
2022-09-27,Ghana,Nicaragua,1.0,0.0,Friendly,True,1647.5,1436.0,211.5,H,2022,24.2,3.51,4960625.0,8007570.42,,,,,,,,
2022-09-27,Libya,Tanzania,2.0,1.0,Friendly,False,1451.3,1438.5,112.8,H,2022,,,,,,,,,,,,
2022-09-27,Fiji,Papua New Guinea,0.0,1.0,MSG Prime Minister's Cup,True,1553.9,1531.0,22.9,A,2022,,,,,,,,,,,,
2022-09-27,Algeria,Nigeria,2.0,1.0,Friendly,False,1818.4,1741.4,177.0,H,2022,26.82,4.01,5271794.87,8934396.19,,,,,,,,
2022-09-27,Argentina,Jamaica,3.0,0.0,Friendly,True,2191.3,1673.7,517.6,H,2022,26.61,3.95,18885714.29,13120913.36,,,,,,,,
2022-09-27,Bahrain,Panama,0.0,2.0,Friendly,False,1641.1,1772.3,-31.3,A,2022,,,,,25.34,4.34,336842.11,575792.84,,,,
2022-09-27,Brazil,Tunisia,5.0,1.0,Friendly,True,2227.6,1798.4,429.2,H,2022,26.94,4.36,30242857.14,25369095.77,25.26,4.38,1571323.53,2350032.32,1.6799999999999997,-0.019999999999999574,28671533.61,23019063.45
2022-09-27,Brunei,Laos,1.0,0.0,Friendly,False,869.5,928.0,41.5,H,2022,,,,,,,,,,,,
2022-09-27,Canada,Uruguay,0.0,2.0,Friendly,True,1901.6,1994.3,-92.7,A,2022,25.02,4.42,4973717.95,13205320.11,26.81,4.6,11986111.11,14171061.14,-1.7899999999999991,-0.17999999999999972,-7012393.159999999,-965741.0300000012
2022-09-27,DR Congo,Sierra Leone,3.0,0.0,Friendly,True,1548.7,1482.0,66.8,H,2022,26.29,2.47,2511206.9,3355185.04,,,,,,,,
2022-09-27,Burkina Faso,Comoros,2.0,1.0,Friendly,True,1694.1,1386.3,307.8,H,2022,,,,,,,,,,,,
2022-09-27,Ecuador,Japan,0.0,0.0,Kirin Challenge Cup,True,1909.8,1905.0,4.9,D,2022,24.0,4.76,2385714.29,3242454.35,26.26,4.12,2947435.9,5334153.97,-2.2600000000000016,0.6399999999999997,-561721.6099999999,-2091699.6199999996
2022-09-27,Egypt,Liberia,3.0,0.0,Friendly,False,1744.1,1411.6,432.5,H,2022,26.98,3.64,1478205.13,2045940.16,,,,,,,,
2022-09-27,Equatorial Guinea,Togo,2.0,2.0,Friendly,True,1561.4,1436.5,124.9,D,2022,,,,,,,,,,,,
2022-09-27,Madagascar,Benin,3.0,1.0,Friendly,True,1402.0,1521.0,-119.0,H,2022,,,,,,,,,,,,
2022-09-27,Honduras,Guatemala,2.0,1.0,Friendly,True,1579.2,1610.2,-31.0,H,2022,,,,,,,,,,,,
2022-09-27,Indonesia,Curaçao,2.0,1.0,Friendly,False,1408.9,1534.0,-25.1,H,2022,,,,,27.39,5.02,557142.86,1019895.62,,,,
2022-09-27,Iran,Senegal,1.0,1.0,Friendly,True,1920.0,1809.7,110.2,D,2022,26.74,3.7,765789.47,598556.96,25.68,3.69,9987179.49,15083956.15,1.0599999999999987,0.010000000000000231,-9221390.02,-14485399.190000001
2022-09-27,South Korea,Cameroon,1.0,0.0,Friendly,False,1880.0,1722.7,257.3,H,2022,26.59,3.62,1641911.76,2112747.73,,,,,,,,
2022-09-27,Costa Rica,Uzbekistan,2.0,1.0,Friendly,True,1852.8,1690.6,162.2,H,2022,,,,,24.11,2.95,1047972.97,1952894.41,,,,
2022-09-30,Fiji,Solomon Islands,1.0,0.0,MSG Prime Minister's Cup,True,1537.9,1558.0,-20.0,H,2022,,,,,,,,,,,,
2022-10-01,Saint Vincent and the Grenadines,Grenada,1.0,5.0,Friendly,False,1258.2,1274.6,83.6,A,2022,,,,,,,,,,,,
2022-10-22,Saudi Arabia,North Macedonia,1.0,0.0,Friendly,True,1752.4,1620.7,131.7,H,2022,27.46,3.69,870394.74,623520.76,,,,,,,,
2022-10-23,Qatar,Guatemala,2.0,0.0,Friendly,True,1752.9,1599.3,153.6,H,2022,26.74,3.71,461428.57,685105.38,,,,,,,,
2022-10-26,Saudi Arabia,Albania,1.0,1.0,Friendly,True,1758.7,1586.3,172.5,D,2022,27.46,3.69,870394.74,623520.76,,,,,,,,
2022-10-27,Qatar,Honduras,1.0,0.0,Friendly,True,1761.7,1590.1,171.6,H,2022,26.74,3.71,461428.57,685105.38,,,,,,,,
2022-10-30,Saudi Arabia,Honduras,0.0,0.0,Friendly,True,1754.2,1584.7,169.5,D,2022,27.46,3.69,870394.74,623520.76,,,,,,,,
2022-11-05,Brunei,Timor-Leste,6.0,2.0,AFF Championship qualification,False,878.3,840.8,137.5,H,2022,,,,,,,,,,,,
2022-11-06,Saudi Arabia,Iceland,1.0,0.0,Friendly,True,1749.6,1621.2,128.4,H,2022,27.46,3.69,870394.74,623520.76,,,,,,,,
2022-11-07,Qatar,Panama,2.0,1.0,Friendly,True,1767.1,1786.0,-18.9,H,2022,26.74,3.71,461428.57,685105.38,25.34,4.34,336842.11,575792.84,1.3999999999999986,-0.6299999999999999,124586.46000000002,109312.54000000004
2022-11-08,Brunei,Timor-Leste,0.0,1.0,AFF Championship qualification,False,901.7,817.4,184.3,A,2022,,,,,,,,,,,,
2022-11-09,Albania,Qatar,0.0,1.0,Friendly,True,1590.9,1777.7,-186.8,A,2022,,,,,26.74,3.71,461428.57,685105.38,,,,
2022-11-09,Cameroon,Jamaica,1.0,1.0,Friendly,False,1718.9,1672.1,146.9,D,2022,,,,,,,,,,,,
2022-11-09,Costa Rica,Nigeria,2.0,0.0,Friendly,False,1858.5,1736.1,222.3,H,2022,,,,,,,,,,,,
2022-11-09,Mexico,Iraq,4.0,0.0,Friendly,True,1916.6,1692.9,223.7,H,2022,26.26,5.49,4012121.21,3425639.3,26.45,3.77,404032.26,259271.37,-0.18999999999999773,1.7200000000000002,3608088.95,3166367.9299999997
2022-11-10,Iran,Nicaragua,1.0,0.0,Friendly,False,1916.9,1431.4,585.5,H,2022,26.74,3.7,765789.47,598556.96,,,,,,,,
2022-11-10,Saudi Arabia,Panama,1.0,1.0,Friendly,True,1756.1,1775.4,-19.4,D,2022,27.46,3.69,870394.74,623520.76,25.34,4.34,336842.11,575792.84,2.120000000000001,-0.6499999999999999,533552.63,47727.92000000004
2022-11-11,Bahrain,Canada,2.0,2.0,Friendly,False,1627.4,1890.5,-163.1,D,2022,,,,,25.02,4.42,4973717.95,13205320.11,,,,
2022-11-11,South Korea,Iceland,1.0,0.0,Friendly,False,1883.7,1614.8,368.9,H,2022,26.59,3.62,1641911.76,2112747.73,,,,,,,,
2022-11-12,Iraq,Ecuador,0.0,0.0,Friendly,True,1684.8,1909.6,-224.8,D,2022,26.45,3.77,404032.26,259271.37,24.0,4.76,2385714.29,3242454.35,2.4499999999999993,-0.9899999999999998,-1981682.03,-2983182.98
2022-11-13,West Papua,Raetia,1.0,1.0,Friendly,True,1478.8,1279.5,199.3,D,2022,,,,,,,,,,,,
2022-11-13,Syria,Algeria,0.0,1.0,Friendly,True,1569.2,1823.7,-254.5,A,2022,,,,,26.82,4.01,5271794.87,8934396.19,,,,
2022-11-15,Venezuela,Panama,2.0,2.0,Friendly,True,1748.4,1774.9,-26.5,D,2022,,,,,25.34,4.34,336842.11,575792.84,,,,
2022-11-16,Latvia,Estonia,1.0,1.0,Baltic Cup,False,1406.4,1478.3,28.1,D,2022,,,,,,,,,,,,
2022-11-16,Lithuania,Iceland,0.0,0.0,Baltic Cup,False,1293.6,1612.6,-219.1,D,2022,,,,,,,,,,,,
2022-11-16,Uzbekistan,Kazakhstan,2.0,0.0,Friendly,False,1684.9,1448.8,336.1,H,2022,24.11,2.95,1047972.97,1952894.41,,,,,,,,
2022-11-16,United Arab Emirates,Argentina,0.0,5.0,Friendly,False,1609.7,2193.0,-483.3,A,2022,,,,,26.61,3.95,18885714.29,13120913.36,,,,
2022-11-16,Turkey,Scotland,2.0,1.0,Friendly,False,1740.0,1807.1,33.0,H,2022,25.52,3.8,8481875.0,8472960.65,27.41,4.35,7902027.03,9569465.76,-1.8900000000000006,-0.5499999999999998,579847.9699999997,-1096505.1099999994
2022-11-16,Saudi Arabia,Croatia,0.0,1.0,Friendly,False,1756.6,1968.4,-111.8,A,2022,27.46,3.69,870394.74,623520.76,26.18,4.0,11381818.18,10516983.51,1.2800000000000011,-0.31000000000000005,-10511423.44,-9893462.75
2022-11-16,Poland,Chile,1.0,0.0,Friendly,False,1858.3,1775.9,182.4,H,2022,,,,,,,,,,,,
2022-11-16,Peru,Paraguay,1.0,0.0,Friendly,False,1916.9,1808.4,208.4,H,2022,,,,,26.11,4.47,2715714.29,2411246.61,,,,
2022-11-16,Oman,Germany,0.0,1.0,Friendly,False,1665.0,2012.8,-247.8,A,2022,,,,,27.31,3.86,26888888.89,22332124.07,,,,
2022-11-16,Nicaragua,El Salvador,1.0,0.0,Friendly,False,1430.7,1613.6,-82.8,H,2022,,,,,,,,,,,,
2022-11-16,Nepal,Pakistan,1.0,0.0,Friendly,False,1140.8,1082.7,158.1,H,2022,,,,,,,,,,,,
2022-11-16,Dominican Republic,Cuba,2.0,4.0,Friendly,False,1382.4,1451.2,31.2,A,2022,,,,,,,,,,,,
2022-11-16,Mexico,Sweden,1.0,2.0,Friendly,True,1924.7,1783.5,141.2,A,2022,26.26,5.49,4012121.21,3425639.3,28.03,4.04,4819736.84,8749402.53,-1.7699999999999996,1.4500000000000002,-807615.6299999999,-5323763.2299999995
2022-11-16,Algeria,Mali,1.0,1.0,Friendly,False,1827.5,1737.2,190.3,D,2022,26.82,4.01,5271794.87,8934396.19,,,,,,,,
2022-11-16,Andorra,Austria,0.0,1.0,Friendly,True,1177.5,1771.3,-593.9,A,2022,,,,,26.97,3.78,9122857.14,9774605.16,,,,
2022-11-16,Cyprus,Bulgaria,0.0,2.0,Friendly,False,1398.9,1567.1,-68.2,A,2022,,,,,,,,,,,,
2022-11-16,Czech Republic,Faroe Islands,5.0,0.0,Friendly,False,1836.3,1349.0,587.3,H,2022,27.97,2.83,4161029.41,6969996.6,,,,,,,,
2022-11-16,Albania,Italy,1.0,3.0,Friendly,False,1585.8,2053.9,-368.1,A,2022,,,,,,,,,,,,
2022-11-16,Gibraltar,Liechtenstein,2.0,0.0,Friendly,False,1160.5,1046.4,214.1,H,2022,,,,,,,,,,,,
2022-11-16,Iran,Tunisia,0.0,2.0,Friendly,True,1917.6,1795.5,122.1,A,2022,26.74,3.7,765789.47,598556.96,25.26,4.38,1571323.53,2350032.32,1.4799999999999969,-0.6799999999999997,-805534.06,-1751475.3599999999
2022-11-16,Ivory Coast,Burundi,4.0,0.0,Friendly,True,1781.9,1433.4,348.5,H,2022,26.03,4.56,9148571.43,11317637.85,,,,,,,,
2022-11-16,Kosovo,Armenia,2.0,2.0,Friendly,False,1579.4,1508.3,171.0,D,2022,,,,,,,,,,,,
2022-11-16,Moldova,Azerbaijan,1.0,2.0,Friendly,False,1298.9,1437.7,-38.7,A,2022,,,,,,,,,,,,
2022-11-17,North Macedonia,Finland,1.0,1.0,Friendly,False,1614.3,1734.7,-20.5,D,2022,,,,,,,,,,,,
2022-11-17,Syria,Belarus,0.0,1.0,Friendly,True,1565.5,1457.1,108.4,A,2022,,,,,,,,,,,,
2022-11-17,Switzerland,Ghana,0.0,2.0,Friendly,True,1990.7,1652.0,338.6,A,2022,27.32,3.71,8772368.42,8979499.29,24.2,3.51,4960625.0,8007570.42,3.120000000000001,0.20000000000000018,3811743.42,971928.8699999992
2022-11-17,Saint Lucia,San Marino,1.0,1.0,Friendly,False,1315.8,859.4,556.4,D,2022,,,,,,,,,,,,
2022-11-17,South Africa,Mozambique,2.0,1.0,Friendly,False,1649.9,1444.2,305.7,H,2022,26.3,3.05,641176.47,544385.86,,,,,,,,
2022-11-17,Rwanda,Sudan,0.0,0.0,Friendly,False,1405.0,1418.2,86.8,D,2022,,,,,,,,,,,,
2022-11-17,Romania,Slovenia,1.0,2.0,Friendly,False,1674.1,1696.8,77.3,A,2022,,,,,,,,,,,,
2022-11-17,Republic of Ireland,Norway,1.0,2.0,Friendly,False,1734.7,1781.2,53.6,A,2022,,,,,26.56,3.32,11991025.64,30782962.05,,,,
2022-11-17,Portugal,Nigeria,4.0,0.0,Friendly,False,2052.9,1729.6,423.3,H,2022,27.78,5.02,32058333.33,24496081.04,,,,,,,,
2022-11-17,Tajikistan,Russia,0.0,0.0,Friendly,False,1474.2,1814.4,-240.2,D,2022,,,,,,,,,,,,
2022-11-17,Niger,Libya,2.0,3.0,Friendly,True,1379.3,1458.2,-78.9,A,2022,,,,,,,,,,,,
2022-11-17,Montenegro,Slovakia,2.0,2.0,Friendly,False,1594.6,1626.0,68.6,D,2022,,,,,,,,,,,,
2022-11-17,Malta,Greece,2.0,2.0,Friendly,False,1305.5,1754.5,-348.9,D,2022,,,,,,,,,,,,
2022-11-17,Luxembourg,Hungary,2.0,2.0,Friendly,False,1480.3,1878.7,-298.4,D,2022,,,,,,,,,,,,
2022-11-17,Jordan,Spain,1.0,3.0,Friendly,False,1704.0,2094.4,-290.4,A,2022,26.67,4.1,280441.18,215261.02,24.97,4.48,30045454.55,20030417.64,1.7000000000000028,-0.3800000000000008,-29765013.37,-19815156.62
2022-11-17,Japan,Canada,1.0,2.0,Friendly,True,1905.2,1886.2,19.0,A,2022,26.26,4.12,2947435.9,5334153.97,25.02,4.42,4973717.95,13205320.11,1.240000000000002,-0.2999999999999998,-2026282.0500000003,-7871166.14
2022-11-17,Israel,Zambia,4.0,2.0,Friendly,False,1678.1,1569.4,208.7,H,2022,,,,,,,,,,,,
2022-11-17,Gabon,Guinea-Bissau,3.0,1.0,Friendly,True,1577.1,1495.1,82.0,H,2022,,,,,,,,,,,,
2022-11-17,Angola,Botswana,1.0,0.0,Friendly,True,1498.0,1458.0,40.0,H,2022,,,,,,,,,,,,
2022-11-17,Morocco,Georgia,3.0,0.0,Friendly,True,1846.1,1722.8,123.3,H,2022,25.77,3.85,7743421.05,13301217.65,,,,,,,,
2022-11-18,Egypt,Belgium,2.0,1.0,Friendly,True,1746.8,2081.6,-334.9,H,2022,26.98,3.64,1478205.13,2045940.16,27.95,4.38,14484210.53,14562452.19,-0.9699999999999989,-0.7399999999999998,-13006005.399999999,-12516512.03
2022-11-18,Dominican Republic,Cuba,1.0,1.0,Friendly,False,1366.0,1467.5,-1.5,D,2022,,,,,,,,,,,,
2022-11-18,Bahrain,Serbia,1.0,5.0,Friendly,False,1631.8,1940.2,-208.4,A,2022,,,,,,,,,,,,
2022-11-18,Cameroon,Panama,1.0,1.0,Friendly,True,1715.0,1774.1,-59.2,D,2022,,,,,25.34,4.34,336842.11,575792.84,,,,
2022-11-19,Rwanda,Sudan,1.0,0.0,Friendly,False,1402.6,1420.6,81.9,H,2022,,,,,,,,,,,,
2022-11-19,Latvia,Iceland,1.0,1.0,Baltic Cup,False,1405.2,1604.3,-99.0,D,2022,,,,,,,,,,,,
2022-11-19,Estonia,Lithuania,2.0,0.0,Baltic Cup,False,1479.5,1302.0,277.6,H,2022,,,,,,,,,,,,
2022-11-19,United Arab Emirates,Kazakhstan,2.0,1.0,Friendly,False,1607.4,1445.0,262.4,H,2022,,,,,,,,,,,,
2022-11-19,Turkey,Czech Republic,2.0,1.0,Friendly,False,1749.1,1837.6,11.5,H,2022,25.52,3.8,8481875.0,8472960.65,27.97,2.83,4161029.41,6969996.6,-2.4499999999999993,0.9699999999999998,4320845.59,1502964.0500000007
2022-11-19,Sweden,Algeria,2.0,0.0,Friendly,False,1797.3,1822.5,74.9,H,2022,28.03,4.04,4819736.84,8749402.53,26.82,4.01,5271794.87,8934396.19,1.2100000000000009,0.03000000000000025,-452058.03000000026,-184993.66000000015
2022-11-19,Peru,Bolivia,1.0,0.0,Friendly,False,1921.5,1683.6,337.9,H,2022,,,,,,,,,,,,
2022-11-19,Ivory Coast,Burkina Faso,1.0,2.0,Friendly,True,1786.4,1697.0,89.4,A,2022,26.03,4.56,9148571.43,11317637.85,,,,,,,,
2022-11-19,Kosovo,Faroe Islands,1.0,1.0,Friendly,False,1574.8,1347.7,327.2,D,2022,,,,,,,,,,,,
2022-11-19,Albania,Armenia,2.0,0.0,Friendly,False,1582.6,1512.9,169.7,H,2022,,,,,,,,,,,,
2022-11-19,Colombia,Paraguay,2.0,0.0,Friendly,True,1978.1,1803.8,174.3,H,2022,27.26,3.51,5315384.62,6685567.63,26.11,4.47,2715714.29,2411246.61,1.1500000000000021,-0.96,2599670.33,4274321.02
2022-11-19,Kuwait,Lebanon,2.0,0.0,Friendly,True,1399.1,1459.8,-60.7,H,2022,,,,,,,,,,,,
2022-11-19,Guatemala,Nicaragua,3.0,1.0,Friendly,True,1590.6,1443.1,147.5,H,2022,,,,,,,,,,,,
2022-11-19,Gibraltar,Andorra,1.0,0.0,Friendly,False,1167.3,1176.8,90.5,H,2022,,,,,,,,,,,,
2022-11-20,Uzbekistan,Russia,0.0,0.0,Friendly,False,1688.7,1808.4,-19.7,D,2022,24.11,2.95,1047972.97,1952894.41,,,,,,,,
2022-11-20,Saint Lucia,San Marino,1.0,0.0,Friendly,False,1306.6,868.6,538.0,H,2022,,,,,,,,,,,,
2022-11-20,South Africa,Angola,1.0,1.0,Friendly,False,1652.8,1506.9,246.0,D,2022,26.3,3.05,641176.47,544385.86,,,,,,,,
2022-11-20,Slovenia,Montenegro,1.0,0.0,Friendly,False,1709.0,1592.6,216.3,H,2022,,,,,,,,,,,,
2022-11-20,Slovakia,Chile,0.0,0.0,Friendly,False,1627.9,1770.7,-42.8,D,2022,,,,,,,,,,,,
2022-11-20,Oman,Belarus,2.0,0.0,Friendly,True,1661.1,1470.1,191.0,H,2022,,,,,,,,,,,,
2022-11-20,Norway,Finland,1.0,1.0,Friendly,False,1792.7,1734.2,158.5,D,2022,26.56,3.32,11991025.64,30782962.05,,,,,,,,
2022-11-20,North Macedonia,Azerbaijan,1.0,3.0,Friendly,False,1614.9,1446.5,268.3,A,2022,,,,,,,,,,,,
2022-11-20,Qatar,Ecuador,0.0,2.0,FIFA World Cup,False,1782.7,1903.9,-21.2,A,2022,26.74,3.71,461428.57,685105.38,24.0,4.76,2385714.29,3242454.35,2.7399999999999984,-1.0499999999999998,-1924285.72,-2557348.97
2022-11-20,Moldova,Romania,0.0,5.0,Friendly,False,1290.0,1661.9,-271.9,A,2022,,,,,,,,,,,,
2022-11-20,Niger,Gabon,1.0,3.0,Friendly,True,1371.5,1588.6,-217.1,A,2022,,,,,,,,,,,,
2022-11-20,Austria,Italy,2.0,0.0,Friendly,False,1772.0,2057.1,-185.1,H,2022,26.97,3.78,9122857.14,9774605.16,,,,,,,,
2022-11-20,Gambia,Guinea-Bissau,0.0,0.0,Friendly,True,1537.4,1483.6,53.8,D,2022,,,,,,,,,,,,
2022-11-20,Syria,Venezuela,1.0,2.0,Friendly,True,1552.5,1749.2,-196.7,A,2022,,,,,,,,,,,,
2022-11-20,Israel,Cyprus,2.0,3.0,Friendly,False,1685.0,1386.8,398.3,A,2022,,,,,,,,,,,,
2022-11-20,Hungary,Greece,2.0,1.0,Friendly,False,1871.8,1746.8,224.9,H,2022,,,,,,,,,,,,
2022-11-20,Luxembourg,Bulgaria,0.0,0.0,Friendly,False,1487.2,1579.1,8.1,D,2022,,,,,,,,,,,,
2022-11-20,Malta,Republic of Ireland,0.0,1.0,Friendly,False,1313.2,1723.2,-310.0,A,2022,,,,,,,,,,,,
2022-11-21,Senegal,Netherlands,0.0,2.0,FIFA World Cup,True,1812.8,2087.1,-274.3,A,2022,25.68,3.69,9987179.49,15083956.15,25.22,4.59,17747972.97,17415834.65,0.46000000000000085,-0.8999999999999999,-7760793.479999999,-2331878.499999998
2022-11-21,England,Iran,6.0,2.0,FIFA World Cup,True,1974.1,1897.5,76.6,H,2022,26.61,3.51,43148648.65,30078470.54,26.74,3.7,765789.47,598556.96,-0.129999999999999,-0.1900000000000004,42382859.18,29479913.58
2022-11-21,United States,Wales,1.0,1.0,FIFA World Cup,True,1898.5,1834.2,64.4,D,2022,23.72,3.77,8441666.67,10267948.38,,,,,,,,
2022-11-22,France,Australia,4.0,1.0,FIFA World Cup,True,2046.0,1830.0,216.0,H,2022,26.49,3.91,42277777.78,32929732.52,26.59,4.55,1270394.74,1507785.23,-0.10000000000000142,-0.6399999999999997,41007383.04,31421947.29
2022-11-22,Denmark,Tunisia,0.0,0.0,FIFA World Cup,True,2017.5,1815.5,202.0,D,2022,,,,,25.26,4.38,1571323.53,2350032.32,,,,
2022-11-22,Argentina,Saudi Arabia,1.0,2.0,FIFA World Cup,True,2195.4,1749.8,445.6,A,2022,26.61,3.95,18885714.29,13120913.36,27.46,3.69,870394.74,623520.76,-0.8500000000000014,0.26000000000000023,18015319.55,12497392.6
2022-11-22,Mexico,Poland,0.0,0.0,FIFA World Cup,True,1910.9,1863.5,47.4,D,2022,26.26,5.49,4012121.21,3425639.3,,,,,,,,
2022-11-23,Spain,Costa Rica,7.0,0.0,FIFA World Cup,True,2099.1,1865.0,234.1,H,2022,24.97,4.48,30045454.55,20030417.64,,,,,,,,
2022-11-23,Morocco,Croatia,0.0,0.0,FIFA World Cup,True,1857.7,1975.3,-117.6,D,2022,25.77,3.85,7743421.05,13301217.65,26.18,4.0,11381818.18,10516983.51,-0.41000000000000014,-0.1499999999999999,-3638397.13,2784234.1400000006
2022-11-23,Belgium,Canada,1.0,0.0,FIFA World Cup,True,2064.2,1896.7,167.5,H,2022,27.95,4.38,14484210.53,14562452.19,25.02,4.42,4973717.95,13205320.11,2.9299999999999997,-0.040000000000000036,9510492.579999998,1357132.08
2022-11-23,Germany,Japan,1.0,2.0,FIFA World Cup,True,2016.7,1894.6,122.0,A,2022,27.31,3.86,26888888.89,22332124.07,26.26,4.12,2947435.9,5334153.97,1.0499999999999972,-0.26000000000000023,23941452.990000002,16997970.1
2022-11-24,Switzerland,Cameroon,1.0,0.0,FIFA World Cup,True,1964.4,1716.6,247.8,H,2022,27.32,3.71,8772368.42,8979499.29,,,,,,,,
2022-11-24,Brazil,Serbia,2.0,0.0,FIFA World Cup,True,2230.5,1948.9,281.6,H,2022,26.94,4.36,30242857.14,25369095.77,,,,,,,,
2022-11-24,Uruguay,South Korea,0.0,0.0,FIFA World Cup,True,2005.4,1885.8,119.6,D,2022,26.81,4.6,11986111.11,14171061.14,26.59,3.62,1641911.76,2112747.73,0.21999999999999886,0.9799999999999995,10344199.35,12058313.41
2022-11-24,Portugal,Ghana,3.0,2.0,FIFA World Cup,True,2055.9,1678.3,377.6,H,2022,27.78,5.02,32058333.33,24496081.04,24.2,3.51,4960625.0,8007570.42,3.580000000000002,1.5099999999999998,27097708.33,16488510.62
2022-11-25,England,United States,0.0,0.0,FIFA World Cup,True,2018.1,1893.0,125.1,D,2022,26.61,3.51,43148648.65,30078470.54,23.72,3.77,8441666.67,10267948.38,2.8900000000000006,-0.26000000000000023,34706981.98,19810522.159999996
2022-11-25,Qatar,Senegal,1.0,3.0,FIFA World Cup,False,1740.5,1797.4,43.1,A,2022,26.74,3.71,461428.57,685105.38,25.68,3.69,9987179.49,15083956.15,1.0599999999999987,0.020000000000000018,-9525750.92,-14398850.77
2022-11-25,Netherlands,Ecuador,1.0,1.0,FIFA World Cup,True,2102.5,1946.2,156.3,D,2022,25.22,4.59,17747972.97,17415834.65,24.0,4.76,2385714.29,3242454.35,1.2199999999999989,-0.16999999999999993,15362258.68,14173380.299999999
2022-11-25,Wales,Iran,0.0,2.0,FIFA World Cup,True,1839.7,1853.5,-13.8,A,2022,,,,,26.74,3.7,765789.47,598556.96,,,,
2022-11-26,France,Denmark,2.0,1.0,FIFA World Cup,True,2069.5,2001.8,67.7,H,2022,26.49,3.91,42277777.78,32929732.52,,,,,,,,
2022-11-26,Tunisia,Australia,0.0,1.0,FIFA World Cup,True,1831.2,1806.5,24.7,A,2022,25.26,4.38,1571323.53,2350032.32,26.59,4.55,1270394.74,1507785.23,-1.3299999999999983,-0.16999999999999993,300928.79000000004,842247.0899999999
2022-11-26,Poland,Saudi Arabia,2.0,0.0,FIFA World Cup,True,1867.5,1805.5,62.1,H,2022,,,,,27.46,3.69,870394.74,623520.76,,,,
2022-11-26,Argentina,Mexico,2.0,0.0,FIFA World Cup,True,2139.7,1906.8,232.9,H,2022,26.61,3.95,18885714.29,13120913.36,26.26,5.49,4012121.21,3425639.3,0.34999999999999787,-1.54,14873593.079999998,9695274.059999999
2022-11-27,Japan,Costa Rica,0.0,1.0,FIFA World Cup,True,1934.8,1837.2,97.6,A,2022,26.26,4.12,2947435.9,5334153.97,,,,,,,,
2022-11-27,Spain,Germany,1.0,1.0,FIFA World Cup,True,2127.0,1976.5,150.4,D,2022,24.97,4.48,30045454.55,20030417.64,27.31,3.86,26888888.89,22332124.07,-2.34,0.6200000000000006,3156565.66,-2301706.4299999997
2022-11-27,Belgium,Morocco,0.0,2.0,FIFA World Cup,True,2080.7,1867.5,213.3,A,2022,27.95,4.38,14484210.53,14562452.19,25.77,3.85,7743421.05,13301217.65,2.1799999999999997,0.5299999999999998,6740789.4799999995,1261234.539999999
2022-11-27,Croatia,Canada,4.0,1.0,FIFA World Cup,True,1965.5,1880.1,85.4,H,2022,26.18,4.0,11381818.18,10516983.51,25.02,4.42,4973717.95,13205320.11,1.1600000000000001,-0.41999999999999993,6408100.2299999995,-2688336.5999999996
2022-11-28,Cameroon,Serbia,3.0,3.0,FIFA World Cup,True,1705.0,1934.0,-229.0,D,2022,,,,,,,,,,,,
2022-11-28,Brazil,Switzerland,1.0,0.0,FIFA World Cup,True,2245.4,1976.0,269.3,H,2022,26.94,4.36,30242857.14,25369095.77,27.32,3.71,8772368.42,8979499.29,-0.379999999999999,0.6500000000000004,21470488.72,16389596.48
2022-11-28,South Korea,Ghana,2.0,3.0,FIFA World Cup,True,1895.7,1672.2,223.6,A,2022,26.59,3.62,1641911.76,2112747.73,24.2,3.51,4960625.0,8007570.42,2.3900000000000006,0.11000000000000032,-3318713.24,-5894822.6899999995
2022-11-28,Portugal,Uruguay,2.0,0.0,FIFA World Cup,True,2062.0,1995.4,66.6,H,2022,27.78,5.02,32058333.33,24496081.04,26.81,4.6,11986111.11,14171061.14,0.9700000000000024,0.41999999999999993,20072222.22,10325019.899999999
2022-11-29,Iran,United States,0.0,1.0,FIFA World Cup,True,1896.7,1903.4,-6.7,A,2022,26.74,3.7,765789.47,598556.96,23.72,3.77,8441666.67,10267948.38,3.0199999999999996,-0.06999999999999984,-7675877.2,-9669391.420000002
2022-11-29,Wales,England,0.0,3.0,FIFA World Cup,True,1796.5,2007.8,-211.3,A,2022,,,,,26.61,3.51,43148648.65,30078470.54,,,,
2022-11-29,Qatar,Netherlands,0.0,2.0,FIFA World Cup,False,1689.9,2089.9,-299.9,A,2022,26.74,3.71,461428.57,685105.38,25.22,4.59,17747972.97,17415834.65,1.5199999999999996,-0.8799999999999999,-17286544.4,-16730729.269999998
2022-11-29,Ecuador,Senegal,1.0,2.0,FIFA World Cup,True,1958.9,1848.0,110.9,A,2022,24.0,4.76,2385714.29,3242454.35,25.68,3.69,9987179.49,15083956.15,-1.6799999999999997,1.0699999999999998,-7601465.2,-11841501.8
2022-11-30,Poland,Argentina,0.0,2.0,FIFA World Cup,True,1904.6,2158.3,-253.7,A,2022,,,,,26.61,3.95,18885714.29,13120913.36,,,,
2022-11-30,Saudi Arabia,Mexico,1.0,2.0,FIFA World Cup,True,1768.4,1888.1,-119.7,A,2022,27.46,3.69,870394.74,623520.76,26.26,5.49,4012121.21,3425639.3,1.1999999999999993,-1.8000000000000003,-3141726.4699999997,-2802118.54
2022-11-30,Australia,Denmark,1.0,0.0,FIFA World Cup,True,1838.7,1977.6,-138.9,H,2022,26.59,4.55,1270394.74,1507785.23,,,,,,,,
2022-11-30,Tunisia,France,1.0,0.0,FIFA World Cup,True,1799.1,2093.7,-294.6,H,2022,25.26,4.38,1571323.53,2350032.32,26.49,3.91,42277777.78,32929732.52,-1.2299999999999969,0.46999999999999975,-40706454.25,-30579700.2
2022-12-01,Japan,Spain,2.0,1.0,FIFA World Cup,True,1896.5,2114.7,-218.2,H,2022,26.26,4.12,2947435.9,5334153.97,24.97,4.48,30045454.55,20030417.64,1.2900000000000027,-0.3600000000000003,-27098018.650000002,-14696263.670000002
2022-12-01,Costa Rica,Germany,2.0,4.0,FIFA World Cup,True,1875.4,1988.8,-113.4,A,2022,,,,,27.31,3.86,26888888.89,22332124.07,,,,
2022-12-01,Croatia,Belgium,0.0,0.0,FIFA World Cup,True,2005.4,2011.1,-5.8,D,2022,26.18,4.0,11381818.18,10516983.51,27.95,4.38,14484210.53,14562452.19,-1.7699999999999996,-0.3799999999999999,-3102392.3499999996,-4045468.6799999997
2022-12-01,Canada,Morocco,1.0,2.0,FIFA World Cup,True,1840.3,1937.1,-96.8,A,2022,25.02,4.42,4973717.95,13205320.11,25.77,3.85,7743421.05,13301217.65,-0.75,0.5699999999999998,-2769703.0999999996,-95897.54000000097
2022-12-02,South Korea,Portugal,2.0,1.0,FIFA World Cup,True,1848.7,2098.5,-249.8,H,2022,26.59,3.62,1641911.76,2112747.73,27.78,5.02,32058333.33,24496081.04,-1.1900000000000013,-1.3999999999999995,-30416421.569999997,-22383333.31
2022-12-02,Ghana,Uruguay,0.0,2.0,FIFA World Cup,True,1719.2,1959.0,-239.8,A,2022,24.2,3.51,4960625.0,8007570.42,26.81,4.6,11986111.11,14171061.14,-2.6099999999999994,-1.0899999999999999,-7025486.109999999,-6163490.720000001
2022-12-02,Serbia,Switzerland,2.0,3.0,FIFA World Cup,True,1916.7,1965.5,-48.8,A,2022,,,,,27.32,3.71,8772368.42,8979499.29,,,,
2022-12-02,Cameroon,Brazil,1.0,0.0,FIFA World Cup,True,1722.4,2255.9,-533.5,H,2022,,,,,26.94,4.36,30242857.14,25369095.77,,,,
2022-12-03,Netherlands,United States,3.0,1.0,FIFA World Cup,True,2103.5,1932.8,170.6,H,2022,25.22,4.59,17747972.97,17415834.65,23.72,3.77,8441666.67,10267948.38,1.5,0.8199999999999998,9306306.299999999,7147886.269999998
2022-12-03,Argentina,Australia,2.0,1.0,FIFA World Cup,True,2175.3,1880.1,295.2,H,2022,26.61,3.95,18885714.29,13120913.36,26.59,4.55,1270394.74,1507785.23,0.019999999999999574,-0.5999999999999996,17615319.55,11613128.129999999
2022-12-04,France,Poland,3.0,1.0,FIFA World Cup,True,2043.0,1887.6,155.4,H,2022,26.49,3.91,42277777.78,32929732.52,,,,,,,,
2022-12-04,England,Senegal,3.0,0.0,FIFA World Cup,True,2031.8,1887.2,144.5,H,2022,26.61,3.51,43148648.65,30078470.54,25.68,3.69,9987179.49,15083956.15,0.9299999999999997,-0.18000000000000016,33161469.159999996,14994514.389999999
2022-12-05,Japan,Croatia,1.0,1.0,FIFA World Cup,True,1943.2,2005.9,-62.6,D,2022,26.26,4.12,2947435.9,5334153.97,26.18,4.0,11381818.18,10516983.51,0.08000000000000185,0.1200000000000001,-8434382.28,-5182829.54
2022-12-05,Brazil,South Korea,4.0,1.0,FIFA World Cup,True,2198.5,1897.2,301.3,H,2022,26.94,4.36,30242857.14,25369095.77,26.59,3.62,1641911.76,2112747.73,0.3500000000000014,0.7400000000000002,28600945.38,23256348.04
2022-12-06,Portugal,Switzerland,6.0,1.0,FIFA World Cup,True,2050.0,1991.3,58.7,H,2022,27.78,5.02,32058333.33,24496081.04,27.32,3.71,8772368.42,8979499.29,0.46000000000000085,1.3099999999999996,23285964.909999996,15516581.75
2022-12-06,Morocco,Spain,0.0,0.0,FIFA World Cup,True,1958.9,2068.0,-109.1,D,2022,25.77,3.85,7743421.05,13301217.65,24.97,4.48,30045454.55,20030417.64,0.8000000000000007,-0.6300000000000003,-22302033.5,-6729199.99
2022-12-09,Malaysia,Cambodia,4.0,0.0,Friendly,False,1385.2,1057.6,427.6,H,2022,,,,,,,,,,,,
2022-12-09,Netherlands,Argentina,2.0,2.0,FIFA World Cup,True,2128.0,2184.5,-56.6,D,2022,25.22,4.59,17747972.97,17415834.65,26.61,3.95,18885714.29,13120913.36,-1.3900000000000006,0.6399999999999997,-1137741.3200000003,4294921.289999999
2022-12-09,Croatia,Brazil,1.0,1.0,FIFA World Cup,True,2000.5,2214.3,-213.8,D,2022,26.18,4.0,11381818.18,10516983.51,26.94,4.36,30242857.14,25369095.77,-0.7600000000000016,-0.3600000000000003,-18861038.96,-14852112.26
2022-12-10,Morocco,Portugal,1.0,0.0,FIFA World Cup,True,1968.0,2100.0,-131.9,H,2022,25.77,3.85,7743421.05,13301217.65,27.78,5.02,32058333.33,24496081.04,-2.0100000000000016,-1.1699999999999995,-24314912.279999997,-11194863.389999999
2022-12-10,England,France,1.0,2.0,FIFA World Cup,True,2063.6,2069.1,-5.5,A,2022,26.61,3.51,43148648.65,30078470.54,26.49,3.91,42277777.78,32929732.52,0.120000000000001,-0.40000000000000036,870870.8699999973,-2851261.9800000004
2022-12-11,Thailand,Myanmar,6.0,0.0,Friendly,False,1533.8,1111.7,522.0,H,2022,,,,,,,,,,,,
2022-12-13,Argentina,Croatia,3.0,0.0,FIFA World Cup,True,2179.7,2016.9,162.8,H,2022,26.61,3.95,18885714.29,13120913.36,26.18,4.0,11381818.18,10516983.51,0.4299999999999997,-0.04999999999999982,7503896.109999999,2603929.8499999996
2022-12-14,Thailand,Taiwan,0.0,1.0,Friendly,False,1535.8,1078.8,557.0,A,2022,,,,,,,,,,,,
2022-12-14,Vietnam,Philippines,1.0,0.0,Friendly,False,1528.2,1291.3,336.9,H,2022,,,,,,,,,,,,
2022-12-14,France,Morocco,2.0,0.0,FIFA World Cup,True,2098.7,2008.9,89.7,H,2022,26.49,3.91,42277777.78,32929732.52,25.77,3.85,7743421.05,13301217.65,0.7199999999999989,0.06000000000000005,34534356.730000004,19628514.869999997
2022-12-14,Malaysia,Maldives,3.0,0.0,Friendly,False,1388.2,1140.7,347.4,H,2022,,,,,,,,,,,,
2022-12-17,Singapore,Maldives,3.0,1.0,Friendly,False,1274.6,1136.5,238.1,H,2022,,,,,,,,,,,,
2022-12-17,Croatia,Morocco,2.0,1.0,FIFA World Cup,True,1987.4,1975.3,12.1,H,2022,26.18,4.0,11381818.18,10516983.51,25.77,3.85,7743421.05,13301217.65,0.41000000000000014,0.1499999999999999,3638397.13,-2784234.1400000006
2022-12-18,Argentina,France,3.0,3.0,FIFA World Cup,True,2209.3,2132.3,77.0,D,2022,26.61,3.95,18885714.29,13120913.36,26.49,3.91,42277777.78,32929732.52,0.120000000000001,0.040000000000000036,-23392063.490000002,-19808819.16
2022-12-20,Cambodia,Philippines,3.0,2.0,AFF Championship,False,1054.7,1288.8,-134.2,H,2022,,,,,,,,,,,,
2022-12-20,Brunei,Thailand,0.0,5.0,AFF Championship,True,872.0,1516.5,-644.6,A,2022,,,,,,,,,,,,
2022-12-21,Myanmar,Malaysia,0.0,1.0,AFF Championship,False,1109.7,1392.3,-182.6,A,2022,,,,,,,,,,,,
2022-12-21,Laos,Vietnam,0.0,6.0,AFF Championship,False,919.2,1530.7,-511.5,A,2022,,,,,,,,,,,,
2022-12-23,Oman,Syria,2.0,1.0,Friendly,True,1668.6,1547.6,121.0,H,2022,,,,,,,,,,,,
2022-12-23,Philippines,Brunei,5.0,1.0,AFF Championship,False,1268.3,870.5,497.8,H,2022,,,,,,,,,,,,
2022-12-23,Indonesia,Cambodia,2.0,1.0,AFF Championship,False,1419.7,1075.2,444.5,H,2022,,,,,,,,,,,,
2022-12-24,Malaysia,Laos,5.0,0.0,AFF Championship,False,1400.1,916.0,584.1,H,2022,,,,,,,,,,,,
2022-12-24,Singapore,Myanmar,3.0,2.0,AFF Championship,False,1280.7,1102.0,278.7,H,2022,,,,,,,,,,,,
2022-12-26,Brunei,Indonesia,0.0,7.0,AFF Championship,True,867.5,1421.8,-554.3,A,2022,,,,,,,,,,,,
2022-12-26,Thailand,Philippines,4.0,0.0,AFF Championship,False,1518.0,1271.3,346.7,H,2022,,,,,,,,,,,,
2022-12-27,Laos,Singapore,0.0,2.0,AFF Championship,False,914.0,1285.7,-271.7,A,2022,,,,,,,,,,,,
2022-12-27,Vietnam,Malaysia,3.0,0.0,AFF Championship,False,1533.9,1402.1,231.8,H,2022,,,,,,,,,,,,
2022-12-29,Cambodia,Brunei,5.0,1.0,AFF Championship,False,1073.0,864.8,308.2,H,2022,,,,,,,,,,,,
2022-12-29,Indonesia,Thailand,1.0,1.0,AFF Championship,False,1424.5,1524.7,-0.2,D,2022,,,,,,,,,,,,
2022-12-30,Singapore,Vietnam,0.0,0.0,AFF Championship,False,1293.5,1544.9,-151.4,D,2022,,,,,,,,,,,,
2022-12-30,United Arab Emirates,Lebanon,1.0,0.0,Friendly,False,1611.0,1442.2,268.8,H,2022,,,,,,,,,,,,
2022-12-30,Myanmar,Laos,2.0,2.0,AFF Championship,False,1096.9,906.2,290.7,D,2022,,,,,,,,,,,,
2022-12-30,Iraq,Kuwait,1.0,0.0,Friendly,False,1690.5,1416.7,373.8,H,2022,26.45,3.77,404032.26,259271.37,,,,,,,,
2022-12-30,Oman,Syria,1.0,0.0,Friendly,True,1675.2,1540.9,134.3,H,2022,,,,,,,,,,,,
2023-01-02,Thailand,Cambodia,3.0,1.0,AFF Championship,False,1524.7,1081.2,543.5,H,2023,,,,,,,,,,,,
2023-01-02,Philippines,Indonesia,1.0,2.0,AFF Championship,False,1264.6,1424.5,-59.9,A,2023,,,,,,,,,,,,
2023-01-03,Vietnam,Myanmar,3.0,0.0,AFF Championship,False,1538.7,1086.7,552.0,H,2023,,,,,,,,,,,,
2023-01-03,Malaysia,Singapore,4.0,1.0,AFF Championship,False,1391.2,1299.7,191.5,H,2023,,,,,,,,,,,,
2023-01-06,Indonesia,Vietnam,0.0,0.0,AFF Championship,False,1436.9,1540.8,-3.9,D,2023,,,,,,,,,,,,
2023-01-06,Iraq,Oman,0.0,0.0,Gulf Cup,False,1692.6,1681.5,111.0,D,2023,26.4,3.51,440909.09,264633.69,,,,,,,,
2023-01-06,Yemen,Saudi Arabia,0.0,2.0,Gulf Cup,True,1244.2,1748.4,-504.1,A,2023,,,,,25.67,3.6,643750.0,707950.26,,,,
2023-01-07,Malaysia,Thailand,1.0,0.0,AFF Championship,False,1404.2,1526.6,-22.3,H,2023,,,,,,,,,,,,
2023-01-07,Kuwait,Qatar,0.0,2.0,Gulf Cup,True,1414.6,1676.3,-261.8,A,2023,,,,,27.25,3.58,487500.0,897409.47,,,,
2023-01-07,Bahrain,United Arab Emirates,2.0,1.0,Gulf Cup,True,1623.1,1614.5,8.6,H,2023,,,,,,,,,,,,
2023-01-08,Iceland,Estonia,1.0,1.0,Friendly,True,1600.1,1487.1,113.0,D,2023,,,,,,,,,,,,
2023-01-09,Vietnam,Indonesia,2.0,0.0,AFF Championship,False,1540.7,1437.1,203.5,H,2023,,,,,,,,,,,,
2023-01-09,Sweden,Finland,2.0,0.0,Friendly,True,1809.2,1738.4,70.7,H,2023,25.26,4.4,2703846.15,3195758.1,,,,,,,,
2023-01-09,Oman,Yemen,3.0,2.0,Gulf Cup,True,1686.2,1241.9,444.3,H,2023,,,,,,,,,,,,
2023-01-09,Iraq,Saudi Arabia,2.0,0.0,Gulf Cup,False,1687.9,1750.7,37.2,H,2023,26.4,3.51,440909.09,264633.69,25.67,3.6,643750.0,707950.26,0.7299999999999969,-0.0900000000000003,-202840.90999999997,-443316.57
2023-01-10,Qatar,Bahrain,1.0,2.0,Gulf Cup,True,1684.5,1637.7,46.8,A,2023,27.25,3.58,487500.0,897409.47,,,,,,,,
2023-01-10,Thailand,Malaysia,3.0,0.0,AFF Championship,False,1510.6,1420.2,190.4,H,2023,,,,,,,,,,,,
2023-01-10,United Arab Emirates,Kuwait,0.0,1.0,Gulf Cup,True,1599.9,1406.4,193.5,A,2023,,,,,,,,,,,,
2023-01-12,Iraq,Yemen,5.0,0.0,Gulf Cup,False,1708.0,1239.7,568.3,H,2023,26.4,3.51,440909.09,264633.69,,,,,,,,
2023-01-12,Saudi Arabia,Oman,1.0,2.0,Gulf Cup,True,1730.6,1688.3,42.3,A,2023,25.67,3.6,643750.0,707950.26,,,,,,,,
2023-01-12,Finland,Estonia,0.0,1.0,Friendly,True,1726.4,1490.3,236.2,A,2023,,,,,,,,,,,,
2023-01-12,Sweden,Iceland,2.0,1.0,Friendly,True,1821.1,1596.9,224.2,H,2023,25.26,4.4,2703846.15,3195758.1,,,,,,,,
2023-01-13,Bahrain,Kuwait,1.0,1.0,Gulf Cup,True,1654.7,1429.0,225.7,D,2023,,,,,,,,,,,,
2023-01-13,Qatar,United Arab Emirates,1.0,1.0,Gulf Cup,True,1667.5,1577.3,90.2,D,2023,27.25,3.58,487500.0,897409.47,,,,,,,,
2023-01-13,Vietnam,Thailand,2.0,2.0,AFF Championship,False,1551.3,1523.8,127.5,D,2023,,,,,,,,,,,,
2023-01-16,Iraq,Qatar,2.0,1.0,Gulf Cup,False,1710.2,1663.7,146.5,H,2023,26.4,3.51,440909.09,264633.69,27.25,3.58,487500.0,897409.47,-0.8500000000000014,-0.07000000000000028,-46590.909999999974,-632775.78
2023-01-16,Bahrain,Oman,0.0,1.0,Gulf Cup,True,1646.2,1705.2,-59.0,A,2023,,,,,,,,,,,,
2023-01-16,Thailand,Vietnam,1.0,0.0,AFF Championship,False,1529.0,1546.0,83.0,H,2023,,,,,,,,,,,,
2023-01-19,Iraq,Oman,3.0,2.0,Gulf Cup,False,1719.2,1717.6,101.6,H,2023,26.4,3.51,440909.09,264633.69,,,,,,,,
2023-01-25,United States,Serbia,1.0,2.0,Friendly,False,1908.3,1890.9,117.4,A,2023,24.0,4.13,4891216.22,5712392.34,,,,,,,,
2023-01-28,United States,Colombia,0.0,0.0,Friendly,False,1895.0,1986.2,8.9,D,2023,24.0,4.13,4891216.22,5712392.34,25.05,4.04,4536805.56,6037157.76,-1.0500000000000007,0.08999999999999986,354410.66000000015,-324765.4199999999
2023-02-22,Grenada,Barbados,1.0,1.0,Friendly,False,1297.7,1201.9,195.8,D,2023,,,,,,,,,,,,
2023-02-26,Grenada,Barbados,2.0,2.0,Friendly,False,1292.6,1207.0,185.6,D,2023,,,,,,,,,,,,
2023-03-03,Grenada,Saint Lucia,1.0,2.0,Friendly,False,1287.8,1307.4,80.3,A,2023,,,,,,,,,,,,
2023-03-04,Saint Barthélemy,Sint Maarten,5.0,1.0,Friendly,False,1423.2,1175.5,347.7,H,2023,,,,,,,,,,,,
2023-03-05,Grenada,Saint Lucia,2.0,0.0,Friendly,False,1275.5,1319.7,55.8,H,2023,,,,,,,,,,,,
2023-03-10,Saint Martin,Saint Barthélemy,3.0,2.0,Friendly,False,1137.0,1427.7,-190.7,H,2023,,,,,,,,,,,,
2023-03-11,Jamaica,Trinidad and Tobago,0.0,1.0,Friendly,False,1676.0,1508.3,267.7,A,2023,,,,,,,,,,,,
2023-03-12,Guatemala,Panama,1.0,1.0,Friendly,True,1599.5,1772.4,-172.9,D,2023,,,,,24.49,4.14,408378.38,644849.71,,,,
2023-03-14,Jamaica,Trinidad and Tobago,0.0,0.0,Friendly,False,1659.6,1524.8,234.8,D,2023,,,,,,,,,,,,
2023-03-15,Bangladesh,Malawi,1.0,1.0,Friendly,True,1059.7,1425.0,-365.2,D,2023,,,,,,,,,,,,
2023-03-19,Ethiopia,Rwanda,1.0,0.0,Friendly,False,1475.7,1410.2,165.4,H,2023,,,,,,,,,,,,
2023-03-20,Fiji,Vanuatu,1.0,2.0,Friendly,False,1553.8,1501.9,151.9,A,2023,,,,,,,,,,,,
2023-03-21,Maldives,Pakistan,1.0,0.0,Friendly,False,1130.5,1077.0,153.5,H,2023,,,,,,,,,,,,
2023-03-21,Tahiti,New Caledonia,0.0,2.0,Friendly,False,1486.3,1508.0,78.3,A,2023,,,,,,,,,,,,
2023-03-22,Honduras,El Salvador,1.0,0.0,Friendly,True,1589.2,1601.2,-12.0,H,2023,,,,,,,,,,,,
2023-03-22,India,Myanmar,1.0,0.0,Tri Nation Tournament,False,1389.3,1084.6,404.8,H,2023,,,,,,,,,,,,
2023-03-22,Nepal,Laos,2.0,0.0,Tri Nation Tournament,False,1146.5,916.5,330.0,H,2023,,,,,,,,,,,,
2023-03-22,Republic of Ireland,Latvia,3.0,2.0,Friendly,False,1726.1,1409.4,416.7,H,2023,,,,,,,,,,,,
2023-03-22,Sierra Leone,São Tomé and Príncipe,2.0,2.0,African Cup of Nations qualification,True,1467.8,1178.6,289.1,D,2023,,,,,,,,,,,,
2023-03-22,Benin,Rwanda,1.0,1.0,African Cup of Nations qualification,False,1501.0,1404.7,196.3,D,2023,,,,,,,,,,,,
2023-03-23,Denmark,Finland,3.0,1.0,UEFA Euro qualification,False,1936.2,1710.5,325.6,H,2023,,,,,,,,,,,,
2023-03-23,San Marino,Northern Ireland,0.0,2.0,UEFA Euro qualification,False,867.7,1589.9,-622.2,A,2023,,,,,,,,,,,,
2023-03-23,Kazakhstan,Slovenia,1.0,2.0,UEFA Euro qualification,False,1441.4,1713.4,-172.0,A,2023,,,,,,,,,,,,
2023-03-23,Portugal,Liechtenstein,4.0,0.0,UEFA Euro qualification,False,2059.1,1039.7,1119.4,H,2023,25.74,4.66,30974285.71,24268431.5,,,,,,,,
2023-03-23,Bosnia and Herzegovina,Iceland,3.0,0.0,UEFA Euro qualification,False,1667.0,1592.6,174.4,H,2023,28.34,3.78,3365853.66,5719217.06,,,,,,,,
2023-03-23,Saint Martin,Saint Kitts and Nevis,1.0,3.0,CONCACAF Nations League,True,1152.0,1366.2,-214.2,A,2023,,,,,,,,,,,,
2023-03-23,Barbados,Cuba,0.0,1.0,CONCACAF Nations League,False,1211.9,1467.5,-155.6,A,2023,,,,,,,,,,,,
2023-03-23,Guadeloupe,Antigua and Barbuda,0.0,1.0,CONCACAF Nations League,False,1427.7,1360.4,167.2,A,2023,,,,,,,,,,,,
2023-03-23,French Guiana,Dominican Republic,1.0,1.0,CONCACAF Nations League,False,1548.5,1366.1,282.4,D,2023,,,,,,,,,,,,
2023-03-23,North Macedonia,Malta,2.0,1.0,UEFA Euro qualification,False,1590.1,1310.3,379.8,H,2023,,,,,,,,,,,,
2023-03-23,British Virgin Islands,Puerto Rico,1.0,3.0,CONCACAF Nations League,False,924.3,1313.9,-289.6,A,2023,,,,,,,,,,,,
2023-03-23,Suriname,Mexico,0.0,2.0,CONCACAF Nations League,False,1496.4,1908.2,-311.8,A,2023,,,,,24.97,4.03,4386486.49,5556450.46,,,,
2023-03-23,Italy,England,1.0,2.0,UEFA Euro qualification,False,2034.8,2034.1,100.7,A,2023,,,,,25.84,3.9,40391891.89,28909723.22,,,,
2023-03-23,Slovakia,Luxembourg,0.0,0.0,UEFA Euro qualification,False,1629.1,1487.0,242.1,D,2023,,,,,,,,,,,,
2023-03-23,Zambia,Lesotho,3.0,1.0,African Cup of Nations qualification,False,1562.4,1349.8,312.6,H,2023,,,,,,,,,,,,
2023-03-23,Argentina,Panama,2.0,0.0,Friendly,False,2202.7,1767.8,534.9,H,2023,26.63,4.39,24177142.86,18079618.92,24.49,4.14,408378.38,644849.71,2.1400000000000006,0.25,23768764.48,17434769.21
2023-03-23,Hong Kong,Singapore,1.0,1.0,Friendly,False,1307.5,1286.6,121.0,D,2023,,,,,,,,,,,,
2023-03-23,Hungary,Estonia,1.0,0.0,Friendly,False,1876.1,1506.2,469.9,H,2023,,,,,,,,,,,,
2023-03-23,Malaysia,Turkmenistan,1.0,0.0,Friendly,False,1407.1,1397.5,109.6,H,2023,,,,,,,,,,,,
2023-03-23,New Zealand,China,0.0,0.0,Friendly,False,1716.9,1597.7,219.2,D,2023,24.89,4.18,764583.33,1648877.72,,,,,,,,
2023-03-23,Iran,Russia,1.0,1.0,Friendly,False,1867.3,1807.8,159.4,D,2023,29.13,3.43,994736.84,829377.5,,,,,,,,
2023-03-23,Solomon Islands,Vanuatu,2.0,0.0,Friendly,True,1542.1,1516.0,26.1,H,2023,,,,,,,,,,,,
2023-03-23,Madagascar,Central African Republic,0.0,3.0,African Cup of Nations qualification,False,1421.9,1379.1,142.8,A,2023,,,,,,,,,,,,
2023-03-23,Ghana,Angola,1.0,0.0,African Cup of Nations qualification,False,1701.1,1513.0,288.1,H,2023,24.44,3.25,2889743.59,6518112.63,,,,,,,,
2023-03-23,Algeria,Niger,2.0,1.0,African Cup of Nations qualification,False,1810.7,1364.8,545.8,H,2023,25.82,3.4,4360256.41,8054751.98,,,,,,,,
2023-03-23,Congo,South Sudan,1.0,2.0,African Cup of Nations qualification,False,1415.1,1263.5,251.7,A,2023,,,,,,,,,,,,
2023-03-23,Gabon,Sudan,1.0,0.0,African Cup of Nations qualification,False,1595.3,1413.0,282.3,H,2023,,,,,,,,,,,,
2023-03-24,Moldova,Faroe Islands,1.0,1.0,UEFA Euro qualification,False,1283.1,1355.0,28.1,D,2023,,,,,,,,,,,,
2023-03-24,South Africa,Liberia,2.0,2.0,African Cup of Nations qualification,False,1646.7,1408.9,337.9,D,2023,26.12,3.53,692567.57,519838.36,,,,,,,,
2023-03-24,Senegal,Mozambique,5.0,1.0,African Cup of Nations qualification,False,1855.4,1441.2,514.2,H,2023,24.52,4.58,6836956.52,8846999.21,,,,,,,,
2023-03-24,Gibraltar,Greece,0.0,3.0,UEFA Euro qualification,True,1174.7,1742.5,-567.8,A,2023,,,,,,,,,,,,
2023-03-24,France,Netherlands,4.0,0.0,UEFA Euro qualification,False,2138.8,2132.8,106.0,H,2023,24.5,3.81,41375000.0,33149047.87,24.5,4.06,18784722.22,17555186.08,0.0,-0.24999999999999956,22590277.78,15593861.790000003
2023-03-24,Czech Republic,Poland,3.0,1.0,UEFA Euro qualification,False,1828.0,1861.5,66.5,H,2023,25.89,3.5,4229605.26,7344206.13,,,,,,,,
2023-03-24,Austria,Azerbaijan,4.0,1.0,UEFA Euro qualification,False,1794.3,1471.3,423.0,H,2023,25.26,4.16,8971052.63,10548157.93,,,,,,,,
2023-03-24,Belize,Guatemala,1.0,2.0,CONCACAF Nations League,False,1267.9,1604.1,-236.3,A,2023,,,,,,,,,,,,
2023-03-24,Bulgaria,Montenegro,0.0,1.0,UEFA Euro qualification,False,1579.4,1588.2,91.2,A,2023,,,,,,,,,,,,
2023-03-24,Serbia,Lithuania,2.0,0.0,UEFA Euro qualification,False,1904.1,1294.4,709.8,H,2023,,,,,,,,,,,,
2023-03-24,Grenada,United States,1.0,7.0,CONCACAF Nations League,False,1288.1,1894.8,-506.7,A,2023,,,,,24.0,4.13,4891216.22,5712392.34,,,,
2023-03-24,Bahamas,Trinidad and Tobago,0.0,3.0,CONCACAF Nations League,False,1148.5,1530.7,-282.2,A,2023,,,,,,,,,,,,
2023-03-24,Nicaragua,Saint Vincent and the Grenadines,4.0,1.0,CONCACAF Nations League,False,1434.1,1235.0,299.1,H,2023,,,,,,,,,,,,
2023-03-24,Tunisia,Libya,3.0,0.0,African Cup of Nations qualification,False,1849.8,1465.9,483.9,H,2023,24.55,3.7,2218103.45,2602294.22,,,,,,,,
2023-03-24,Anguilla,Saint Lucia,1.0,2.0,CONCACAF Nations League,False,919.9,1307.1,-287.2,A,2023,,,,,,,,,,,,
2023-03-24,Sweden,Belgium,0.0,3.0,UEFA Euro qualification,False,1825.5,2010.6,-85.2,A,2023,25.26,4.4,2703846.15,3195758.1,24.58,4.61,17192105.26,17658282.41,0.6800000000000033,-0.20999999999999996,-14488259.110000001,-14462524.31
2023-03-24,Equatorial Guinea,Botswana,2.0,0.0,African Cup of Nations qualification,False,1557.9,1449.2,208.7,H,2023,,,,,,,,,,,,
2023-03-24,Ivory Coast,Comoros,3.0,1.0,African Cup of Nations qualification,False,1773.9,1383.4,490.4,H,2023,25.89,4.9,10302380.95,12055906.24,,,,,,,,
2023-03-24,South Korea,Colombia,2.0,2.0,Friendly,False,1881.5,1986.4,-5.0,D,2023,28.29,3.79,4458108.11,10576998.97,25.05,4.04,4536805.56,6037157.76,3.2399999999999984,-0.25,-78697.44999999925,4539841.210000001
2023-03-24,Australia,Ecuador,3.0,1.0,Friendly,False,1870.8,1919.6,51.2,H,2023,26.59,3.8,1638970.59,1832279.91,24.38,4.67,4346052.63,7438417.18,2.210000000000001,-0.8700000000000001,-2707082.04,-5606137.27
2023-03-24,Japan,Uruguay,1.0,1.0,Friendly,False,1948.6,1977.0,71.6,D,2023,25.95,2.81,9033333.33,12105759.03,24.34,3.23,10867857.14,20053652.65,1.6099999999999994,-0.41999999999999993,-1834523.8100000005,-7947893.619999999
2023-03-24,DR Congo,Mauritania,3.0,1.0,African Cup of Nations qualification,True,1562.9,1498.8,64.1,H,2023,26.44,3.53,2261000.0,3388997.49,,,,,,,,
2023-03-24,Kuwait,Philippines,2.0,0.0,Friendly,False,1437.6,1252.2,285.4,H,2023,,,,,,,,,,,,
2023-03-24,Saudi Arabia,Venezuela,1.0,2.0,Friendly,False,1713.8,1754.0,59.8,A,2023,25.67,3.6,643750.0,707950.26,,,,,,,,
2023-03-24,Tahiti,New Caledonia,2.0,1.0,Friendly,False,1467.9,1526.3,41.6,H,2023,,,,,,,,,,,,
2023-03-24,Nigeria,Guinea-Bissau,0.0,1.0,African Cup of Nations qualification,False,1726.6,1485.1,341.5,A,2023,,,,,,,,,,,,
2023-03-24,Uzbekistan,Bolivia,1.0,0.0,Friendly,True,1689.3,1681.1,8.2,H,2023,26.0,3.27,1214864.86,1206954.22,,,,,,,,
2023-03-24,Burkina Faso,Togo,1.0,0.0,African Cup of Nations qualification,True,1709.6,1439.9,269.6,H,2023,,,,,,,,,,,,
2023-03-24,Cameroon,Namibia,1.0,1.0,African Cup of Nations qualification,False,1779.7,1502.0,377.7,D,2023,,,,,,,,,,,,
2023-03-24,Guinea,Ethiopia,2.0,0.0,African Cup of Nations qualification,True,1502.7,1481.2,21.5,H,2023,,,,,,,,,,,,
2023-03-24,Egypt,Malawi,2.0,0.0,African Cup of Nations qualification,False,1764.2,1417.1,447.1,H,2023,26.89,3.84,3959722.22,13063189.48,,,,,,,,
2023-03-24,Uganda,Tanzania,0.0,1.0,African Cup of Nations qualification,True,1512.1,1431.7,80.4,A,2023,,,,,,,,,,,,
2023-03-24,Mali,Gambia,2.0,0.0,African Cup of Nations qualification,False,1742.2,1535.8,306.4,H,2023,,,,,,,,,,,,
2023-03-24,Cape Verde,Eswatini,0.0,0.0,African Cup of Nations qualification,False,1597.5,1390.9,306.7,D,2023,26.67,4.0,897857.14,1170277.31,,,,,,,,
2023-03-25,Andorra,Romania,0.0,2.0,UEFA Euro qualification,False,1169.4,1668.8,-399.5,A,2023,,,,,,,,,,,,
2023-03-25,Belarus,Switzerland,0.0,5.0,UEFA Euro qualification,True,1462.6,1941.4,-478.8,A,2023,,,,,26.49,3.47,7581578.95,8515090.48,,,,
2023-03-25,Israel,Kosovo,1.0,1.0,UEFA Euro qualification,False,1666.9,1567.4,199.4,D,2023,,,,,,,,,,,,
2023-03-25,Martinique,Costa Rica,1.0,2.0,CONCACAF Nations League,False,1531.1,1844.6,-213.4,A,2023,,,,,,,,,,,,
2023-03-25,Armenia,Turkey,1.0,2.0,UEFA Euro qualification,False,1504.7,1758.8,-154.1,A,2023,,,,,24.56,3.66,8995714.29,8418791.66,,,,
2023-03-25,Bermuda,Guyana,0.0,2.0,CONCACAF Nations League,False,1417.9,1367.1,150.9,A,2023,,,,,,,,,,,,
2023-03-25,Turks and Caicos Islands,United States Virgin Islands,1.0,0.0,CONCACAF Nations League,False,1080.5,978.7,201.8,H,2023,,,,,,,,,,,,
2023-03-25,Montserrat,Haiti,0.0,4.0,CONCACAF Nations League,False,1300.5,1689.3,-288.8,A,2023,,,,,27.36,4.04,488636.36,649477.96,,,,
2023-03-25,Sint Maarten,Bonaire,6.0,1.0,CONCACAF Nations League,True,1171.1,1304.5,-133.5,H,2023,,,,,,,,,,,,
2023-03-25,Curaçao,Canada,0.0,2.0,CONCACAF Nations League,False,1523.3,1818.4,-195.1,A,2023,27.28,4.27,479032.26,633827.87,25.39,4.48,5323571.43,13330897.17,1.8900000000000006,-0.21000000000000085,-4844539.17,-12697069.3
2023-03-25,Croatia,Wales,1.0,1.0,UEFA Euro qualification,False,2016.3,1772.5,343.9,D,2023,25.89,4.25,12635714.29,13970620.05,,,,,,,,
2023-03-25,Bhutan,Laos,1.0,2.0,Tri Nation Tournament,True,839.5,910.6,-71.1,A,2023,,,,,,,,,,,,
2023-03-25,Scotland,Cyprus,3.0,0.0,UEFA Euro qualification,False,1798.0,1404.9,493.1,H,2023,25.82,3.2,9061363.64,11868051.54,,,,,,,,
2023-03-25,Bangladesh,Seychelles,1.0,0.0,Friendly,False,1067.5,1071.7,95.9,H,2023,,,,,,,,,,,,
2023-03-25,Georgia,Mongolia,6.0,1.0,Friendly,False,1711.3,1102.3,709.0,H,2023,,,,,,,,,,,,
2023-03-25,Germany,Peru,2.0,0.0,Friendly,False,2019.6,1924.0,195.6,H,2023,26.69,3.69,25491428.57,24996278.25,,,,,,,,
2023-03-25,Indonesia,Burundi,3.0,1.0,Friendly,False,1426.5,1429.0,97.5,H,2023,,,,,,,,,,,,
2023-03-25,Bahrain,Palestine,1.0,2.0,Friendly,False,1633.7,1562.4,171.3,A,2023,,,,,,,,,,,,
2023-03-25,Myanmar,Kyrgyzstan,1.0,1.0,Tri Nation Tournament,True,1081.9,1430.0,-348.1,D,2023,,,,,,,,,,,,
2023-03-25,Thailand,Syria,1.0,3.0,Friendly,True,1540.5,1534.6,5.9,A,2023,,,,,,,,,,,,
2023-03-25,United Arab Emirates,Tajikistan,0.0,0.0,Friendly,False,1581.1,1480.1,201.0,D,2023,,,,,,,,,,,,
2023-03-25,Morocco,Brazil,2.0,1.0,Friendly,False,1946.3,2197.8,-151.5,H,2023,24.69,4.13,8234210.53,12581956.88,24.7,3.79,26521621.62,25985381.91,-0.00999999999999801,0.33999999999999986,-18287411.09,-13403425.03
2023-03-25,Spain,Norway,3.0,0.0,UEFA Euro qualification,False,2058.9,1788.4,370.5,H,2023,25.71,4.2,26502631.58,19534591.27,24.54,3.01,9220833.33,27533937.08,1.1700000000000017,1.1900000000000004,17281798.25,-7999345.809999999
2023-03-26,Northern Ireland,Finland,0.0,1.0,UEFA Euro qualification,False,1591.5,1702.5,-11.1,A,2023,,,,,,,,,,,,
2023-03-26,Puerto Rico,Cayman Islands,5.0,1.0,CONCACAF Nations League,False,1323.4,1083.8,339.6,H,2023,,,,,,,,,,,,
2023-03-26,Cuba,Guadeloupe,1.0,0.0,CONCACAF Nations League,False,1479.1,1398.7,180.4,H,2023,,,,,,,,,,,,
2023-03-26,Antigua and Barbuda,Barbados,1.0,2.0,CONCACAF Nations League,False,1389.4,1200.3,289.1,A,2023,,,,,,,,,,,,
2023-03-26,Mexico,Jamaica,2.0,2.0,CONCACAF Nations League,False,1916.7,1653.7,363.0,D,2023,24.97,4.03,4386486.49,5556450.46,,,,,,,,
2023-03-26,Slovakia,Bosnia and Herzegovina,2.0,0.0,UEFA Euro qualification,False,1617.1,1685.8,31.3,H,2023,,,,,28.34,3.78,3365853.66,5719217.06,,,,
2023-03-26,Luxembourg,Portugal,0.0,6.0,UEFA Euro qualification,False,1499.1,2059.2,-460.2,A,2023,,,,,25.74,4.66,30974285.71,24268431.5,,,,
2023-03-26,Liechtenstein,Iceland,0.0,7.0,UEFA Euro qualification,False,1039.5,1573.9,-434.3,A,2023,,,,,,,,,,,,
2023-03-26,Kazakhstan,Denmark,3.0,2.0,UEFA Euro qualification,False,1430.6,1944.1,-413.6,H,2023,,,,,,,,,,,,
2023-03-26,Malta,Italy,0.0,2.0,UEFA Euro qualification,False,1306.3,2009.1,-602.9,A,2023,,,,,,,,,,,,
2023-03-26,England,Ukraine,2.0,0.0,UEFA Euro qualification,False,2059.7,1863.7,296.0,H,2023,25.84,3.9,40391891.89,28909723.22,,,,,,,,
2023-03-26,Lesotho,Zambia,0.0,2.0,African Cup of Nations qualification,True,1341.3,1570.9,-229.6,A,2023,,,,,,,,,,,,
2023-03-26,São Tomé and Príncipe,Sierra Leone,0.0,2.0,African Cup of Nations qualification,True,1192.3,1454.1,-261.9,A,2023,,,,,,,,,,,,
2023-03-26,Russia,Iraq,2.0,0.0,Friendly,False,1812.1,1730.0,182.1,H,2023,,,,,26.4,3.51,440909.09,264633.69,,,,
2023-03-26,New Zealand,China,2.0,1.0,Friendly,False,1711.3,1603.3,208.0,H,2023,24.89,4.18,764583.33,1648877.72,,,,,,,,
2023-03-26,Macau,Singapore,0.0,1.0,Friendly,False,955.2,1289.9,-234.7,A,2023,,,,,,,,,,,,
2023-03-26,Fiji,Solomon Islands,0.0,2.0,Friendly,False,1539.7,1556.0,83.7,A,2023,,,,,,,,,,,,
2023-03-26,Slovenia,San Marino,2.0,0.0,UEFA Euro qualification,False,1724.3,866.1,958.2,H,2023,,,,,,,,,,,,
2023-03-27,Austria,Estonia,2.0,1.0,UEFA Euro qualification,False,1799.9,1504.9,395.0,H,2023,25.26,4.16,8971052.63,10548157.93,,,,,,,,
2023-03-27,Saint Lucia,Dominica,3.0,1.0,CONCACAF Nations League,False,1313.5,1196.4,217.1,H,2023,,,,,,,,,,,,
2023-03-27,Hungary,Bulgaria,3.0,0.0,UEFA Euro qualification,False,1877.3,1554.2,423.1,H,2023,,,,,,,,,,,,
2023-03-27,Montenegro,Serbia,0.0,2.0,UEFA Euro qualification,False,1613.3,1905.1,-191.8,A,2023,,,,,,,,,,,,
2023-03-27,United States,El Salvador,1.0,0.0,CONCACAF Nations League,False,1899.2,1590.9,408.3,H,2023,24.0,4.13,4891216.22,5712392.34,,,,,,,,
2023-03-27,Guatemala,French Guiana,4.0,0.0,CONCACAF Nations League,False,1612.3,1535.1,177.3,H,2023,,,,,,,,,,,,
2023-03-27,Trinidad and Tobago,Nicaragua,1.0,1.0,CONCACAF Nations League,False,1542.2,1444.7,197.5,D,2023,,,,,,,,,,,,
2023-03-27,Dominican Republic,Belize,2.0,0.0,CONCACAF Nations League,False,1379.5,1259.7,219.8,H,2023,,,,,,,,,,,,
2023-03-27,Saint Kitts and Nevis,Aruba,2.0,0.0,CONCACAF Nations League,False,1379.7,1191.4,288.3,H,2023,,,,,,,,,,,,
2023-03-27,Moldova,Czech Republic,0.0,0.0,UEFA Euro qualification,False,1281.5,1852.3,-470.8,D,2023,,,,,25.89,3.5,4229605.26,7344206.13,,,,
2023-03-27,Saint Vincent and the Grenadines,Bahamas,1.0,1.0,CONCACAF Nations League,False,1224.4,1137.0,187.4,D,2023,,,,,,,,,,,,
2023-03-27,Poland,Albania,1.0,0.0,UEFA Euro qualification,False,1837.2,1590.8,346.4,H,2023,,,,,,,,,,,,
2023-03-27,Sweden,Azerbaijan,5.0,0.0,UEFA Euro qualification,False,1798.9,1465.6,433.2,H,2023,25.26,4.4,2703846.15,3195758.1,,,,,,,,
2023-03-27,Republic of Ireland,France,0.0,1.0,UEFA Euro qualification,False,1727.7,2165.2,-337.5,A,2023,,,,,24.5,3.81,41375000.0,33149047.87,,,,
2023-03-27,Netherlands,Gibraltar,3.0,0.0,UEFA Euro qualification,False,2106.4,1172.2,1034.3,H,2023,24.5,4.06,18784722.22,17555186.08,,,,,,,,
2023-03-27,Chile,Paraguay,3.0,2.0,Friendly,False,1769.5,1795.8,73.8,H,2023,,,,,26.17,4.4,2605147.06,2692703.78,,,,
2023-03-27,North Macedonia,Faroe Islands,1.0,0.0,Friendly,False,1594.2,1356.6,337.5,H,2023,,,,,,,,,,,,
2023-03-27,Oman,Lebanon,2.0,0.0,Friendly,False,1706.9,1438.7,368.2,H,2023,,,,,,,,,,,,
2023-03-27,Guinea-Bissau,Nigeria,0.0,1.0,African Cup of Nations qualification,False,1520.2,1691.5,-71.3,A,2023,,,,,,,,,,,,
2023-03-27,Greece,Lithuania,0.0,0.0,Friendly,False,1745.1,1293.4,551.7,D,2023,,,,,,,,,,,,
2023-03-27,Central African Republic,Madagascar,2.0,0.0,African Cup of Nations qualification,True,1427.7,1373.3,54.4,H,2023,,,,,,,,,,,,
2023-03-27,Angola,Ghana,1.0,1.0,African Cup of Nations qualification,False,1506.6,1707.5,-100.9,D,2023,,,,,24.44,3.25,2889743.59,6518112.63,,,,
2023-03-27,Niger,Algeria,0.0,1.0,African Cup of Nations qualification,True,1363.2,1812.3,-449.1,A,2023,,,,,25.82,3.4,4360256.41,8054751.98,,,,
2023-03-27,South Sudan,Congo,0.0,1.0,African Cup of Nations qualification,True,1295.9,1382.8,-86.9,A,2023,,,,,,,,,,,,
2023-03-27,Sudan,Gabon,1.0,0.0,African Cup of Nations qualification,False,1406.4,1601.9,-95.5,H,2023,,,,,,,,,,,,
2023-03-27,Ethiopia,Guinea,2.0,3.0,African Cup of Nations qualification,True,1453.1,1530.8,-77.8,A,2023,,,,,,,,,,,,
2023-03-28,Scotland,Spain,2.0,0.0,UEFA Euro qualification,False,1801.9,2066.3,-164.4,H,2023,25.82,3.2,9061363.64,11868051.54,25.71,4.2,26502631.58,19534591.27,0.10999999999999943,-1.0,-17441267.939999998,-7666539.73
2023-03-28,Gambia,Mali,1.0,0.0,African Cup of Nations qualification,True,1527.0,1751.0,-223.9,H,2023,,,,,,,,,,,,
2023-03-28,Comoros,Ivory Coast,0.0,2.0,African Cup of Nations qualification,False,1380.1,1777.2,-297.2,A,2023,,,,,25.89,4.9,10302380.95,12055906.24,,,,
2023-03-28,Mauritania,DR Congo,1.0,1.0,African Cup of Nations qualification,False,1474.3,1587.4,-13.2,D,2023,,,,,26.44,3.53,2261000.0,3388997.49,,,,
2023-03-28,Botswana,Equatorial Guinea,2.0,3.0,African Cup of Nations qualification,False,1435.3,1571.8,-36.5,A,2023,,,,,,,,,,,,
2023-03-28,Libya,Tunisia,0.0,1.0,African Cup of Nations qualification,False,1461.9,1853.9,-292.0,A,2023,,,,,24.55,3.7,2218103.45,2602294.22,,,,
2023-03-28,Liberia,South Africa,1.0,2.0,African Cup of Nations qualification,False,1423.9,1631.7,-107.9,A,2023,,,,,26.12,3.53,692567.57,519838.36,,,,
2023-03-28,Mozambique,Senegal,0.0,1.0,African Cup of Nations qualification,False,1437.5,1859.1,-321.6,A,2023,,,,,24.52,4.58,6836956.52,8846999.21,,,,
2023-03-28,Georgia,Norway,1.0,1.0,UEFA Euro qualification,False,1711.9,1781.0,30.9,D,2023,,,,,24.54,3.01,9220833.33,27533937.08,,,,
2023-03-28,Canada,Honduras,4.0,1.0,CONCACAF Nations League,False,1833.2,1599.5,333.6,H,2023,25.39,4.48,5323571.43,13330897.17,,,,,,,,
2023-03-28,Turkey,Croatia,0.0,2.0,UEFA Euro qualification,False,1770.4,2001.2,-130.8,A,2023,24.56,3.66,8995714.29,8418791.66,25.89,4.25,12635714.29,13970620.05,-1.3300000000000018,-0.5899999999999999,-3640000.0,-5551828.390000001
2023-03-28,Kosovo,Andorra,1.0,1.0,UEFA Euro qualification,False,1577.8,1163.9,513.9,D,2023,,,,,,,,,,,,
2023-03-28,Switzerland,Israel,3.0,0.0,UEFA Euro qualification,False,1946.2,1656.5,389.6,H,2023,26.49,3.47,7581578.95,8515090.48,,,,,,,,
2023-03-28,Romania,Belarus,2.0,1.0,UEFA Euro qualification,False,1674.3,1457.8,316.5,H,2023,,,,,,,,,,,,
2023-03-28,Costa Rica,Panama,0.0,1.0,CONCACAF Nations League,False,1853.6,1766.5,187.1,A,2023,,,,,24.49,4.14,408378.38,644849.71,,,,
2023-03-28,Tanzania,Uganda,0.0,1.0,African Cup of Nations qualification,False,1456.2,1487.5,68.7,A,2023,,,,,,,,,,,,
2023-03-28,Haiti,Bermuda,3.0,1.0,CONCACAF Nations League,True,1701.3,1375.6,325.6,H,2023,27.36,4.04,488636.36,649477.96,,,,,,,,
2023-03-28,Bonaire,Turks and Caicos Islands,1.0,2.0,CONCACAF Nations League,False,1249.9,1090.0,259.9,A,2023,,,,,,,,,,,,
2023-03-28,United States Virgin Islands,Sint Maarten,1.0,2.0,CONCACAF Nations League,False,969.1,1225.7,-156.6,A,2023,,,,,,,,,,,,
2023-03-28,Wales,Latvia,1.0,0.0,UEFA Euro qualification,False,1787.6,1407.7,479.9,H,2023,,,,,,,,,,,,
2023-03-28,Malawi,Egypt,0.0,4.0,African Cup of Nations qualification,False,1412.9,1768.5,-255.6,A,2023,,,,,26.89,3.84,3959722.22,13063189.48,,,,
2023-03-28,Guyana,Montserrat,0.0,0.0,CONCACAF Nations League,True,1409.3,1288.6,120.8,D,2023,,,,,,,,,,,,
2023-03-28,Togo,Burkina Faso,1.0,1.0,African Cup of Nations qualification,False,1432.9,1716.5,-183.6,D,2023,,,,,,,,,,,,
2023-03-28,Argentina,Curaçao,7.0,0.0,Friendly,False,2204.0,1508.6,795.5,H,2023,26.63,4.39,24177142.86,18079618.92,27.28,4.27,479032.26,633827.87,-0.6500000000000021,0.1200000000000001,23698110.599999998,17445791.05
2023-03-28,Armenia,Cyprus,2.0,2.0,Friendly,False,1493.0,1401.1,191.9,D,2023,,,,,,,,,,,,
2023-03-28,Namibia,Cameroon,2.0,1.0,African Cup of Nations qualification,True,1518.0,1763.8,-245.8,H,2023,,,,,,,,,,,,
2023-03-28,Australia,Ecuador,1.0,2.0,Friendly,False,1883.6,1906.8,76.8,A,2023,26.59,3.8,1638970.59,1832279.91,24.38,4.67,4346052.63,7438417.18,2.210000000000001,-0.8700000000000001,-2707082.04,-5606137.27
2023-03-28,Bangladesh,Seychelles,0.0,1.0,Friendly,False,1074.9,1064.3,110.5,A,2023,,,,,,,,,,,,
2023-03-28,Germany,Belgium,2.0,3.0,Friendly,False,2026.9,2037.2,89.7,A,2023,26.69,3.69,25491428.57,24996278.25,24.58,4.61,17192105.26,17658282.41,2.110000000000003,-0.9200000000000004,8299323.309999999,7337995.84
2023-03-28,India,Kyrgyzstan,2.0,0.0,Tri Nation Tournament,False,1392.0,1418.6,73.4,H,2023,,,,,,,,,,,,
2023-03-28,Indonesia,Burundi,2.0,2.0,Friendly,False,1437.4,1418.1,119.3,D,2023,,,,,,,,,,,,
2023-03-28,Iran,Kenya,2.0,1.0,Friendly,False,1863.0,1497.9,465.1,H,2023,29.13,3.43,994736.84,829377.5,,,,,,,,
2023-03-28,Japan,Colombia,1.0,2.0,Friendly,False,1946.6,1986.3,60.3,A,2023,25.95,2.81,9033333.33,12105759.03,25.05,4.04,4536805.56,6037157.76,0.8999999999999986,-1.23,4496527.7700000005,6068601.27
2023-03-28,Bahrain,Syria,1.0,0.0,Friendly,False,1619.1,1549.9,169.2,H,2023,,,,,,,,,,,,
2023-03-28,South Korea,Uruguay,1.0,2.0,Friendly,False,1881.6,1979.1,2.5,A,2023,28.29,3.79,4458108.11,10576998.97,24.34,3.23,10867857.14,20053652.65,3.9499999999999993,0.56,-6409749.03,-9476653.679999998
2023-03-28,Kuwait,Tajikistan,2.0,1.0,Friendly,False,1442.4,1485.4,57.1,H,2023,,,,,,,,,,,,
2023-03-28,Malaysia,Hong Kong,2.0,0.0,Friendly,False,1414.0,1304.2,209.8,H,2023,,,,,,,,,,,,
2023-03-28,Morocco,Peru,0.0,0.0,Friendly,True,1960.4,1916.7,43.8,D,2023,24.69,4.13,8234210.53,12581956.88,,,,,,,,
2023-03-28,Nepal,Bhutan,1.0,1.0,Tri Nation Tournament,False,1152.4,827.6,424.8,D,2023,,,,,,,,,,,,
2023-03-28,Jordan,Philippines,4.0,0.0,Friendly,True,1699.3,1247.3,452.0,H,2023,28.61,4.14,569852.94,1322997.65,,,,,,,,
2023-03-28,Saudi Arabia,Bolivia,1.0,2.0,Friendly,False,1702.1,1671.3,130.8,A,2023,25.67,3.6,643750.0,707950.26,,,,,,,,
2023-03-28,United Arab Emirates,Thailand,2.0,0.0,Friendly,False,1575.9,1525.3,150.6,H,2023,,,,,,,,,,,,
2023-03-28,Uzbekistan,Venezuela,1.0,1.0,Friendly,True,1699.1,1765.7,-66.7,D,2023,26.0,3.27,1214864.86,1206954.22,,,,,,,,
2023-03-28,Eswatini,Cape Verde,0.0,1.0,African Cup of Nations qualification,True,1405.0,1583.4,-178.3,A,2023,,,,,26.67,4.0,897857.14,1170277.31,,,,
2023-03-29,Rwanda,Benin,1.0,1.0,African Cup of Nations qualification,False,1414.9,1490.8,24.1,D,2023,,,,,,,,,,,,
2023-03-31,Nepal,Laos,2.0,1.0,Tri Nation Tournament,False,1139.8,922.6,317.2,H,2023,,,,,,,,,,,,
2023-04-19,United States,Mexico,1.0,1.0,Friendly,False,1902.6,1901.1,101.5,D,2023,24.0,4.13,4891216.22,5712392.34,24.97,4.03,4386486.49,5556450.46,-0.9699999999999989,0.09999999999999964,504729.7299999995,155941.8799999999
2023-06-07,Mexico,Guatemala,2.0,0.0,Friendly,False,1904.0,1632.2,371.8,H,2023,24.97,4.03,4386486.49,5556450.46,,,,,,,,
2023-06-09,Luxembourg,Malta,0.0,1.0,Friendly,False,1493.4,1304.5,289.0,A,2023,,,,,,,,,,,,
2023-06-10,Mexico,Cameroon,2.0,2.0,Friendly,True,1907.1,1731.6,175.5,D,2023,24.97,4.03,4386486.49,5556450.46,,,,,,,,
2023-06-10,Panama,Nicaragua,3.0,2.0,Friendly,False,1796.4,1455.0,441.4,H,2023,24.49,4.14,408378.38,644849.71,,,,,,,,
2023-06-11,Chile,Cuba,3.0,0.0,Friendly,False,1777.4,1489.6,387.9,H,2023,,,,,,,,,,,,
2023-06-11,Guatemala,Trinidad and Tobago,0.0,1.0,Friendly,True,1629.0,1531.9,97.1,A,2023,,,,,,,,,,,,
2023-06-11,Tajikistan,Turkmenistan,1.0,1.0,CAFA Nations Cup,True,1477.0,1390.5,86.4,D,2023,,,,,,,,,,,,
2023-06-11,Uzbekistan,Oman,3.0,0.0,CAFA Nations Cup,False,1701.0,1710.1,90.8,H,2023,26.0,3.27,1214864.86,1206954.22,,,,,,,,
2023-06-11,Mauritius,Pakistan,3.0,0.0,Mauritius Four Nations Cup,False,1162.2,1071.1,191.1,H,2023,,,,,,,,,,,,
2023-06-12,Germany,Ukraine,3.0,3.0,Friendly,False,2014.4,1854.5,259.9,D,2023,26.69,3.69,25491428.57,24996278.25,,,,,,,,
2023-06-12,Morocco,Cape Verde,0.0,0.0,Friendly,False,1959.2,1593.9,465.3,D,2023,24.69,4.13,8234210.53,12581956.88,26.67,4.0,897857.14,1170277.31,-1.9800000000000004,0.1299999999999999,7336353.390000001,11411679.57
2023-06-13,Curaçao,Costa Rica,0.0,0.0,Friendly,True,1508.1,1823.8,-315.6,D,2023,27.28,4.27,479032.26,633827.87,,,,,,,,
2023-06-13,Iran,Afghanistan,6.0,1.0,CAFA Nations Cup,True,1864.3,1268.5,595.7,H,2023,29.13,3.43,994736.84,829377.5,,,,,,,,
2023-06-14,Pakistan,Kenya,0.0,1.0,Mauritius Four Nations Cup,True,1058.0,1496.6,-438.6,A,2023,,,,,,,,,,,,
2023-06-14,DR Congo,Uganda,1.0,0.0,Friendly,True,1586.7,1511.4,75.2,H,2023,26.44,3.53,2261000.0,3388997.49,,,,,,,,
2023-06-14,Indonesia,Palestine,0.0,0.0,Friendly,False,1434.1,1577.0,-42.9,D,2023,,,,,,,,,,,,
2023-06-14,Malaysia,Solomon Islands,4.0,1.0,Friendly,False,1420.9,1574.5,-53.6,H,2023,,,,,,,,,,,,
2023-06-14,Mozambique,Malawi,1.0,1.0,Friendly,False,1432.1,1398.9,133.2,D,2023,,,,,,,,,,,,
2023-06-14,Togo,Lesotho,2.0,0.0,Friendly,True,1442.6,1328.7,113.9,H,2023,,,,,,,,,,,,
2023-06-14,Uruguay,Nicaragua,4.0,1.0,Friendly,False,1989.1,1453.5,635.6,H,2023,24.34,3.23,10867857.14,20053652.65,,,,,,,,
2023-06-14,Netherlands,Croatia,2.0,4.0,UEFA Nations League,False,2106.6,2020.4,186.2,A,2023,24.5,4.06,18784722.22,17555186.08,25.89,4.25,12635714.29,13970620.05,-1.3900000000000006,-0.1900000000000004,6149007.93,3584566.0299999975
2023-06-14,Oman,Tajikistan,1.0,1.0,CAFA Nations Cup,True,1690.6,1473.3,217.2,D,2023,,,,,,,,,,,,
2023-06-14,Uzbekistan,Turkmenistan,2.0,0.0,CAFA Nations Cup,False,1720.5,1394.2,426.3,H,2023,26.0,3.27,1214864.86,1206954.22,,,,,,,,
2023-06-14,Mauritius,Djibouti,1.0,3.0,Mauritius Four Nations Cup,False,1175.3,1025.5,249.8,A,2023,,,,,,,,,,,,
2023-06-14,Guinea-Bissau,São Tomé and Príncipe,1.0,0.0,African Cup of Nations qualification,False,1504.2,1181.4,422.9,H,2023,,,,,,,,,,,,
2023-06-14,Guinea,Egypt,1.0,2.0,African Cup of Nations qualification,True,1546.4,1782.5,-236.0,A,2023,,,,,26.89,3.84,3959722.22,13063189.48,,,,
2023-06-14,South Sudan,Gambia,2.0,3.0,African Cup of Nations qualification,True,1280.8,1558.4,-277.6,A,2023,,,,,,,,,,,,
2023-06-15,Philippines,Nepal,1.0,0.0,Friendly,False,1244.7,1143.9,200.8,H,2023,,,,,,,,,,,,
2023-06-15,Cambodia,Bangladesh,0.0,1.0,Friendly,False,1079.3,1061.8,117.5,A,2023,,,,,,,,,,,,
2023-06-15,Spain,Italy,2.0,1.0,UEFA Nations League,True,2023.1,2010.9,12.2,H,2023,25.71,4.2,26502631.58,19534591.27,,,,,,,,
2023-06-15,Japan,El Salvador,6.0,0.0,Friendly,False,1934.8,1587.4,447.5,H,2023,25.95,2.81,9033333.33,12105759.03,,,,,,,,
2023-06-15,Vietnam,Hong Kong,1.0,0.0,Friendly,False,1534.5,1297.3,337.3,H,2023,,,,,,,,,,,,
2023-06-15,Jamaica,Qatar,1.0,2.0,Friendly,True,1669.3,1654.7,14.6,A,2023,,,,,27.25,3.58,487500.0,897409.47,,,,
2023-06-15,Panama,Canada,0.0,2.0,CONCACAF Nations League,True,1797.8,1842.1,-44.3,A,2023,24.49,4.14,408378.38,644849.71,25.39,4.48,5323571.43,13330897.17,-0.9000000000000021,-0.34000000000000075,-4915193.05,-12686047.46
2023-06-15,Costa Rica,Guatemala,0.0,1.0,Friendly,True,1816.6,1616.3,200.3,A,2023,,,,,,,,,,,,
2023-06-15,Argentina,Australia,2.0,0.0,Friendly,True,2204.5,1871.4,333.1,H,2023,26.63,4.39,24177142.86,18079618.92,26.59,3.8,1638970.59,1832279.91,0.03999999999999915,0.5899999999999999,22538172.27,16247339.010000002
2023-06-15,United States,Mexico,3.0,0.0,CONCACAF Nations League,False,1899.8,1902.5,97.3,H,2023,24.0,4.13,4891216.22,5712392.34,24.97,4.03,4386486.49,5556450.46,-0.9699999999999989,0.09999999999999964,504729.7299999995,155941.8799999999
2023-06-15,Honduras,Venezuela,0.0,1.0,Friendly,True,1590.6,1763.9,-173.3,A,2023,,,,,,,,,,,,
2023-06-16,Finland,Slovenia,2.0,0.0,UEFA Euro qualification,False,1721.9,1724.5,97.4,H,2023,,,,,,,,,,,,
2023-06-16,North Macedonia,Ukraine,2.0,3.0,UEFA Euro qualification,False,1596.7,1860.8,-164.2,A,2023,,,,,,,,,,,,
2023-06-16,Wales,Armenia,2.0,4.0,UEFA Euro qualification,False,1790.0,1488.0,402.0,A,2023,,,,,,,,,,,,
2023-06-16,Latvia,Turkey,2.0,3.0,UEFA Euro qualification,False,1405.3,1751.2,-245.9,A,2023,,,,,24.56,3.66,8995714.29,8418791.66,,,,
2023-06-16,Denmark,Northern Ireland,1.0,0.0,UEFA Euro qualification,False,1907.5,1572.1,435.4,H,2023,,,,,,,,,,,,
2023-06-16,Malta,England,0.0,4.0,UEFA Euro qualification,False,1321.3,2069.0,-647.7,A,2023,,,,,25.84,3.9,40391891.89,28909723.22,,,,
2023-06-16,Andorra,Switzerland,1.0,2.0,UEFA Euro qualification,False,1181.9,1952.9,-670.9,A,2023,,,,,26.49,3.47,7581578.95,8515090.48,,,,
2023-06-16,Belarus,Israel,1.0,2.0,UEFA Euro qualification,True,1452.3,1649.8,-197.5,A,2023,,,,,,,,,,,,
2023-06-16,Kosovo,Romania,0.0,0.0,UEFA Euro qualification,False,1559.8,1679.9,-20.1,D,2023,,,,,,,,,,,,
2023-06-16,Kyrgyzstan,Iran,1.0,5.0,CAFA Nations Cup,False,1400.8,1866.1,-365.4,A,2023,,,,,29.13,3.43,994736.84,829377.5,,,,
2023-06-16,San Marino,Kazakhstan,0.0,3.0,UEFA Euro qualification,True,865.8,1467.2,-601.3,A,2023,,,,,,,,,,,,
2023-06-16,Greece,Republic of Ireland,2.0,1.0,UEFA Euro qualification,False,1735.9,1722.7,113.2,H,2023,,,,,,,,,,,,
2023-06-16,Curaçao,Saint Kitts and Nevis,1.0,1.0,Gold Cup qualification,True,1515.3,1389.3,126.0,D,2023,27.28,4.27,479032.26,633827.87,,,,,,,,
2023-06-16,Sweden,New Zealand,4.0,1.0,Friendly,False,1805.0,1716.0,189.0,H,2023,25.26,4.4,2703846.15,3195758.1,24.89,4.18,764583.33,1648877.72,0.370000000000001,0.22000000000000064,1939262.8199999998,1546880.3800000001
2023-06-16,Antigua and Barbuda,Guadeloupe,0.0,5.0,Gold Cup qualification,True,1355.7,1388.3,-32.5,A,2023,,,,,,,,,,,,
2023-06-16,Martinique,Saint Lucia,3.0,1.0,Gold Cup qualification,True,1522.1,1326.9,195.2,H,2023,,,,,,,,,,,,
2023-06-16,Gibraltar,France,0.0,3.0,UEFA Euro qualification,True,1172.0,2170.3,-998.3,A,2023,,,,,24.5,3.81,41375000.0,33149047.87,,,,
2023-06-16,China,Myanmar,4.0,0.0,Friendly,False,1598.7,1093.4,605.3,H,2023,,,,,,,,,,,,
2023-06-16,Taiwan,Thailand,2.0,2.0,Friendly,False,1098.0,1516.4,-318.4,D,2023,,,,,,,,,,,,
2023-06-16,Chile,Dominican Republic,5.0,0.0,Friendly,False,1780.8,1392.7,488.1,H,2023,,,,,,,,,,,,
2023-06-16,South Korea,Peru,0.0,1.0,Friendly,False,1871.5,1917.9,53.6,A,2023,28.29,3.79,4458108.11,10576998.97,,,,,,,,
2023-06-16,Poland,Germany,1.0,0.0,Friendly,False,1842.0,2008.1,-66.1,H,2023,,,,,26.69,3.69,25491428.57,24996278.25,,,,
2023-06-16,Serbia,Jordan,3.0,2.0,Friendly,True,1920.1,1701.9,218.2,H,2023,,,,,28.61,4.14,569852.94,1322997.65,,,,
2023-06-16,Singapore,Papua New Guinea,2.0,2.0,Friendly,False,1294.0,1547.0,-152.9,D,2023,,,,,,,,,,,,
2023-06-16,Colombia,Iraq,1.0,0.0,Friendly,True,1998.0,1722.2,275.8,H,2023,25.05,4.04,4536805.56,6037157.76,26.4,3.51,440909.09,264633.69,-1.3499999999999979,0.5300000000000002,4095896.4699999997,5772524.069999999
2023-06-17,Djibouti,Pakistan,3.0,1.0,Mauritius Four Nations Cup,True,1061.8,1055.8,6.1,H,2023,,,,,,,,,,,,
2023-06-17,Ticino,Raetia,1.0,8.0,CONIFA World Football Cup qualification,False,1500.0,1284.6,315.4,A,2023,,,,,,,,,,,,
2023-06-17,Turkmenistan,Oman,0.0,2.0,CAFA Nations Cup,True,1390.6,1682.3,-291.6,A,2023,,,,,,,,,,,,
2023-06-17,Uzbekistan,Tajikistan,5.0,1.0,CAFA Nations Cup,False,1724.1,1481.6,342.4,H,2023,26.0,3.27,1214864.86,1206954.22,,,,,,,,
2023-06-17,Central African Republic,Angola,1.0,2.0,African Cup of Nations qualification,True,1453.1,1512.2,-59.1,A,2023,,,,,,,,,,,,
2023-06-17,Benin,Senegal,1.0,1.0,African Cup of Nations qualification,False,1492.2,1864.5,-272.4,D,2023,,,,,24.52,4.58,6836956.52,8846999.21,,,,
2023-06-17,Lesotho,Comoros,0.0,1.0,African Cup of Nations qualification,True,1318.4,1370.9,-52.5,A,2023,,,,,,,,,,,,
2023-06-17,Equatorial Guinea,Tunisia,1.0,0.0,African Cup of Nations qualification,False,1589.7,1860.2,-170.5,H,2023,,,,,24.55,3.7,2218103.45,2602294.22,,,,
2023-06-17,Botswana,Libya,1.0,0.0,African Cup of Nations qualification,False,1417.4,1455.6,61.8,H,2023,,,,,,,,,,,,
2023-06-17,South Africa,Morocco,2.0,1.0,African Cup of Nations qualification,False,1645.7,1950.5,-204.8,H,2023,26.12,3.53,692567.57,519838.36,24.69,4.13,8234210.53,12581956.88,1.4299999999999997,-0.6000000000000001,-7541642.96,-12062118.520000001
2023-06-17,Portugal,Bosnia and Herzegovina,3.0,0.0,UEFA Euro qualification,False,2064.8,1658.5,506.3,H,2023,25.74,4.66,30974285.71,24268431.5,28.34,3.78,3365853.66,5719217.06,-2.6000000000000014,0.8800000000000003,27608432.05,18549214.44
2023-06-17,Zambia,Ivory Coast,3.0,0.0,African Cup of Nations qualification,False,1583.6,1786.4,-102.9,H,2023,,,,,25.89,4.9,10302380.95,12055906.24,,,,
2023-06-17,Iceland,Slovakia,1.0,2.0,UEFA Euro qualification,False,1580.7,1644.4,36.3,A,2023,,,,,,,,,,,,
2023-06-17,Lithuania,Bulgaria,1.0,1.0,UEFA Euro qualification,False,1302.6,1548.6,-146.0,D,2023,,,,,,,,,,,,
2023-06-17,Montenegro,Hungary,0.0,0.0,UEFA Euro qualification,False,1598.4,1883.0,-184.6,D,2023,,,,,,,,,,,,
2023-06-17,Guyana,Grenada,1.0,1.0,Gold Cup qualification,True,1402.6,1283.7,118.9,D,2023,,,,,,,,,,,,
2023-06-17,Suriname,Puerto Rico,0.0,0.0,Gold Cup qualification,True,1487.9,1332.7,155.1,D,2023,,,,,,,,,,,,
2023-06-17,Luxembourg,Liechtenstein,2.0,0.0,UEFA Euro qualification,False,1476.6,1032.7,543.9,H,2023,,,,,,,,,,,,
2023-06-17,Brazil,Guinea,4.0,1.0,Friendly,True,2183.7,1538.3,645.5,H,2023,24.7,3.79,26521621.62,25985381.91,,,,,,,,
2023-06-17,Ecuador,Bolivia,1.0,0.0,Friendly,True,1919.0,1684.9,234.1,H,2023,24.38,4.67,4346052.63,7438417.18,,,,,,,,
2023-06-17,Norway,Scotland,1.0,2.0,UEFA Euro qualification,False,1782.8,1845.1,37.7,A,2023,24.54,3.01,9220833.33,27533937.08,25.82,3.2,9061363.64,11868051.54,-1.2800000000000011,-0.1900000000000004,159469.68999999948,15665885.54
2023-06-17,French Guiana,Sint Maarten,4.0,1.0,Gold Cup qualification,True,1515.2,1237.3,277.9,H,2023,,,,,,,,,,,,
2023-06-17,Faroe Islands,Czech Republic,0.0,3.0,UEFA Euro qualification,False,1354.1,1834.8,-380.7,A,2023,,,,,25.89,3.5,4229605.26,7344206.13,,,,
2023-06-17,Albania,Moldova,2.0,0.0,UEFA Euro qualification,False,1586.0,1299.0,387.0,H,2023,,,,,,,,,,,,
2023-06-17,Azerbaijan,Estonia,1.0,1.0,UEFA Euro qualification,False,1459.5,1501.2,58.3,D,2023,,,,,,,,,,,,
2023-06-17,Belgium,Austria,1.0,1.0,UEFA Euro qualification,False,2049.7,1803.6,346.1,D,2023,24.58,4.61,17192105.26,17658282.41,25.26,4.16,8971052.63,10548157.93,-0.6800000000000033,0.4500000000000002,8221052.630000001,7110124.48
2023-06-17,Cyprus,Georgia,1.0,2.0,UEFA Euro qualification,False,1406.1,1710.2,-204.1,A,2023,,,,,,,,,,,,
2023-06-18,Cape Verde,Burkina Faso,3.0,1.0,African Cup of Nations qualification,False,1602.6,1706.9,-4.2,H,2023,26.67,4.0,897857.14,1170277.31,,,,,,,,
2023-06-18,Gabon,DR Congo,0.0,2.0,African Cup of Nations qualification,False,1576.5,1594.5,82.0,A,2023,,,,,26.44,3.53,2261000.0,3388997.49,,,,
2023-06-18,Congo,Mali,0.0,2.0,African Cup of Nations qualification,False,1397.9,1719.6,-221.8,A,2023,,,,,,,,,,,,
2023-06-18,Uganda,Algeria,1.0,2.0,African Cup of Nations qualification,True,1503.5,1815.1,-311.6,A,2023,,,,,25.82,3.4,4360256.41,8054751.98,,,,
2023-06-18,Tanzania,Niger,1.0,0.0,African Cup of Nations qualification,False,1432.3,1360.4,171.9,H,2023,,,,,,,,,,,,
2023-06-18,Madagascar,Ghana,0.0,0.0,African Cup of Nations qualification,False,1348.0,1701.8,-253.9,D,2023,,,,,24.44,3.25,2889743.59,6518112.63,,,,
2023-06-18,Rwanda,Mozambique,0.0,2.0,African Cup of Nations qualification,False,1413.5,1428.5,85.1,A,2023,,,,,,,,,,,,
2023-06-18,Eswatini,Togo,0.0,2.0,African Cup of Nations qualification,True,1394.5,1452.9,-58.4,A,2023,,,,,,,,,,,,
2023-06-18,Sierra Leone,Nigeria,2.0,3.0,African Cup of Nations qualification,True,1465.0,1707.4,-242.4,A,2023,,,,,,,,,,,,
2023-06-18,Singapore,Solomon Islands,1.0,1.0,Friendly,False,1298.2,1554.4,-156.2,D,2023,,,,,,,,,,,,
2023-06-18,Croatia,Spain,0.0,0.0,UEFA Nations League,True,2065.1,2042.4,22.7,D,2023,25.89,4.25,12635714.29,13970620.05,25.71,4.2,26502631.58,19534591.27,0.17999999999999972,0.04999999999999982,-13866917.29,-5563971.219999999
2023-06-18,Netherlands,Italy,2.0,3.0,UEFA Nations League,False,2061.9,1991.6,170.3,A,2023,24.5,4.06,18784722.22,17555186.08,,,,,,,,
2023-06-18,Paraguay,Nicaragua,2.0,0.0,Friendly,False,1787.8,1452.6,435.2,H,2023,26.17,4.4,2605147.06,2692703.78,,,,,,,,
2023-06-18,Guatemala,Venezuela,0.0,1.0,Friendly,True,1631.5,1769.2,-137.7,A,2023,,,,,,,,,,,,
2023-06-18,Egypt,South Sudan,3.0,0.0,Friendly,False,1790.7,1274.0,616.6,H,2023,26.89,3.84,3959722.22,13063189.48,,,,,,,,
2023-06-18,United States,Canada,2.0,0.0,CONCACAF Nations League,False,1925.2,1868.3,156.9,H,2023,24.0,4.13,4891216.22,5712392.34,25.39,4.48,5323571.43,13330897.17,-1.3900000000000006,-0.35000000000000053,-432355.20999999996,-7618504.83
2023-06-18,Panama,Mexico,0.0,1.0,CONCACAF Nations League,True,1771.6,1877.0,-105.4,A,2023,24.49,4.14,408378.38,644849.71,24.97,4.03,4386486.49,5556450.46,-0.4800000000000004,0.10999999999999943,-3978108.1100000003,-4911600.75
2023-06-18,Mauritius,Kenya,1.0,0.0,Mauritius Four Nations Cup,False,1139.0,1498.8,-259.9,H,2023,,,,,,,,,,,,
2023-06-19,Israel,Andorra,2.0,1.0,UEFA Euro qualification,False,1659.5,1181.1,578.4,H,2023,,,,,,,,,,,,
2023-06-19,Switzerland,Romania,2.0,2.0,UEFA Euro qualification,False,1953.7,1678.7,375.0,D,2023,26.49,3.47,7581578.95,8515090.48,,,,,,,,
2023-06-19,Belarus,Kosovo,2.0,1.0,UEFA Euro qualification,True,1442.5,1560.9,-118.4,H,2023,,,,,,,,,,,,
2023-06-19,Slovenia,Denmark,1.0,1.0,UEFA Euro qualification,False,1702.7,1910.6,-107.8,D,2023,,,,,,,,,,,,
2023-06-19,Finland,San Marino,6.0,0.0,UEFA Euro qualification,False,1743.7,863.7,980.0,H,2023,,,,,,,,,,,,
2023-06-19,Turkey,Wales,2.0,0.0,UEFA Euro qualification,False,1759.0,1735.4,123.7,H,2023,24.56,3.66,8995714.29,8418791.66,,,,,,,,
2023-06-19,Armenia,Latvia,2.0,1.0,UEFA Euro qualification,False,1542.6,1397.5,245.1,H,2023,,,,,,,,,,,,
2023-06-19,England,North Macedonia,7.0,0.0,UEFA Euro qualification,False,2070.7,1585.5,585.2,H,2023,25.84,3.9,40391891.89,28909723.22,,,,,,,,
2023-06-19,Northern Ireland,Kazakhstan,0.0,1.0,UEFA Euro qualification,False,1569.1,1469.3,199.8,A,2023,,,,,,,,,,,,
2023-06-19,France,Greece,1.0,0.0,UEFA Euro qualification,False,2170.5,1749.6,520.9,H,2023,24.5,3.81,41375000.0,33149047.87,,,,,,,,
2023-06-19,Republic of Ireland,Gibraltar,3.0,0.0,UEFA Euro qualification,False,1709.0,1171.8,637.3,H,2023,,,,,,,,,,,,
2023-06-19,Philippines,Taiwan,2.0,3.0,Friendly,False,1249.5,1105.3,244.2,A,2023,,,,,,,,,,,,
2023-06-19,Macau,Myanmar,0.0,2.0,Friendly,True,951.1,1092.2,-141.1,A,2023,,,,,,,,,,,,
2023-06-19,Jamaica,Jordan,1.0,2.0,Friendly,True,1658.9,1697.4,-38.6,A,2023,,,,,28.61,4.14,569852.94,1322997.65,,,,
2023-06-19,Indonesia,Argentina,0.0,2.0,Friendly,False,1435.3,2208.3,-673.1,A,2023,,,,,26.63,4.39,24177142.86,18079618.92,,,,
2023-06-19,Hong Kong,Thailand,0.0,1.0,Friendly,False,1294.8,1509.2,-114.4,A,2023,,,,,,,,,,,,
2023-06-19,Ukraine,Malta,1.0,0.0,UEFA Euro qualification,True,1872.0,1319.5,552.5,H,2023,,,,,,,,,,,,
2023-06-20,Faroe Islands,Albania,1.0,3.0,UEFA Euro qualification,False,1347.1,1591.8,-144.7,A,2023,,,,,,,,,,,,
2023-06-20,Moldova,Poland,3.0,2.0,UEFA Euro qualification,False,1293.2,1853.9,-460.7,H,2023,,,,,,,,,,,,
2023-06-20,Austria,Sweden,2.0,0.0,UEFA Euro qualification,False,1818.8,1813.8,105.0,H,2023,25.26,4.16,8971052.63,10548157.93,25.26,4.4,2703846.15,3195758.1,0.0,-0.2400000000000002,6267206.48,7352399.83
2023-06-20,Estonia,Belgium,0.0,3.0,UEFA Euro qualification,False,1504.5,2034.5,-430.0,A,2023,,,,,24.58,4.61,17192105.26,17658282.41,,,,
2023-06-20,Hungary,Lithuania,2.0,0.0,UEFA Euro qualification,False,1873.2,1310.5,662.7,H,2023,,,,,,,,,,,,
2023-06-20,Bulgaria,Serbia,1.0,1.0,UEFA Euro qualification,False,1540.7,1924.5,-283.8,D,2023,,,,,,,,,,,,
2023-06-20,Iceland,Portugal,0.0,1.0,UEFA Euro qualification,False,1558.6,2068.4,-409.8,A,2023,,,,,25.74,4.66,30974285.71,24268431.5,,,,
2023-06-20,Kyrgyzstan,Oman,0.0,1.0,CAFA Nations Cup,True,1394.7,1689.3,-294.7,A,2023,,,,,,,,,,,,
2023-06-20,Bosnia and Herzegovina,Luxembourg,0.0,2.0,UEFA Euro qualification,False,1654.9,1479.1,275.8,A,2023,28.34,3.78,3365853.66,5719217.06,,,,,,,,
2023-06-20,Liechtenstein,Slovakia,0.0,1.0,UEFA Euro qualification,False,1030.2,1666.5,-536.3,A,2023,,,,,,,,,,,,
2023-06-20,Uzbekistan,Iran,0.0,1.0,CAFA Nations Cup,False,1730.9,1872.3,-41.3,A,2023,26.0,3.27,1214864.86,1206954.22,29.13,3.43,994736.84,829377.5,-3.129999999999999,-0.16000000000000014,220128.02000000014,377576.72
2023-06-20,Burundi,Namibia,3.0,2.0,African Cup of Nations qualification,True,1421.4,1550.1,-128.8,H,2023,,,,,,,,,,,,
2023-06-20,Ethiopia,Malawi,0.0,0.0,African Cup of Nations qualification,True,1437.5,1402.5,35.0,D,2023,,,,,,,,,,,,
2023-06-20,Norway,Cyprus,3.0,1.0,UEFA Euro qualification,False,1760.6,1396.6,464.0,H,2023,24.54,3.01,9220833.33,27533937.08,,,,,,,,
2023-06-20,Sudan,Mauritania,0.0,3.0,African Cup of Nations qualification,True,1431.7,1475.0,-43.3,A,2023,,,,,,,,,,,,
2023-06-20,Scotland,Georgia,2.0,0.0,UEFA Euro qualification,False,1867.3,1719.6,247.7,H,2023,25.82,3.2,9061363.64,11868051.54,,,,,,,,
2023-06-20,China,Palestine,2.0,0.0,Friendly,False,1599.8,1575.7,124.0,H,2023,,,,,,,,,,,,
2023-06-20,Uruguay,Cuba,2.0,0.0,Friendly,False,1990.0,1486.2,603.9,H,2023,24.34,3.23,10867857.14,20053652.65,,,,,,,,
2023-06-20,Vietnam,Syria,1.0,0.0,Friendly,False,1537.1,1544.4,92.7,H,2023,,,,,,,,,,,,
2023-06-20,Guadeloupe,Guyana,2.0,0.0,Gold Cup qualification,True,1424.5,1396.0,28.5,H,2023,,,,,,,,,,,,
2023-06-20,Martinique,Puerto Rico,2.0,0.0,Gold Cup qualification,True,1536.8,1341.1,195.7,H,2023,,,,,,,,,,,,
2023-06-20,Saint Kitts and Nevis,French Guiana,1.0,1.0,Gold Cup qualification,True,1396.3,1526.9,-130.7,D,2023,,,,,,,,,,,,
2023-06-20,Algeria,Tunisia,1.0,1.0,Friendly,False,1820.8,1831.1,89.8,D,2023,25.82,3.4,4360256.41,8054751.98,24.55,3.7,2218103.45,2602294.22,1.2699999999999996,-0.30000000000000027,2142152.96,5452457.76
2023-06-20,Brazil,Senegal,2.0,4.0,Friendly,True,2184.6,1851.4,333.1,A,2023,24.7,3.79,26521621.62,25985381.91,24.52,4.58,6836956.52,8846999.21,0.17999999999999972,-0.79,19684665.1,17138382.7
2023-06-20,Bolivia,Chile,0.0,0.0,Friendly,False,1680.8,1783.1,-2.3,D,2023,,,,,,,,,,,,
2023-06-20,Germany,Colombia,0.0,2.0,Friendly,False,1996.2,2001.4,94.8,A,2023,26.69,3.69,25491428.57,24996278.25,25.05,4.04,4536805.56,6037157.76,1.6400000000000006,-0.3500000000000001,20954623.01,18959120.490000002
2023-06-20,Haiti,Trinidad and Tobago,0.0,0.0,Friendly,True,1709.3,1544.7,164.6,D,2023,27.36,4.04,488636.36,649477.96,,,,,,,,
2023-06-20,Japan,Peru,4.0,1.0,Friendly,False,1937.9,1929.4,108.4,H,2023,25.95,2.81,9033333.33,12105759.03,,,,,,,,
2023-06-20,South Korea,El Salvador,1.0,1.0,Friendly,False,1860.0,1584.4,375.6,D,2023,28.29,3.79,4458108.11,10576998.97,,,,,,,,
2023-06-20,Malaysia,Papua New Guinea,10.0,0.0,Friendly,False,1441.1,1542.8,-1.7,H,2023,,,,,,,,,,,,
2023-06-20,Montenegro,Czech Republic,1.0,4.0,Friendly,False,1608.1,1841.8,-133.7,A,2023,,,,,25.89,3.5,4229605.26,7344206.13,,,,
2023-06-20,Ecuador,Costa Rica,3.0,1.0,Friendly,True,1923.1,1801.4,121.7,H,2023,24.38,4.67,4346052.63,7438417.18,,,,,,,,
2023-06-21,Kuwait,Nepal,3.0,1.0,SAFF Cup,True,1450.8,1139.1,311.7,H,2023,,,,,,,,,,,,
2023-06-21,India,Pakistan,4.0,0.0,SAFF Cup,False,1409.8,1033.7,476.1,H,2023,,,,,,,,,,,,
2023-06-22,Maldives,Bhutan,2.0,0.0,SAFF Cup,True,1136.3,840.2,296.1,H,2023,,,,,,,,,,,,
2023-06-22,Lebanon,Bangladesh,2.0,0.0,SAFF Cup,True,1435.5,1075.0,360.4,H,2023,,,,,,,,,,,,
2023-06-24,India,Nepal,2.0,0.0,SAFF Cup,False,1413.2,1132.7,380.5,H,2023,,,,,,,,,,,,
2023-06-24,United States,Jamaica,1.0,1.0,Gold Cup,False,1942.5,1650.0,392.6,D,2023,24.0,4.13,4891216.22,5712392.34,,,,,,,,
2023-06-24,Pakistan,Kuwait,0.0,4.0,SAFF Cup,True,1030.3,1457.2,-426.9,A,2023,,,,,,,,,,,,
2023-06-25,Bangladesh,Maldives,3.0,1.0,SAFF Cup,True,1070.0,1143.2,-73.2,H,2023,,,,,,,,,,,,
2023-06-25,Bhutan,Lebanon,1.0,4.0,SAFF Cup,True,833.2,1440.5,-607.3,A,2023,,,,,,,,,,,,
2023-06-25,Trinidad and Tobago,Saint Kitts and Nevis,3.0,0.0,Gold Cup,True,1549.1,1403.4,145.6,H,2023,,,,,,,,,,,,
2023-06-25,Haiti,Qatar,2.0,1.0,Gold Cup,True,1704.8,1665.1,39.7,H,2023,27.36,4.04,488636.36,649477.96,27.25,3.58,487500.0,897409.47,0.10999999999999943,0.45999999999999996,1136.359999999986,-247931.51
2023-06-25,Mexico,Honduras,4.0,0.0,Gold Cup,True,1891.1,1585.2,305.9,H,2023,24.97,4.03,4386486.49,5556450.46,,,,,,,,
2023-06-26,El Salvador,Martinique,1.0,2.0,Gold Cup,True,1592.3,1551.5,40.8,A,2023,,,,,,,,,,,,
2023-06-26,Costa Rica,Panama,1.0,2.0,Gold Cup,True,1791.4,1757.5,33.9,A,2023,,,,,24.49,4.14,408378.38,644849.71,,,,
2023-06-27,Guatemala,Cuba,1.0,0.0,Gold Cup,True,1625.3,1485.3,140.0,H,2023,,,,,,,,,,,,
2023-06-27,Canada,Guadeloupe,2.0,2.0,Gold Cup,False,1851.0,1452.1,498.9,D,2023,25.39,4.48,5323571.43,13330897.17,,,,,,,,
2023-06-27,Nepal,Pakistan,1.0,0.0,SAFF Cup,True,1128.2,1025.8,102.4,H,2023,,,,,,,,,,,,
2023-06-27,India,Kuwait,1.0,1.0,SAFF Cup,False,1417.7,1461.7,56.1,D,2023,,,,,,,,,,,,
2023-06-28,Lebanon,Maldives,1.0,0.0,SAFF Cup,True,1442.0,1116.1,326.0,H,2023,,,,,,,,,,,,
2023-06-28,Bhutan,Bangladesh,1.0,3.0,SAFF Cup,True,831.7,1097.2,-265.5,A,2023,,,,,,,,,,,,
2023-06-28,Jamaica,Trinidad and Tobago,4.0,1.0,Gold Cup,True,1670.2,1575.5,94.8,H,2023,,,,,,,,,,,,
2023-06-28,United States,Saint Kitts and Nevis,6.0,0.0,Gold Cup,False,1922.3,1377.0,645.2,H,2023,24.0,4.13,4891216.22,5712392.34,,,,,,,,
2023-06-29,Qatar,Honduras,1.0,1.0,Gold Cup,True,1642.9,1571.5,71.5,D,2023,27.25,3.58,487500.0,897409.47,,,,,,,,
2023-06-29,Haiti,Mexico,1.0,3.0,Gold Cup,True,1727.0,1904.9,-177.9,A,2023,27.36,4.04,488636.36,649477.96,24.97,4.03,4386486.49,5556450.46,2.3900000000000006,0.009999999999999787,-3897850.1300000004,-4906972.5
2023-06-30,Martinique,Panama,1.0,2.0,Gold Cup,True,1579.4,1784.9,-205.5,A,2023,,,,,24.49,4.14,408378.38,644849.71,,,,
2023-06-30,Székely Land,Chameria,3.0,2.0,CONIFA World Football Cup qualification,False,1419.8,1578.8,-59.0,H,2023,,,,,,,,,,,,
2023-06-30,El Salvador,Costa Rica,0.0,0.0,Gold Cup,True,1564.4,1764.0,-199.6,D,2023,,,,,,,,,,,,
2023-07-01,Guatemala,Canada,0.0,0.0,Gold Cup,True,1640.7,1828.7,-188.0,D,2023,,,,,25.39,4.48,5323571.43,13330897.17,,,,
2023-07-01,Kuwait,Bangladesh,1.0,0.0,SAFF Cup,True,1464.1,1105.2,358.9,H,2023,,,,,,,,,,,,
2023-07-01,Cuba,Guadeloupe,1.0,4.0,Gold Cup,True,1469.8,1474.4,-4.6,A,2023,,,,,,,,,,,,
2023-07-01,Chameria,Two Sicilies,3.0,1.0,CONIFA World Football Cup qualification,True,1555.4,1433.1,122.3,H,2023,,,,,,,,,,,,
2023-07-01,India,Lebanon,0.0,0.0,SAFF Cup,False,1415.3,1446.0,69.3,D,2023,,,,,,,,,,,,
2023-07-02,Székely Land,Two Sicilies,7.0,0.0,CONIFA World Football Cup qualification,False,1443.2,1413.3,129.9,H,2023,,,,,,,,,,,,
2023-07-02,United States,Trinidad and Tobago,6.0,0.0,Gold Cup,False,1924.8,1543.4,481.4,H,2023,24.0,4.13,4891216.22,5712392.34,,,,,,,,
2023-07-02,Jamaica,Saint Kitts and Nevis,5.0,0.0,Gold Cup,True,1702.4,1374.5,327.9,H,2023,,,,,,,,,,,,
2023-07-02,Honduras,Haiti,2.0,1.0,Gold Cup,True,1576.5,1707.2,-130.6,H,2023,,,,,27.36,4.04,488636.36,649477.96,,,,
2023-07-02,Mexico,Qatar,0.0,1.0,Gold Cup,True,1924.7,1637.9,286.8,A,2023,24.97,4.03,4386486.49,5556450.46,27.25,3.58,487500.0,897409.47,-2.280000000000001,0.4500000000000002,3898986.49,4659040.99
2023-07-04,India,Kuwait,1.0,1.0,SAFF Cup,False,1412.4,1467.4,45.0,D,2023,,,,,,,,,,,,
2023-07-04,Costa Rica,Martinique,6.0,4.0,Gold Cup,True,1751.0,1567.7,183.3,H,2023,,,,,,,,,,,,
2023-07-04,Panama,El Salvador,2.0,2.0,Gold Cup,True,1796.7,1577.4,219.3,D,2023,24.49,4.14,408378.38,644849.71,,,,,,,,
2023-07-04,Guadeloupe,Guatemala,2.0,3.0,Gold Cup,True,1517.6,1653.1,-135.5,A,2023,,,,,,,,,,,,
2023-07-04,Canada,Cuba,4.0,2.0,Gold Cup,True,1816.3,1426.7,389.7,H,2023,25.39,4.48,5323571.43,13330897.17,,,,,,,,
2023-07-05,South Africa,Namibia,1.0,1.0,COSAFA Cup,False,1676.3,1523.0,253.3,D,2023,26.12,3.53,692567.57,519838.36,,,,,,,,
2023-07-05,Eswatini,Botswana,0.0,1.0,COSAFA Cup,True,1369.5,1433.9,-64.4,A,2023,,,,,,,,,,,,
2023-07-06,Seychelles,Comoros,0.0,3.0,COSAFA Cup,True,1077.4,1387.9,-310.5,A,2023,,,,,,,,,,,,
2023-07-06,Zambia,Malawi,0.0,1.0,COSAFA Cup,True,1628.6,1404.5,224.1,A,2023,,,,,,,,,,,,
2023-07-07,Mauritius,Lesotho,0.0,2.0,COSAFA Cup,True,1163.5,1301.4,-138.0,A,2023,,,,,,,,,,,,
2023-07-07,Mozambique,Angola,1.0,1.0,COSAFA Cup,True,1465.7,1528.8,-63.2,D,2023,,,,,,,,,,,,
2023-07-08,Panama,Qatar,4.0,0.0,Gold Cup,True,1782.7,1679.8,102.9,H,2023,24.49,4.14,408378.38,644849.71,27.25,3.58,487500.0,897409.47,-2.7600000000000016,0.5599999999999996,-79121.62,-252559.76
2023-07-08,Mexico,Costa Rica,2.0,0.0,Gold Cup,True,1882.7,1770.4,112.4,H,2023,24.97,4.03,4386486.49,5556450.46,,,,,,,,
2023-07-08,South Africa,Botswana,2.0,1.0,COSAFA Cup,False,1667.0,1446.1,320.8,H,2023,26.12,3.53,692567.57,519838.36,,,,,,,,
2023-07-08,Namibia,Eswatini,1.0,2.0,COSAFA Cup,True,1532.4,1357.2,175.2,A,2023,,,,,,,,,,,,
2023-07-09,Jersey,Gozo,1.0,0.0,Island Games,True,1785.4,1372.8,412.6,H,2023,,,,,,,,,,,,
2023-07-09,Zambia,Comoros,2.0,1.0,COSAFA Cup,True,1605.1,1395.4,209.7,H,2023,,,,,,,,,,,,
2023-07-09,Malawi,Seychelles,2.0,0.0,COSAFA Cup,True,1428.1,1069.9,358.2,H,2023,,,,,,,,,,,,
2023-07-09,Menorca,Saint Helena,5.0,0.0,Island Games,True,1609.3,1425.6,183.6,H,2023,,,,,,,,,,,,
2023-07-09,Orkney,Greenland,2.0,2.0,Island Games,True,1359.6,1523.8,-164.2,D,2023,,,,,,,,,,,,
2023-07-09,United States,Canada,2.0,2.0,Gold Cup,False,1931.1,1823.5,207.5,D,2023,24.0,4.13,4891216.22,5712392.34,25.39,4.48,5323571.43,13330897.17,-1.3900000000000006,-0.35000000000000053,-432355.20999999996,-7618504.83
2023-07-09,Isle of Man,Falkland Islands,3.0,0.0,Island Games,True,1721.6,1222.7,498.9,H,2023,,,,,,,,,,,,
2023-07-09,Guernsey,Western Isles,1.0,0.0,Island Games,False,1757.2,1398.9,458.3,H,2023,,,,,,,,,,,,
2023-07-09,Åland Islands,Isle of Wight,0.0,2.0,Island Games,True,1537.1,1622.9,-85.9,A,2023,,,,,,,,,,,,
2023-07-09,Guatemala,Jamaica,0.0,1.0,Gold Cup,True,1668.8,1715.5,-46.7,A,2023,,,,,,,,,,,,
2023-07-09,Ynys Môn,Shetland,2.0,0.0,Island Games,True,1586.9,1458.0,128.9,H,2023,,,,,,,,,,,,
2023-07-10,Mozambique,Lesotho,0.0,1.0,COSAFA Cup,True,1468.4,1315.4,152.9,A,2023,,,,,,,,,,,,
2023-07-10,Angola,Mauritius,0.0,1.0,COSAFA Cup,True,1526.1,1149.5,376.7,A,2023,,,,,,,,,,,,
2023-07-10,Jersey,Menorca,4.0,0.0,Island Games,True,1788.0,1624.8,163.2,H,2023,,,,,,,,,,,,
2023-07-10,Gozo,Saint Helena,3.0,0.0,Island Games,True,1370.2,1410.2,-40.0,H,2023,,,,,,,,,,,,
2023-07-10,Greenland,Frøya,2.0,0.0,Island Games,True,1517.2,1241.2,275.9,H,2023,,,,,,,,,,,,
2023-07-10,Falkland Islands,Ynys Môn,1.0,5.0,Island Games,True,1219.9,1601.4,-381.5,A,2023,,,,,,,,,,,,
2023-07-10,Guernsey,Åland Islands,4.0,1.0,Island Games,False,1759.2,1520.0,339.2,H,2023,,,,,,,,,,,,
2023-07-10,Western Isles,Isle of Wight,0.0,1.0,Island Games,True,1396.9,1640.0,-243.1,A,2023,,,,,,,,,,,,
2023-07-10,Shetland,Isle of Man,3.0,2.0,Island Games,True,1443.5,1724.4,-281.0,H,2023,,,,,,,,,,,,
2023-07-11,Seychelles,Zambia,2.0,4.0,COSAFA Cup,True,1064.8,1612.0,-547.2,A,2023,,,,,,,,,,,,
2023-07-11,Malawi,Comoros,2.0,0.0,COSAFA Cup,True,1433.1,1388.5,44.6,H,2023,,,,,,,,,,,,
2023-07-11,South Africa,Eswatini,2.0,1.0,COSAFA Cup,False,1671.1,1379.2,391.8,H,2023,26.12,3.53,692567.57,519838.36,,,,,,,,
2023-07-11,Namibia,Botswana,0.0,0.0,COSAFA Cup,True,1510.4,1442.0,68.4,D,2023,,,,,,,,,,,,
2023-07-11,Saint Helena,Jersey,0.0,5.0,Island Games,True,1380.9,1803.8,-422.9,A,2023,,,,,,,,,,,,
2023-07-11,Isle of Man,Ynys Môn,1.0,2.0,Island Games,True,1699.4,1607.1,92.3,A,2023,,,,,,,,,,,,
2023-07-11,Frøya,Orkney,2.0,3.0,Island Games,True,1233.6,1366.2,-132.6,A,2023,,,,,,,,,,,,
2023-07-11,Falkland Islands,Shetland,1.0,4.0,Island Games,True,1214.3,1468.5,-254.2,A,2023,,,,,,,,,,,,
2023-07-11,Åland Islands,Western Isles,0.0,2.0,Island Games,True,1513.5,1390.9,122.6,A,2023,,,,,,,,,,,,
2023-07-11,Guernsey,Isle of Wight,1.0,2.0,Island Games,False,1765.7,1645.9,219.8,A,2023,,,,,,,,,,,,
2023-07-11,Menorca,Gozo,0.0,1.0,Island Games,True,1609.0,1399.5,209.5,A,2023,,,,,,,,,,,,
2023-07-12,United States,Panama,1.0,1.0,Gold Cup,False,1917.7,1816.1,201.6,D,2023,24.0,4.13,4891216.22,5712392.34,24.49,4.14,408378.38,644849.71,-0.48999999999999844,-0.009999999999999787,4482837.84,5067542.63
2023-07-12,Jamaica,Mexico,0.0,3.0,Gold Cup,True,1737.2,1908.5,-171.4,A,2023,,,,,24.97,4.03,4386486.49,5556450.46,,,,
2023-07-12,Angola,Lesotho,4.0,2.0,COSAFA Cup,True,1499.2,1336.6,162.6,H,2023,,,,,,,,,,,,
2023-07-12,Mauritius,Mozambique,0.0,1.0,COSAFA Cup,True,1176.4,1447.1,-270.8,A,2023,,,,,,,,,,,,
2023-07-13,Isle of Wight,Jersey,2.0,3.0,Island Games,True,1669.3,1808.6,-139.3,A,2023,,,,,,,,,,,,
2023-07-13,Guernsey,Gozo,1.0,0.0,Island Games,False,1742.3,1422.6,419.8,H,2023,,,,,,,,,,,,
2023-07-13,Shetland,Greenland,5.0,1.0,Island Games,True,1478.4,1524.8,-46.4,H,2023,,,,,,,,,,,,
2023-07-13,Frøya,Saint Helena,4.0,2.0,Island Games,True,1224.0,1376.1,-152.0,H,2023,,,,,,,,,,,,
2023-07-13,Western Isles,Menorca,2.0,1.0,Island Games,True,1421.1,1585.9,-164.8,H,2023,,,,,,,,,,,,
2023-07-13,Åland Islands,Falkland Islands,1.0,1.0,Island Games,True,1483.4,1204.4,279.0,D,2023,,,,,,,,,,,,
2023-07-13,Orkney,Isle of Man,0.0,1.0,Island Games,True,1375.7,1680.5,-304.8,A,2023,,,,,,,,,,,,
2023-07-14,South Africa,Zambia,1.0,2.0,COSAFA Cup,False,1673.9,1613.9,160.0,A,2023,26.12,3.53,692567.57,519838.36,,,,,,,,
2023-07-14,Ynys Môn,Jersey,2.0,5.0,Island Games,True,1626.0,1817.9,-191.9,A,2023,,,,,,,,,,,,
2023-07-14,Malawi,Lesotho,1.0,1.0,COSAFA Cup,True,1452.8,1324.0,128.8,D,2023,,,,,,,,,,,,
2023-07-16,Lesotho,Zambia,0.0,1.0,COSAFA Cup,True,1329.3,1635.3,-306.0,A,2023,,,,,,,,,,,,
2023-07-16,South Africa,Malawi,0.0,0.0,COSAFA Cup,False,1652.4,1447.5,305.0,D,2023,26.12,3.53,692567.57,519838.36,,,,,,,,
2023-07-16,Kernow,Sápmi,2.0,1.0,CONIFA World Football Cup qualification,False,1585.5,1482.4,203.1,H,2023,,,,,,,,,,,,
2023-07-16,Mexico,Panama,1.0,0.0,Gold Cup,True,1932.3,1829.2,103.1,H,2023,24.97,4.03,4386486.49,5556450.46,24.49,4.14,408378.38,644849.71,0.4800000000000004,-0.10999999999999943,3978108.1100000003,4911600.75
2023-08-02,Ethiopia,Guyana,2.0,0.0,Friendly,True,1435.5,1368.5,67.0,H,2023,,,,,,,,,,,,
2023-08-04,Tamil Eelam,Hmong,3.0,0.0,CONIFA Asia Cup,True,1476.0,1500.0,-24.0,H,2023,,,,,,,,,,,,
2023-08-05,Hmong,Tibet,5.0,4.0,CONIFA Asia Cup,True,1471.9,1308.1,163.9,H,2023,,,,,,,,,,,,
2023-08-06,Tibet,Tamil Eelam,1.0,3.0,CONIFA Asia Cup,True,1299.7,1504.0,-204.4,A,2023,,,,,,,,,,,,
2023-08-06,Raetia,Ticino,5.0,1.0,Friendly,False,1362.0,1422.6,39.4,H,2023,,,,,,,,,,,,
2023-08-08,Tamil Eelam,Hmong,3.0,1.0,CONIFA Asia Cup,True,1514.6,1480.3,34.3,H,2023,,,,,,,,,,,,
2023-08-24,Comoros,Mayotte,0.0,0.0,Indian Ocean Island Games,True,1368.9,1451.4,-82.5,D,2023,,,,,,,,,,,,
2023-08-24,Madagascar,Seychelles,1.0,0.0,Indian Ocean Island Games,False,1360.4,1063.0,397.5,H,2023,,,,,,,,,,,,
2023-08-26,Madagascar,Mauritius,1.0,1.0,Indian Ocean Island Games,False,1363.2,1171.2,292.0,D,2023,,,,,,,,,,,,
2023-08-26,Réunion,Mayotte,0.0,0.0,Indian Ocean Island Games,True,1615.9,1447.9,168.0,D,2023,,,,,,,,,,,,
2023-08-27,Bolivia,Panama,1.0,2.0,Friendly,False,1680.8,1811.4,-30.5,A,2023,,,,,24.49,4.14,408378.38,644849.71,,,,
2023-08-28,Tahiti,Cook Islands,9.0,1.0,Friendly,False,1476.7,1229.6,347.1,H,2023,,,,,,,,,,,,
2023-08-28,Comoros,Réunion,1.0,1.0,Indian Ocean Island Games,True,1372.4,1609.2,-236.8,D,2023,,,,,,,,,,,,
2023-08-28,Mauritius,Seychelles,1.0,0.0,Indian Ocean Island Games,True,1181.5,1060.2,121.3,H,2023,,,,,,,,,,,,
2023-08-31,Tahiti,Cook Islands,3.0,0.0,Friendly,False,1482.4,1224.0,358.5,H,2023,,,,,,,,,,,,
2023-08-31,Madagascar,Comoros,4.0,2.0,Indian Ocean Island Games,False,1352.9,1381.3,71.6,H,2023,,,,,,,,,,,,
2023-08-31,Réunion,Mauritius,2.0,1.0,Indian Ocean Island Games,True,1600.3,1191.4,408.9,H,2023,,,,,,,,,,,,
2023-09-02,Comoros,Mauritius,0.0,2.0,Indian Ocean Island Games,True,1363.3,1188.8,174.5,A,2023,,,,,,,,,,,,
2023-09-02,Madagascar,Réunion,1.0,0.0,Indian Ocean Island Games,False,1370.8,1602.9,-132.1,H,2023,,,,,,,,,,,,
2023-09-03,Bangladesh,Afghanistan,0.0,0.0,Friendly,False,1101.8,1266.6,-64.8,D,2023,,,,,,,,,,,,
2023-09-03,Guatemala,Honduras,0.0,0.0,Friendly,True,1647.1,1610.5,36.6,D,2023,,,,,,,,,,,,
2023-09-04,Mozambique,Benin,3.0,2.0,African Cup of Nations qualification,False,1452.4,1505.3,47.1,H,2023,,,,,,,,,,,,
2023-09-06,Macau,Bhutan,0.0,1.0,Friendly,False,941.9,823.7,218.2,A,2023,,,,,,,,,,,,
2023-09-06,Malta,Gibraltar,1.0,0.0,Friendly,False,1317.9,1170.0,247.9,H,2023,,,,,,,,,,,,
2023-09-06,Oman,Palestine,2.0,1.0,Friendly,False,1694.0,1565.9,228.1,H,2023,,,,,,,,,,,,
2023-09-06,Syria,Malaysia,2.0,2.0,Friendly,True,1537.0,1467.5,69.5,D,2023,,,,,,,,,,,,
2023-09-06,Libya,Equatorial Guinea,1.0,1.0,African Cup of Nations qualification,False,1439.1,1618.8,-79.7,D,2023,,,,,,,,,,,,
2023-09-07,Angola,Madagascar,0.0,0.0,African Cup of Nations qualification,False,1511.9,1391.3,220.6,D,2023,,,,,,,,,,,,
2023-09-07,Algeria,Tanzania,0.0,0.0,African Cup of Nations qualification,False,1818.3,1443.2,475.1,D,2023,25.82,3.4,4360256.41,8054751.98,,,,,,,,
2023-09-07,Niger,Uganda,0.0,2.0,African Cup of Nations qualification,True,1349.6,1497.8,-148.3,A,2023,,,,,,,,,,,,
2023-09-07,Tunisia,Botswana,3.0,0.0,African Cup of Nations qualification,False,1833.6,1445.0,488.6,H,2023,24.55,3.7,2218103.45,2602294.22,,,,,,,,
2023-09-07,France,Republic of Ireland,2.0,0.0,UEFA Euro qualification,False,2172.4,1710.8,561.6,H,2023,24.5,3.81,41375000.0,33149047.87,,,,,,,,
2023-09-07,Netherlands,Greece,3.0,0.0,UEFA Euro qualification,False,2032.8,1747.7,385.1,H,2023,24.5,4.06,18784722.22,17555186.08,,,,,,,,
2023-09-07,Czech Republic,Albania,1.0,1.0,UEFA Euro qualification,False,1852.9,1610.0,342.9,D,2023,25.89,3.5,4229605.26,7344206.13,,,,,,,,
2023-09-07,Lithuania,Montenegro,2.0,2.0,UEFA Euro qualification,False,1309.2,1597.0,-187.8,D,2023,,,,,,,,,,,,
2023-09-07,Serbia,Hungary,1.0,2.0,UEFA Euro qualification,False,1911.0,1874.5,136.5,A,2023,,,,,,,,,,,,
2023-09-07,Ghana,Central African Republic,2.0,1.0,African Cup of Nations qualification,False,1689.4,1436.4,352.9,H,2023,24.44,3.25,2889743.59,6518112.63,,,,,,,,
2023-09-07,Kazakhstan,Finland,0.0,1.0,UEFA Euro qualification,False,1499.7,1744.0,-144.3,A,2023,,,,,,,,,,,,
2023-09-07,Denmark,San Marino,4.0,0.0,UEFA Euro qualification,False,1904.5,863.4,1141.1,H,2023,,,,,,,,,,,,
2023-09-07,Slovenia,Northern Ireland,4.0,2.0,UEFA Euro qualification,False,1708.7,1538.7,270.0,H,2023,,,,,,,,,,,,
2023-09-07,Iraq,India,2.0,2.0,King's Cup,True,1718.8,1410.5,308.3,D,2023,26.4,3.51,440909.09,264633.69,,,,,,,,
2023-09-07,Thailand,Lebanon,2.0,1.0,King's Cup,False,1516.0,1449.0,167.0,H,2023,,,,,,,,,,,,
2023-09-07,Poland,Faroe Islands,2.0,0.0,UEFA Euro qualification,False,1816.5,1328.9,587.6,H,2023,,,,,,,,,,,,
2023-09-07,Wales,South Korea,0.0,0.0,Friendly,False,1715.6,1852.1,-36.4,D,2023,,,,,28.29,3.79,4458108.11,10576998.97,,,,
2023-09-07,Qatar,Kenya,1.0,2.0,Friendly,False,1646.4,1474.3,272.1,A,2023,27.25,3.58,487500.0,897409.47,,,,,,,,
2023-09-07,Norway,Jordan,6.0,0.0,Friendly,False,1764.5,1706.3,158.2,H,2023,24.54,3.01,9220833.33,27533937.08,28.61,4.14,569852.94,1322997.65,-4.07,-1.13,8650980.39,26210939.43
2023-09-07,Trinidad and Tobago,Curaçao,1.0,0.0,CONCACAF Nations League,False,1537.1,1508.4,128.7,H,2023,,,,,27.28,4.27,479032.26,633827.87,,,,
2023-09-07,Panama,Martinique,3.0,0.0,CONCACAF Nations League,False,1820.5,1548.3,372.2,H,2023,24.49,4.14,408378.38,644849.71,,,,,,,,
2023-09-07,Guatemala,El Salvador,2.0,0.0,CONCACAF Nations League,False,1646.1,1591.3,154.7,H,2023,,,,,,,,,,,,
2023-09-07,Sint Maarten,Saint Lucia,1.0,5.0,CONCACAF Nations League,True,1225.5,1312.2,-86.7,A,2023,,,,,,,,,,,,
2023-09-07,Saint Kitts and Nevis,Guadeloupe,1.0,2.0,CONCACAF Nations League,False,1361.3,1501.9,-40.5,A,2023,,,,,,,,,,,,
2023-09-07,United States Virgin Islands,Cayman Islands,2.0,2.0,CONCACAF Nations League,False,957.6,1074.5,-17.0,D,2023,,,,,,,,,,,,
2023-09-07,Colombia,Venezuela,1.0,0.0,FIFA World Cup qualification,False,2020.4,1775.5,344.9,H,2023,25.05,4.04,4536805.56,6037157.76,,,,,,,,
2023-09-07,Anguilla,Saint Martin,0.0,6.0,CONCACAF Nations League,False,913.5,1138.4,-125.0,A,2023,,,,,,,,,,,,
2023-09-07,Argentina,Ecuador,1.0,0.0,FIFA World Cup qualification,False,2209.0,1933.0,375.9,H,2023,26.63,4.39,24177142.86,18079618.92,24.38,4.67,4346052.63,7438417.18,2.25,-0.28000000000000025,19831090.23,10641201.740000002
2023-09-07,Austria,Moldova,1.0,1.0,Friendly,False,1840.0,1330.5,609.5,D,2023,25.26,4.16,8971052.63,10548157.93,,,,,,,,
2023-09-07,Bahrain,Kuwait,1.0,3.0,Friendly,True,1624.6,1469.4,155.2,A,2023,,,,,,,,,,,,
2023-09-07,Bangladesh,Afghanistan,1.0,1.0,Friendly,False,1103.7,1264.8,-61.1,D,2023,,,,,,,,,,,,
2023-09-07,Bulgaria,Iran,0.0,1.0,Friendly,False,1554.1,1885.5,-231.3,A,2023,,,,,29.13,3.43,994736.84,829377.5,,,,
2023-09-07,Cambodia,Hong Kong,1.0,1.0,Friendly,False,1066.0,1287.9,-121.9,D,2023,,,,,,,,,,,,
2023-09-07,Paraguay,Peru,0.0,0.0,FIFA World Cup qualification,False,1790.1,1917.2,-27.1,D,2023,26.17,4.4,2605147.06,2692703.78,,,,,,,,
2023-09-08,Georgia,Spain,1.0,7.0,UEFA Euro qualification,False,1708.0,2043.7,-235.7,A,2023,,,,,25.71,4.2,26502631.58,19534591.27,,,,
2023-09-08,Burkina Faso,Eswatini,0.0,0.0,African Cup of Nations qualification,True,1676.5,1376.4,300.1,D,2023,,,,,,,,,,,,
2023-09-08,Egypt,Ethiopia,1.0,0.0,African Cup of Nations qualification,False,1791.6,1447.6,444.0,H,2023,26.89,3.84,3959722.22,13063189.48,,,,,,,,
2023-09-08,Mali,South Sudan,4.0,0.0,African Cup of Nations qualification,False,1732.7,1273.1,559.6,H,2023,,,,,,,,,,,,
2023-09-08,Cyprus,Scotland,0.0,3.0,UEFA Euro qualification,False,1392.8,1878.9,-386.1,A,2023,,,,,25.82,3.2,9061363.64,11868051.54,,,,
2023-09-08,Singapore,Tajikistan,0.0,2.0,Friendly,False,1302.4,1474.8,-72.4,A,2023,,,,,,,,,,,,
2023-09-08,Slovakia,Portugal,0.0,1.0,UEFA Euro qualification,False,1668.2,2071.9,-303.7,A,2023,,,,,25.74,4.66,30974285.71,24268431.5,,,,
2023-09-08,Turkey,Armenia,1.0,1.0,UEFA Euro qualification,False,1778.8,1550.4,328.4,D,2023,24.56,3.66,8995714.29,8418791.66,,,,,,,,
2023-09-08,Bosnia and Herzegovina,Liechtenstein,2.0,1.0,UEFA Euro qualification,False,1605.1,1028.5,676.6,H,2023,28.34,3.78,3365853.66,5719217.06,,,,,,,,
2023-09-08,Luxembourg,Iceland,3.0,1.0,UEFA Euro qualification,False,1529.0,1555.2,73.8,H,2023,,,,,,,,,,,,
2023-09-08,Croatia,Latvia,5.0,0.0,UEFA Euro qualification,False,2063.8,1389.7,774.1,H,2023,25.89,4.25,12635714.29,13970620.05,,,,,,,,
2023-09-08,Myanmar,Nepal,0.0,0.0,Friendly,False,1101.5,1138.9,62.6,D,2023,,,,,,,,,,,,
2023-09-08,Barbados,Montserrat,2.0,3.0,CONCACAF Nations League,False,1233.9,1295.2,38.7,A,2023,,,,,,,,,,,,
2023-09-08,Costa Rica,Saudi Arabia,3.0,1.0,Friendly,True,1744.6,1688.5,56.1,H,2023,,,,,25.67,3.6,643750.0,707950.26,,,,
2023-09-08,Haiti,Cuba,0.0,0.0,CONCACAF Nations League,True,1673.2,1419.5,253.7,D,2023,27.36,4.04,488636.36,649477.96,,,,,,,,
2023-09-08,Grenada,Suriname,1.0,1.0,CONCACAF Nations League,False,1290.3,1479.5,-89.2,D,2023,,,,,,,,,,,,
2023-09-08,Jamaica,Honduras,1.0,0.0,CONCACAF Nations League,False,1713.4,1611.6,201.8,H,2023,,,,,,,,,,,,
2023-09-08,Dominican Republic,Nicaragua,0.0,2.0,CONCACAF Nations League,False,1390.4,1450.4,40.0,A,2023,,,,,,,,,,,,
2023-09-08,Indonesia,Turkmenistan,2.0,0.0,Friendly,False,1434.7,1383.6,151.1,H,2023,,,,,,,,,,,,
2023-09-08,Belize,Saint Vincent and the Grenadines,1.0,2.0,CONCACAF Nations League,False,1246.5,1214.5,132.0,A,2023,,,,,,,,,,,,
2023-09-08,Uruguay,Chile,3.0,1.0,FIFA World Cup qualification,False,1990.9,1783.0,307.9,H,2023,24.34,3.23,10867857.14,20053652.65,,,,,,,,
2023-09-08,Brazil,Bolivia,5.0,1.0,FIFA World Cup qualification,False,2158.4,1671.7,586.7,H,2023,24.7,3.79,26521621.62,25985381.91,,,,,,,,
2023-09-08,Taiwan,Philippines,1.0,1.0,Friendly,False,1121.3,1233.4,-12.1,D,2023,,,,,,,,,,,,
2023-09-08,Bermuda,French Guiana,0.0,0.0,CONCACAF Nations League,False,1367.7,1519.8,-52.1,D,2023,,,,,,,,,,,,
2023-09-09,DR Congo,Sudan,2.0,0.0,African Cup of Nations qualification,False,1631.5,1401.1,330.4,H,2023,26.44,3.53,2261000.0,3388997.49,,,,,,,,
2023-09-09,Romania,Israel,1.0,1.0,UEFA Euro qualification,False,1694.6,1660.9,133.7,D,2023,,,,,,,,,,,,
2023-09-09,Kosovo,Switzerland,2.0,2.0,UEFA Euro qualification,False,1534.4,1937.8,-303.5,D,2023,,,,,26.49,3.47,7581578.95,8515090.48,,,,
2023-09-09,Andorra,Belarus,0.0,0.0,UEFA Euro qualification,False,1179.7,1469.1,-189.4,D,2023,,,,,,,,,,,,
2023-09-09,Estonia,Sweden,0.0,5.0,UEFA Euro qualification,False,1499.1,1792.6,-193.5,A,2023,,,,,25.26,4.4,2703846.15,3195758.1,,,,
2023-09-09,Azerbaijan,Belgium,0.0,1.0,UEFA Euro qualification,False,1456.2,2040.0,-483.8,A,2023,,,,,24.58,4.61,17192105.26,17658282.41,,,,
2023-09-09,North Macedonia,Italy,1.0,1.0,UEFA Euro qualification,False,1582.5,2020.7,-338.2,D,2023,,,,,,,,,,,,
2023-09-09,Ukraine,England,1.0,1.0,UEFA Euro qualification,True,1873.6,2073.7,-200.1,D,2023,,,,,25.84,3.9,40391891.89,28909723.22,,,,
2023-09-09,Rwanda,Senegal,1.0,1.0,African Cup of Nations qualification,False,1376.3,1877.6,-401.3,D,2023,,,,,24.52,4.58,6836956.52,8846999.21,,,,
2023-09-09,Mauritania,Gabon,2.0,1.0,African Cup of Nations qualification,False,1505.7,1539.5,66.1,H,2023,,,,,,,,,,,,
2023-09-09,Ivory Coast,Lesotho,1.0,0.0,African Cup of Nations qualification,False,1741.4,1324.9,516.5,H,2023,25.89,4.9,10302380.95,12055906.24,,,,,,,,
2023-09-09,Antigua and Barbuda,Guyana,1.0,5.0,CONCACAF Nations League,False,1319.5,1356.4,63.1,A,2023,,,,,,,,,,,,
2023-09-09,Malawi,Guinea,2.0,2.0,African Cup of Nations qualification,False,1458.0,1537.4,20.6,D,2023,,,,,,,,,,,,
2023-09-09,United States,Uzbekistan,3.0,0.0,Friendly,False,1904.6,1717.7,286.9,H,2023,24.0,4.13,4891216.22,5712392.34,26.0,3.27,1214864.86,1206954.22,-2.0,0.8599999999999999,3676351.3599999994,4505438.12
2023-09-09,South Africa,Namibia,0.0,0.0,Friendly,False,1641.9,1507.5,234.4,D,2023,26.12,3.53,692567.57,519838.36,,,,,,,,
2023-09-09,Mexico,Australia,2.0,2.0,Friendly,True,1950.1,1867.6,82.5,D,2023,24.97,4.03,4386486.49,5556450.46,26.59,3.8,1638970.59,1832279.91,-1.620000000000001,0.23000000000000043,2747515.9000000004,3724170.55
2023-09-09,Germany,Japan,1.0,4.0,Friendly,False,1977.2,1950.1,127.1,A,2023,26.69,3.69,25491428.57,24996278.25,25.95,2.81,9033333.33,12105759.03,0.740000000000002,0.8799999999999999,16458095.24,12890519.22
2023-09-09,China,Malaysia,1.0,1.0,Friendly,False,1609.6,1469.4,240.2,D,2023,,,,,,,,,,,,
2023-09-09,British Virgin Islands,Turks and Caicos Islands,3.0,1.0,CONCACAF Nations League,False,914.8,1122.7,-107.9,H,2023,,,,,,,,,,,,
2023-09-09,Bahamas,Puerto Rico,1.0,6.0,CONCACAF Nations League,False,1146.8,1326.4,-79.6,A,2023,,,,,,,,,,,,
2023-09-09,Comoros,Zambia,1.0,1.0,African Cup of Nations qualification,False,1330.4,1639.7,-209.3,D,2023,,,,,,,,,,,,
2023-09-10,Montenegro,Bulgaria,2.0,1.0,UEFA Euro qualification,False,1587.1,1550.0,137.2,H,2023,,,,,,,,,,,,
2023-09-10,Lithuania,Serbia,1.0,3.0,UEFA Euro qualification,False,1319.1,1883.5,-464.4,A,2023,,,,,,,,,,,,
2023-09-10,Finland,Denmark,0.0,1.0,UEFA Euro qualification,False,1756.2,1904.6,-48.5,A,2023,,,,,,,,,,,,
2023-09-10,Albania,Poland,2.0,0.0,UEFA Euro qualification,False,1625.1,1818.5,-93.3,H,2023,,,,,,,,,,,,
2023-09-10,San Marino,Slovenia,0.0,4.0,UEFA Euro qualification,False,863.3,1719.2,-755.9,A,2023,,,,,,,,,,,,
2023-09-10,Lebanon,India,1.0,0.0,King's Cup,True,1440.7,1421.1,19.6,H,2023,,,,,,,,,,,,
2023-09-10,Thailand,Iraq,2.0,2.0,King's Cup,False,1524.3,1708.2,-83.9,D,2023,,,,,26.4,3.51,440909.09,264633.69,,,,
2023-09-10,Kazakhstan,Northern Ireland,1.0,0.0,UEFA Euro qualification,False,1487.5,1528.3,59.3,H,2023,,,,,,,,,,,,
2023-09-10,Greece,Gibraltar,5.0,0.0,UEFA Euro qualification,False,1740.8,1166.2,674.7,H,2023,,,,,,,,,,,,
2023-09-10,Faroe Islands,Moldova,0.0,1.0,UEFA Euro qualification,False,1326.9,1340.0,87.0,A,2023,,,,,,,,,,,,
2023-09-10,Gambia,Congo,2.0,2.0,African Cup of Nations qualification,True,1565.1,1384.8,180.4,D,2023,,,,,,,,,,,,
2023-09-10,Republic of Ireland,Netherlands,1.0,2.0,UEFA Euro qualification,False,1708.5,2039.7,-231.2,A,2023,,,,,24.5,4.06,18784722.22,17555186.08,,,,
2023-09-10,Guatemala,Panama,1.0,1.0,CONCACAF Nations League,False,1663.5,1827.8,-64.3,D,2023,,,,,24.49,4.14,408378.38,644849.71,,,,
2023-09-10,Martinique,Curaçao,1.0,0.0,CONCACAF Nations League,False,1541.0,1495.5,145.5,H,2023,,,,,27.28,4.27,479032.26,633827.87,,,,
2023-09-10,Guadeloupe,Sint Maarten,4.0,0.0,CONCACAF Nations League,False,1519.5,1197.2,422.4,H,2023,,,,,,,,,,,,
2023-09-10,El Salvador,Trinidad and Tobago,2.0,3.0,CONCACAF Nations League,False,1573.9,1550.0,123.8,A,2023,,,,,,,,,,,,
2023-09-10,Hungary,Czech Republic,1.0,1.0,Friendly,False,1902.0,1837.8,164.2,D,2023,,,,,25.89,3.5,4229605.26,7344206.13,,,,
2023-09-10,Nigeria,São Tomé and Príncipe,6.0,0.0,African Cup of Nations qualification,False,1715.4,1178.2,637.2,H,2023,,,,,,,,,,,,
2023-09-10,Togo,Cape Verde,3.0,2.0,African Cup of Nations qualification,False,1477.9,1633.0,-55.2,H,2023,,,,,26.67,4.0,897857.14,1170277.31,,,,
2023-09-10,Saint Lucia,Saint Kitts and Nevis,2.0,0.0,CONCACAF Nations League,False,1340.5,1343.7,96.8,H,2023,,,,,,,,,,,,
2023-09-11,Vietnam,Palestine,2.0,0.0,Friendly,False,1544.4,1561.6,82.8,H,2023,,,,,,,,,,,,
2023-09-11,Portugal,Luxembourg,9.0,0.0,UEFA Euro qualification,False,2077.8,1552.7,625.2,H,2023,25.74,4.66,30974285.71,24268431.5,,,,,,,,
2023-09-11,Slovakia,Liechtenstein,3.0,0.0,UEFA Euro qualification,False,1662.3,1027.7,734.6,H,2023,,,,,,,,,,,,
2023-09-11,Latvia,Wales,0.0,2.0,UEFA Euro qualification,False,1388.8,1716.7,-227.9,A,2023,,,,,,,,,,,,
2023-09-11,Armenia,Croatia,0.0,1.0,UEFA Euro qualification,False,1565.2,2064.7,-399.5,A,2023,,,,,25.89,4.25,12635714.29,13970620.05,,,,
2023-09-11,Guinea-Bissau,Sierra Leone,2.0,1.0,African Cup of Nations qualification,False,1507.5,1457.1,150.4,H,2023,,,,,,,,,,,,
2023-09-11,Myanmar,Nepal,1.0,0.0,Friendly,False,1099.7,1140.7,59.0,H,2023,,,,,,,,,,,,
2023-09-11,Iceland,Bosnia and Herzegovina,1.0,0.0,UEFA Euro qualification,False,1531.4,1605.9,25.6,H,2023,,,,,28.34,3.78,3365853.66,5719217.06,,,,
2023-09-11,Hong Kong,Brunei,10.0,0.0,Friendly,False,1284.6,856.7,527.9,H,2023,,,,,,,,,,,,
2023-09-11,Cambodia,Macau,4.0,0.0,Friendly,False,1069.4,926.3,243.1,H,2023,,,,,,,,,,,,
2023-09-11,Cayman Islands,Aruba,1.0,2.0,CONCACAF Nations League,False,1073.6,1181.8,-8.3,A,2023,,,,,,,,,,,,
2023-09-11,Saint Martin,Bonaire,2.0,1.0,CONCACAF Nations League,True,1166.3,1217.2,-50.9,H,2023,,,,,,,,,,,,
2023-09-11,Nicaragua,Barbados,5.0,1.0,CONCACAF Nations League,False,1483.8,1211.7,372.1,H,2023,,,,,,,,,,,,
2023-09-11,Dominican Republic,Montserrat,3.0,0.0,CONCACAF Nations League,False,1357.0,1317.5,139.5,H,2023,,,,,,,,,,,,
2023-09-11,Kuwait,Kyrgyzstan,1.0,3.0,Friendly,True,1490.7,1390.0,100.6,A,2023,,,,,,,,,,,,
2023-09-12,South Korea,Saudi Arabia,1.0,0.0,Friendly,True,1851.0,1675.9,175.1,H,2023,28.29,3.79,4458108.11,10576998.97,25.67,3.6,643750.0,707950.26,2.6199999999999974,0.18999999999999995,3814358.1100000003,9869048.71
2023-09-12,Mexico,Uzbekistan,3.0,3.0,Friendly,True,1947.8,1712.1,235.7,D,2023,24.97,4.03,4386486.49,5556450.46,26.0,3.27,1214864.86,1206954.22,-1.0300000000000011,0.7600000000000002,3171621.63,4349496.24
2023-09-12,Morocco,Burkina Faso,1.0,0.0,Friendly,True,1919.9,1662.5,257.4,H,2023,24.69,4.13,8234210.53,12581956.88,,,,,,,,
2023-09-12,Scotland,England,1.0,3.0,Friendly,False,1885.7,2063.3,-77.6,A,2023,25.82,3.2,9061363.64,11868051.54,25.84,3.9,40391891.89,28909723.22,-0.019999999999999574,-0.6999999999999997,-31330528.25,-17041671.68
2023-09-12,Senegal,Algeria,0.0,1.0,Friendly,False,1861.2,1800.7,160.5,A,2023,24.52,4.58,6836956.52,8846999.21,25.82,3.4,4360256.41,8054751.98,-1.3000000000000007,1.1800000000000002,2476700.1099999994,792247.2300000004
2023-09-12,Singapore,Taiwan,3.0,1.0,Friendly,False,1290.5,1121.7,268.8,H,2023,,,,,,,,,,,,
2023-09-12,South Africa,DR Congo,1.0,0.0,Friendly,False,1636.0,1639.3,96.7,H,2023,26.12,3.53,692567.57,519838.36,26.44,3.53,2261000.0,3388997.49,-0.3200000000000003,0.0,-1568432.4300000002,-2869159.1300000004
2023-09-12,United Arab Emirates,Costa Rica,4.0,1.0,Friendly,True,1584.8,1757.2,-172.5,H,2023,,,,,,,,,,,,
2023-09-12,United States,Oman,4.0,0.0,Friendly,False,1910.2,1698.2,312.0,H,2023,24.0,4.13,4891216.22,5712392.34,,,,,,,,
2023-09-12,Italy,Ukraine,2.0,1.0,UEFA Euro qualification,False,2005.7,1884.0,221.7,H,2023,,,,,,,,,,,,
2023-09-12,Norway,Georgia,2.0,1.0,UEFA Euro qualification,False,1776.7,1690.6,186.1,H,2023,24.54,3.01,9220833.33,27533937.08,,,,,,,,
2023-09-12,Spain,Cyprus,6.0,0.0,UEFA Euro qualification,False,2061.1,1385.9,775.2,H,2023,25.71,4.2,26502631.58,19534591.27,,,,,,,,
2023-09-12,Malta,North Macedonia,0.0,2.0,UEFA Euro qualification,False,1321.8,1597.5,-175.7,A,2023,,,,,,,,,,,,
2023-09-12,Belgium,Estonia,5.0,0.0,UEFA Euro qualification,False,2042.3,1479.3,663.0,H,2023,24.58,4.61,17192105.26,17658282.41,,,,,,,,
2023-09-12,Sweden,Austria,1.0,3.0,UEFA Euro qualification,False,1812.4,1830.6,81.8,A,2023,25.26,4.4,2703846.15,3195758.1,25.26,4.16,8971052.63,10548157.93,0.0,0.2400000000000002,-6267206.48,-7352399.83
2023-09-12,Switzerland,Andorra,3.0,0.0,UEFA Euro qualification,False,1923.8,1189.7,834.1,H,2023,26.49,3.47,7581578.95,8515090.48,,,,,,,,
2023-09-12,Israel,Belarus,1.0,0.0,UEFA Euro qualification,False,1668.2,1459.2,309.1,H,2023,,,,,,,,,,,,
2023-09-12,Romania,Kosovo,2.0,0.0,UEFA Euro qualification,False,1687.2,1548.4,238.8,H,2023,,,,,,,,,,,,
2023-09-12,Kenya,South Sudan,0.0,1.0,Friendly,False,1490.9,1270.2,320.7,A,2023,,,,,,,,,,,,
2023-09-12,Cameroon,Burundi,3.0,0.0,African Cup of Nations qualification,False,1736.3,1448.5,387.8,H,2023,,,,,,,,,,,,
2023-09-12,Japan,Turkey,4.0,2.0,Friendly,True,1973.7,1764.0,209.7,H,2023,25.95,2.81,9033333.33,12105759.03,24.56,3.66,8995714.29,8418791.66,1.3900000000000006,-0.8500000000000001,37619.04000000097,3686967.369999999
2023-09-12,Philippines,Afghanistan,2.0,1.0,Friendly,False,1233.1,1263.1,70.0,H,2023,,,,,,,,,,,,
2023-09-12,Ghana,Liberia,3.0,1.0,Friendly,False,1694.0,1409.9,384.1,H,2023,24.44,3.25,2889743.59,6518112.63,,,,,,,,
2023-09-12,Honduras,Grenada,4.0,0.0,CONCACAF Nations League,False,1602.0,1295.3,406.7,H,2023,,,,,,,,,,,,
2023-09-12,Saint Vincent and the Grenadines,Bermuda,4.0,3.0,CONCACAF Nations League,False,1241.8,1370.6,-28.9,H,2023,,,,,,,,,,,,
2023-09-12,French Guiana,Belize,0.0,2.0,CONCACAF Nations League,False,1516.8,1219.2,397.5,A,2023,,,,,,,,,,,,
2023-09-12,Guyana,Bahamas,3.0,2.0,CONCACAF Nations League,False,1400.6,1115.8,384.8,H,2023,,,,,,,,,,,,
2023-09-12,Puerto Rico,Antigua and Barbuda,5.0,0.0,CONCACAF Nations League,True,1357.4,1275.2,82.2,H,2023,,,,,,,,,,,,
2023-09-12,Turks and Caicos Islands,Dominica,0.0,3.0,CONCACAF Nations League,False,1083.6,1183.1,0.6,A,2023,,,,,,,,,,,,
2023-09-12,Bolivia,Argentina,0.0,3.0,FIFA World Cup qualification,False,1669.2,2213.1,-443.8,A,2023,,,,,26.63,4.39,24177142.86,18079618.92,,,,
2023-09-12,Ecuador,Uruguay,2.0,1.0,FIFA World Cup qualification,False,1928.9,1999.6,29.3,H,2023,24.38,4.67,4346052.63,7438417.18,24.34,3.23,10867857.14,20053652.65,0.03999999999999915,1.44,-6521804.510000001,-12615235.469999999
2023-09-12,Jamaica,Haiti,2.0,2.0,CONCACAF Nations League,False,1722.9,1660.7,162.2,D,2023,,,,,27.36,4.04,488636.36,649477.96,,,,
2023-09-12,Venezuela,Paraguay,1.0,0.0,FIFA World Cup qualification,False,1770.6,1791.7,79.0,H,2023,,,,,26.17,4.4,2605147.06,2692703.78,,,,
2023-09-12,Chile,Colombia,0.0,0.0,FIFA World Cup qualification,False,1774.3,2025.2,-150.9,D,2023,,,,,25.05,4.04,4536805.56,6037157.76,,,,
2023-09-12,Azerbaijan,Jordan,2.0,1.0,Friendly,False,1453.9,1694.1,-140.3,H,2023,,,,,28.61,4.14,569852.94,1322997.65,,,,
2023-09-12,Bahrain,Turkmenistan,1.0,1.0,Friendly,True,1603.3,1374.7,228.6,D,2023,,,,,,,,,,,,
2023-09-12,China,Syria,0.0,1.0,Friendly,False,1603.7,1535.0,168.6,A,2023,,,,,,,,,,,,
2023-09-12,Iran,Angola,4.0,0.0,Friendly,False,1889.7,1500.7,489.0,H,2023,29.13,3.43,994736.84,829377.5,,,,,,,,
2023-09-12,Egypt,Tunisia,1.0,3.0,Friendly,False,1794.5,1837.6,57.0,A,2023,26.89,3.84,3959722.22,13063189.48,24.55,3.7,2218103.45,2602294.22,2.34,0.13999999999999968,1741618.77,10460895.26
2023-09-12,Germany,France,2.0,1.0,Friendly,False,1953.6,2174.7,-121.1,H,2023,26.69,3.69,25491428.57,24996278.25,24.5,3.81,41375000.0,33149047.87,2.1900000000000013,-0.1200000000000001,-15883571.43,-8152769.620000001
2023-09-12,Qatar,Russia,1.0,1.0,Friendly,False,1629.9,1819.9,-90.0,D,2023,27.25,3.58,487500.0,897409.47,,,,,,,,
2023-09-12,Peru,Brazil,0.0,1.0,FIFA World Cup qualification,False,1915.7,2160.9,-145.2,A,2023,,,,,24.7,3.79,26521621.62,25985381.91,,,,
2023-09-12,Cuba,Suriname,1.0,0.0,CONCACAF Nations League,False,1431.9,1474.5,57.5,H,2023,,,,,,,,,,,,
2023-10-08,New Caledonia,Vanuatu,4.0,0.0,MSG Prime Minister's Cup,False,1517.5,1502.1,115.4,H,2023,,,,,,,,,,,,
2023-10-08,Papua New Guinea,Solomon Islands,1.0,3.0,MSG Prime Minister's Cup,True,1516.5,1550.1,-33.7,A,2023,,,,,,,,,,,,
2023-10-10,China,Vietnam,2.0,0.0,Friendly,False,1589.1,1555.9,133.2,H,2023,,,,,,,,,,,,
2023-10-11,Wales,Gibraltar,4.0,0.0,Friendly,False,1729.4,1164.5,664.9,H,2023,,,,,,,,,,,,
2023-10-11,Solomon Islands,Vanuatu,1.0,0.0,MSG Prime Minister's Cup,True,1570.5,1483.0,87.4,H,2023,,,,,,,,,,,,
2023-10-11,New Caledonia,Papua New Guinea,3.0,1.0,MSG Prime Minister's Cup,False,1536.6,1496.1,140.5,H,2023,,,,,,,,,,,,
2023-10-12,Nepal,Laos,1.0,1.0,FIFA World Cup qualification,False,1132.4,918.4,313.9,D,2023,,,,,,,,,,,,
2023-10-12,Singapore,Guam,2.0,1.0,FIFA World Cup qualification,False,1295.7,980.3,415.4,H,2023,,,,,,,,,,,,
2023-10-12,Yemen,Sri Lanka,3.0,0.0,FIFA World Cup qualification,True,1237.5,934.0,303.6,H,2023,,,,,,,,,,,,
2023-10-12,Belarus,Romania,0.0,0.0,UEFA Euro qualification,True,1453.4,1699.3,-245.9,D,2023,,,,,,,,,,,,
2023-10-12,Bahrain,Kyrgyzstan,2.0,0.0,Friendly,False,1597.5,1409.2,288.3,H,2023,,,,,,,,,,,,
2023-10-12,Egypt,Zambia,1.0,0.0,Friendly,True,1777.1,1629.0,148.1,H,2023,26.89,3.84,3959722.22,13063189.48,,,,,,,,
2023-10-12,Georgia,Thailand,8.0,0.0,Friendly,False,1680.4,1527.8,252.5,H,2023,,,,,,,,,,,,
2023-10-12,Montenegro,Lebanon,3.0,2.0,Friendly,False,1599.6,1454.8,244.8,H,2023,,,,,,,,,,,,
2023-10-12,Spain,Scotland,2.0,0.0,UEFA Euro qualification,False,2062.1,1874.0,288.0,H,2023,25.71,4.2,26502631.58,19534591.27,25.82,3.2,9061363.64,11868051.54,-0.10999999999999943,1.0,17441267.939999998,7666539.73
2023-10-12,Sweden,Moldova,3.0,1.0,Friendly,False,1775.4,1364.9,510.6,H,2023,25.26,4.4,2703846.15,3195758.1,,,,,,,,
2023-10-12,Cyprus,Norway,0.0,4.0,UEFA Euro qualification,False,1385.0,1786.9,-301.9,A,2023,,,,,24.54,3.01,9220833.33,27533937.08,,,,
2023-10-12,Latvia,Armenia,2.0,0.0,UEFA Euro qualification,False,1376.0,1561.5,-85.5,H,2023,,,,,,,,,,,,
2023-10-12,Croatia,Turkey,0.0,1.0,UEFA Euro qualification,False,2068.4,1757.1,411.2,A,2023,25.89,4.25,12635714.29,13970620.05,24.56,3.66,8995714.29,8418791.66,1.3300000000000018,0.5899999999999999,3640000.0,5551828.390000001
2023-10-12,Faroe Islands,Poland,0.0,2.0,UEFA Euro qualification,False,1302.0,1780.6,-378.6,A,2023,,,,,,,,,,,,
2023-10-12,Albania,Czech Republic,3.0,0.0,UEFA Euro qualification,False,1663.0,1842.2,-79.2,H,2023,,,,,25.89,3.5,4229605.26,7344206.13,,,,
2023-10-12,Andorra,Kosovo,0.0,3.0,UEFA Euro qualification,False,1189.1,1536.3,-247.2,A,2023,,,,,,,,,,,,
2023-10-12,Russia,Cameroon,1.0,0.0,Friendly,False,1817.4,1743.0,174.3,H,2023,,,,,,,,,,,,
2023-10-12,Myanmar,Macau,5.0,1.0,FIFA World Cup qualification,False,1108.0,918.9,289.1,H,2023,,,,,,,,,,,,
2023-10-12,Algeria,Cape Verde,5.0,1.0,Friendly,False,1815.1,1609.9,305.2,H,2023,25.82,3.4,4360256.41,8054751.98,26.67,4.0,897857.14,1170277.31,-0.8500000000000014,-0.6000000000000001,3462399.27,6884474.67
2023-10-12,Indonesia,Brunei,6.0,0.0,FIFA World Cup qualification,False,1443.5,854.3,689.3,H,2023,,,,,,,,,,,,
2023-10-12,Maldives,Bangladesh,1.0,1.0,FIFA World Cup qualification,False,1112.1,1105.4,106.7,D,2023,,,,,,,,,,,,
2023-10-12,Suriname,Haiti,1.0,1.0,CONCACAF Nations League,False,1457.7,1669.4,-111.7,D,2023,,,,,27.36,4.04,488636.36,649477.96,,,,
2023-10-12,Cuba,Honduras,0.0,0.0,CONCACAF Nations League,True,1448.6,1608.6,-160.0,D,2023,,,,,,,,,,,,
2023-10-12,Sint Maarten,Saint Kitts and Nevis,2.0,3.0,CONCACAF Nations League,True,1191.1,1321.8,-130.7,A,2023,,,,,,,,,,,,
2023-10-12,Saint Lucia,Guadeloupe,2.0,1.0,CONCACAF Nations League,False,1362.3,1525.6,-63.3,H,2023,,,,,,,,,,,,
2023-10-12,Bonaire,Anguilla,2.0,0.0,CONCACAF Nations League,False,1194.3,885.6,408.6,H,2023,,,,,,,,,,,,
2023-10-12,Dominica,British Virgin Islands,1.0,1.0,CONCACAF Nations League,True,1218.1,953.8,264.3,D,2023,,,,,,,,,,,,
2023-10-12,Colombia,Uruguay,2.0,2.0,FIFA World Cup qualification,False,2017.1,1981.3,135.7,D,2023,25.05,4.04,4536805.56,6037157.76,24.34,3.23,10867857.14,20053652.65,0.7100000000000009,0.81,-6331051.580000001,-14016494.889999999
2023-10-12,Grenada,Jamaica,1.0,4.0,CONCACAF Nations League,False,1288.8,1714.2,-325.5,A,2023,,,,,,,,,,,,
2023-10-12,Argentina,Paraguay,1.0,0.0,FIFA World Cup qualification,False,2218.1,1776.1,542.0,H,2023,26.63,4.39,24177142.86,18079618.92,26.17,4.4,2605147.06,2692703.78,0.4599999999999973,-0.010000000000000675,21571995.8,15386915.140000002
2023-10-12,Brazil,Venezuela,1.0,1.0,FIFA World Cup qualification,False,2173.0,1786.2,486.8,D,2023,24.7,3.79,26521621.62,25985381.91,,,,,,,,
2023-10-12,Chile,Peru,2.0,0.0,FIFA World Cup qualification,False,1782.5,1903.6,-21.1,H,2023,,,,,,,,,,,,
2023-10-12,Afghanistan,Mongolia,1.0,0.0,FIFA World Cup qualification,True,1255.1,1101.6,153.5,H,2023,,,,,,,,,,,,
2023-10-12,Cambodia,Pakistan,0.0,0.0,FIFA World Cup qualification,False,1076.8,1015.1,161.7,D,2023,,,,,,,,,,,,
2023-10-12,Taiwan,Timor-Leste,4.0,0.0,FIFA World Cup qualification,False,1116.4,847.1,369.3,H,2023,,,,,,,,,,,,
2023-10-12,Hong Kong,Bhutan,4.0,0.0,FIFA World Cup qualification,False,1287.0,839.2,547.7,H,2023,,,,,,,,,,,,
2023-10-12,Bolivia,Ecuador,1.0,2.0,FIFA World Cup qualification,False,1664.2,1947.2,-183.0,A,2023,,,,,24.38,4.67,4346052.63,7438417.18,,,,
2023-10-13,Nigeria,Saudi Arabia,2.0,2.0,Friendly,True,1717.5,1670.6,46.9,D,2023,,,,,25.67,3.6,643750.0,707950.26,,,,
2023-10-13,South Africa,Eswatini,0.0,0.0,Friendly,False,1643.3,1390.3,352.9,D,2023,26.12,3.53,692567.57,519838.36,,,,,,,,
2023-10-13,Vietnam,Uzbekistan,0.0,2.0,Friendly,True,1546.4,1718.0,-171.6,A,2023,,,,,26.0,3.27,1214864.86,1206954.22,,,,
2023-10-13,Republic of Ireland,Greece,0.0,2.0,UEFA Euro qualification,False,1700.1,1742.4,57.7,A,2023,,,,,,,,,,,,
2023-10-13,Netherlands,France,1.0,2.0,UEFA Euro qualification,False,2048.1,2161.3,-13.2,A,2023,24.5,4.06,18784722.22,17555186.08,24.5,3.81,41375000.0,33149047.87,0.0,0.24999999999999956,-22590277.78,-15593861.790000003
2023-10-13,Iceland,Luxembourg,1.0,1.0,UEFA Euro qualification,False,1550.0,1550.0,99.9,D,2023,,,,,,,,,,,,
2023-10-13,Austria,Belgium,2.0,3.0,UEFA Euro qualification,False,1867.5,2044.0,-76.5,A,2023,25.26,4.16,8971052.63,10548157.93,24.58,4.61,17192105.26,17658282.41,0.6800000000000033,-0.4500000000000002,-8221052.630000001,-7110124.48
2023-10-13,Portugal,Slovakia,3.0,2.0,UEFA Euro qualification,False,2080.5,1663.3,517.2,H,2023,25.74,4.66,30974285.71,24268431.5,,,,,,,,
2023-10-13,Liechtenstein,Bosnia and Herzegovina,0.0,2.0,UEFA Euro qualification,False,1026.7,1587.3,-460.7,A,2023,,,,,28.34,3.78,3365853.66,5719217.06,,,,
2023-10-13,Angola,Mozambique,1.0,1.0,Friendly,True,1498.6,1469.7,28.9,D,2023,,,,,,,,,,,,
2023-10-13,Mali,Uganda,1.0,0.0,Friendly,False,1735.6,1515.8,319.8,H,2023,,,,,,,,,,,,
2023-10-13,Estonia,Azerbaijan,0.0,2.0,UEFA Euro qualification,False,1477.6,1467.7,109.9,A,2023,,,,,,,,,,,,
2023-10-13,South Korea,Tunisia,4.0,0.0,Friendly,False,1856.4,1855.0,101.4,H,2023,28.29,3.79,4458108.11,10576998.97,24.55,3.7,2218103.45,2602294.22,3.7399999999999984,0.08999999999999986,2240004.66,7974704.75
2023-10-13,England,Australia,1.0,0.0,Friendly,False,2075.0,1869.9,305.1,H,2023,25.84,3.9,40391891.89,28909723.22,26.59,3.8,1638970.59,1832279.91,-0.75,0.10000000000000009,38752921.3,27077443.31
2023-10-13,Iraq,Qatar,0.0,0.0,Friendly,True,1704.6,1632.4,72.2,D,2023,26.4,3.51,440909.09,264633.69,27.25,3.58,487500.0,897409.47,-0.8500000000000014,-0.07000000000000028,-46590.909999999974,-632775.78
2023-10-13,Japan,Canada,4.0,1.0,Friendly,False,1980.6,1836.9,243.7,H,2023,25.95,2.81,9033333.33,12105759.03,25.39,4.48,5323571.43,13330897.17,0.5599999999999987,-1.6700000000000004,3709761.9000000004,-1225138.1400000006
2023-10-13,Martinique,El Salvador,1.0,0.0,CONCACAF Nations League,False,1553.1,1547.0,106.0,H,2023,,,,,,,,,,,,
2023-10-13,Trinidad and Tobago,Guatemala,3.0,2.0,CONCACAF Nations League,False,1576.9,1667.2,9.7,H,2023,,,,,,,,,,,,
2023-10-13,Montserrat,Nicaragua,0.0,3.0,CONCACAF Nations League,True,1295.8,1491.7,-195.9,A,2023,,,,,,,,,,,,
2023-10-13,Barbados,Dominican Republic,0.0,5.0,CONCACAF Nations League,False,1203.8,1378.6,-74.8,A,2023,,,,,,,,,,,,
2023-10-13,Curaçao,Panama,1.0,2.0,CONCACAF Nations League,False,1483.4,1824.2,-240.8,A,2023,27.28,4.27,479032.26,633827.87,24.49,4.14,408378.38,644849.71,2.7900000000000027,0.1299999999999999,70653.88,-11021.839999999967
2023-10-13,Belize,Bermuda,0.0,1.0,CONCACAF Nations League,False,1273.7,1349.0,24.7,A,2023,,,,,,,,,,,,
2023-10-13,DR Congo,New Zealand,1.0,1.0,Friendly,True,1632.0,1707.2,-75.2,D,2023,26.44,3.53,2261000.0,3388997.49,24.89,4.18,764583.33,1648877.72,1.5500000000000007,-0.6499999999999999,1496416.67,1740119.7700000003
2023-10-13,Equatorial Guinea,Burkina Faso,0.0,0.0,Friendly,False,1614.3,1658.8,55.5,D,2023,,,,,,,,,,,,
2023-10-13,Guinea,Guinea-Bissau,1.0,0.0,Friendly,True,1538.6,1519.3,19.3,H,2023,,,,,,,,,,,,
2023-10-13,Saint Vincent and the Grenadines,French Guiana,1.0,4.0,CONCACAF Nations League,False,1263.4,1462.3,-98.9,A,2023,,,,,,,,,,,,
2023-10-14,Ukraine,North Macedonia,2.0,0.0,UEFA Euro qualification,True,1875.3,1613.5,261.8,H,2023,,,,,,,,,,,,
2023-10-14,New Caledonia,Solomon Islands,0.0,1.0,MSG Prime Minister's Cup,False,1550.5,1581.8,68.7,A,2023,,,,,,,,,,,,
2023-10-14,Papua New Guinea,Vanuatu,0.0,1.0,MSG Prime Minister's Cup,True,1482.3,1471.7,10.6,A,2023,,,,,,,,,,,,
2023-10-14,Denmark,Kazakhstan,3.0,1.0,UEFA Euro qualification,False,1921.9,1504.2,517.7,H,2023,,,,,,,,,,,,
2023-10-14,Northern Ireland,San Marino,3.0,0.0,UEFA Euro qualification,False,1511.6,862.4,749.3,H,2023,,,,,,,,,,,,
2023-10-14,Hungary,Serbia,2.0,1.0,UEFA Euro qualification,False,1897.6,1887.4,110.2,H,2023,,,,,,,,,,,,
2023-10-14,Bulgaria,Lithuania,0.0,2.0,UEFA Euro qualification,False,1537.5,1315.2,322.2,A,2023,,,,,,,,,,,,
2023-10-14,Italy,Malta,4.0,0.0,UEFA Euro qualification,False,2014.4,1305.8,808.7,H,2023,,,,,,,,,,,,
2023-10-14,United States,Germany,1.0,3.0,Friendly,False,1915.6,1966.9,48.7,A,2023,24.0,4.13,4891216.22,5712392.34,26.69,3.69,25491428.57,24996278.25,-2.6900000000000013,0.43999999999999995,-20600212.35,-19283885.91
2023-10-14,Slovenia,Finland,3.0,0.0,UEFA Euro qualification,False,1720.1,1738.9,81.2,H,2023,,,,,,,,,,,,
2023-10-14,Niger,Somalia,3.0,0.0,Friendly,True,1331.6,1022.5,309.1,H,2023,,,,,,,,,,,,
2023-10-14,Puerto Rico,Guyana,1.0,3.0,CONCACAF Nations League,False,1388.1,1404.5,83.6,A,2023,,,,,,,,,,,,
2023-10-14,Bahamas,Antigua and Barbuda,1.0,4.0,CONCACAF Nations League,False,1111.9,1244.5,-32.7,A,2023,,,,,,,,,,,,
2023-10-14,Aruba,United States Virgin Islands,3.0,1.0,CONCACAF Nations League,False,1201.3,958.5,342.8,H,2023,,,,,,,,,,,,
2023-10-14,Sierra Leone,Benin,1.0,1.0,Friendly,True,1445.2,1488.0,-42.7,D,2023,,,,,,,,,,,,
2023-10-14,Liberia,Libya,2.0,3.0,Friendly,True,1406.9,1443.6,-36.7,A,2023,,,,,,,,,,,,
2023-10-14,Mauritania,Madagascar,2.0,1.0,Friendly,True,1521.9,1402.5,119.4,H,2023,,,,,,,,,,,,
2023-10-14,Mexico,Ghana,2.0,0.0,Friendly,True,1941.8,1697.0,244.9,H,2023,24.97,4.03,4386486.49,5556450.46,24.44,3.25,2889743.59,6518112.63,0.5299999999999976,0.7800000000000002,1496742.9000000004,-961662.1699999999
2023-10-14,Ivory Coast,Morocco,1.0,1.0,Friendly,False,1743.3,1923.6,-80.3,D,2023,25.89,4.9,10302380.95,12055906.24,24.69,4.13,8234210.53,12581956.88,1.1999999999999993,0.7700000000000005,2068170.419999999,-526050.6400000006
2023-10-15,Wales,Croatia,2.0,1.0,UEFA Euro qualification,False,1730.2,2031.8,-201.6,H,2023,,,,,25.89,4.25,12635714.29,13970620.05,,,,
2023-10-15,Romania,Andorra,4.0,0.0,UEFA Euro qualification,False,1687.2,1175.5,611.7,H,2023,,,,,,,,,,,,
2023-10-15,Switzerland,Belarus,3.0,3.0,UEFA Euro qualification,False,1924.3,1465.6,558.8,D,2023,26.49,3.47,7581578.95,8515090.48,,,,,,,,
2023-10-15,Poland,Moldova,1.0,1.0,UEFA Euro qualification,False,1786.7,1363.3,523.3,D,2023,,,,,,,,,,,,
2023-10-15,Czech Republic,Faroe Islands,1.0,0.0,UEFA Euro qualification,False,1799.3,1295.9,603.4,H,2023,25.89,3.5,4229605.26,7344206.13,,,,,,,,
2023-10-15,Turkey,Latvia,4.0,0.0,UEFA Euro qualification,False,1793.7,1413.3,480.4,H,2023,24.56,3.66,8995714.29,8418791.66,,,,,,,,
2023-10-15,Norway,Spain,0.0,1.0,UEFA Euro qualification,False,1798.1,2071.7,-173.6,A,2023,24.54,3.01,9220833.33,27533937.08,25.71,4.2,26502631.58,19534591.27,-1.1700000000000017,-1.1900000000000004,-17281798.25,7999345.809999999
2023-10-15,Sudan,Tanzania,1.0,1.0,Friendly,True,1393.3,1460.7,-67.4,D,2023,,,,,,,,,,,,
2023-10-15,Kyrgyzstan,Philippines,0.0,1.0,Friendly,True,1404.5,1241.1,163.4,A,2023,,,,,,,,,,,,
2023-10-15,Saint Kitts and Nevis,Sint Maarten,0.0,1.0,CONCACAF Nations League,False,1334.6,1178.3,256.3,A,2023,,,,,,,,,,,,
2023-10-15,Guadeloupe,Saint Lucia,2.0,0.0,CONCACAF Nations League,False,1502.0,1385.9,216.1,H,2023,,,,,,,,,,,,
2023-10-15,Suriname,Grenada,4.0,0.0,CONCACAF Nations League,False,1464.0,1279.4,284.5,H,2023,,,,,,,,,,,,
2023-10-15,Haiti,Jamaica,2.0,3.0,CONCACAF Nations League,True,1663.2,1723.5,-60.3,A,2023,27.36,4.04,488636.36,649477.96,,,,,,,,
2023-10-15,Honduras,Cuba,4.0,0.0,CONCACAF Nations League,False,1600.0,1457.3,242.7,H,2023,,,,,,,,,,,,
2023-10-15,Georgia,Cyprus,4.0,0.0,UEFA Euro qualification,False,1689.4,1373.7,415.6,H,2023,,,,,,,,,,,,
2023-10-16,Azerbaijan,Austria,0.0,1.0,UEFA Euro qualification,False,1506.9,1851.9,-245.0,A,2023,,,,,25.26,4.16,8971052.63,10548157.93,,,,
2023-10-16,Gibraltar,Republic of Ireland,0.0,4.0,UEFA Euro qualification,True,1163.7,1665.2,-501.4,A,2023,,,,,,,,,,,,
2023-10-16,Belgium,Sweden,1.0,1.0,UEFA Euro qualification,False,2059.7,1776.9,382.7,D,2023,24.58,4.61,17192105.26,17658282.41,25.26,4.4,2703846.15,3195758.1,-0.6800000000000033,0.20999999999999996,14488259.110000001,14462524.31
2023-10-16,Greece,Netherlands,0.0,1.0,UEFA Euro qualification,False,1777.4,2028.8,-151.5,A,2023,,,,,24.5,4.06,18784722.22,17555186.08,,,,
2023-10-16,Bosnia and Herzegovina,Portugal,0.0,5.0,UEFA Euro qualification,False,1591.3,2082.4,-391.1,A,2023,28.34,3.78,3365853.66,5719217.06,25.74,4.66,30974285.71,24268431.5,2.6000000000000014,-0.8800000000000003,-27608432.05,-18549214.44
2023-10-16,Luxembourg,Slovakia,0.0,1.0,UEFA Euro qualification,False,1555.6,1661.4,-5.7,A,2023,,,,,,,,,,,,
2023-10-16,Senegal,Cameroon,1.0,0.0,Friendly,True,1846.9,1737.7,109.2,H,2023,24.52,4.58,6836956.52,8846999.21,,,,,,,,
2023-10-16,Iceland,Liechtenstein,4.0,0.0,UEFA Euro qualification,False,1544.4,1022.7,621.7,H,2023,,,,,,,,,,,,
2023-10-16,Mozambique,Nigeria,2.0,3.0,Friendly,True,1470.5,1716.2,-245.7,A,2023,,,,,,,,,,,,
2023-10-16,Algeria,Egypt,1.0,1.0,Friendly,True,1820.6,1783.1,37.5,D,2023,25.82,3.4,4360256.41,8054751.98,26.89,3.84,3959722.22,13063189.48,-1.0700000000000003,-0.43999999999999995,400534.18999999994,-5008437.5
2023-10-16,Kenya,Russia,2.0,2.0,Friendly,True,1473.6,1822.7,-349.1,D,2023,,,,,,,,,,,,
2023-10-16,Botswana,Eswatini,2.0,1.0,Friendly,False,1441.0,1398.0,143.0,H,2023,,,,,,,,,,,,
2023-10-16,Dominican Republic,Barbados,5.0,2.0,CONCACAF Nations League,False,1410.2,1172.3,337.8,H,2023,,,,,,,,,,,,
2023-10-16,Turks and Caicos Islands,British Virgin Islands,2.0,2.0,CONCACAF Nations League,False,1048.6,966.6,182.0,D,2023,,,,,,,,,,,,
2023-10-16,Saint Martin,Anguilla,8.0,0.0,CONCACAF Nations League,True,1189.2,880.4,308.8,H,2023,,,,,,,,,,,,
2023-10-16,French Guiana,Saint Vincent and the Grenadines,3.0,2.0,CONCACAF Nations League,True,1487.6,1238.1,249.5,H,2023,,,,,,,,,,,,
2023-10-16,Nicaragua,Montserrat,3.0,0.0,CONCACAF Nations League,False,1508.8,1278.7,330.1,H,2023,,,,,,,,,,,,
2023-10-16,China,Uzbekistan,1.0,2.0,Friendly,False,1598.7,1726.1,-27.5,A,2023,,,,,26.0,3.27,1214864.86,1206954.22,,,,
2023-10-17,Somalia,Sierra Leone,0.0,2.0,Friendly,True,1017.5,1446.5,-429.0,A,2023,,,,,,,,,,,,
2023-10-17,North Macedonia,Armenia,3.0,1.0,Friendly,False,1602.6,1524.3,178.3,H,2023,,,,,,,,,,,,
2023-10-17,Mexico,Germany,2.0,2.0,Friendly,True,1947.7,1984.0,-36.3,D,2023,24.97,4.03,4386486.49,5556450.46,26.69,3.69,25491428.57,24996278.25,-1.7200000000000024,0.3400000000000003,-21104942.08,-19439827.79
2023-10-17,Mali,Saudi Arabia,3.0,1.0,Friendly,True,1738.3,1671.9,66.4,H,2023,,,,,25.67,3.6,643750.0,707950.26,,,,
2023-10-17,Guinea,Gabon,1.0,1.0,Friendly,True,1548.1,1523.3,24.8,D,2023,,,,,,,,,,,,
2023-10-17,South Korea,Vietnam,6.0,0.0,Friendly,False,1869.8,1538.3,431.5,H,2023,28.29,3.79,4458108.11,10576998.97,,,,,,,,
2023-10-17,Ivory Coast,South Africa,1.0,1.0,Friendly,False,1745.6,1635.6,210.0,D,2023,25.89,4.9,10302380.95,12055906.24,26.12,3.53,692567.57,519838.36,-0.23000000000000043,1.3700000000000006,9609813.379999999,11536067.88
2023-10-17,France,Scotland,4.0,1.0,Friendly,False,2180.5,1864.4,416.1,H,2023,24.5,3.81,41375000.0,33149047.87,25.82,3.2,9061363.64,11868051.54,-1.3200000000000003,0.6099999999999999,32313636.36,21280996.330000002
2023-10-17,Sudan,Chad,1.0,0.0,Friendly,True,1395.2,1301.0,94.2,H,2023,,,,,,,,,,,,
2023-10-17,Estonia,Thailand,1.0,1.0,Friendly,False,1438.4,1518.8,19.6,D,2023,,,,,,,,,,,,
2023-10-17,Libya,Niger,1.0,1.0,Friendly,True,1452.6,1336.7,115.9,D,2023,,,,,,,,,,,,
2023-10-17,Syria,Kuwait,1.0,2.0,Friendly,True,1549.5,1471.4,78.1,A,2023,,,,,,,,,,,,
2023-10-17,Paraguay,Bolivia,1.0,0.0,FIFA World Cup qualification,False,1774.4,1653.9,220.6,H,2023,26.17,4.4,2605147.06,2692703.78,,,,,,,,
2023-10-17,United States,Ghana,4.0,0.0,Friendly,False,1898.5,1691.1,307.4,H,2023,24.0,4.13,4891216.22,5712392.34,24.44,3.25,2889743.59,6518112.63,-0.4400000000000013,0.8799999999999999,2001472.63,-805720.29
2023-10-17,Zambia,Uganda,3.0,0.0,Friendly,True,1623.0,1513.0,110.0,H,2023,,,,,,,,,,,,
2023-10-17,Morocco,Liberia,3.0,0.0,African Cup of Nations qualification,False,1921.3,1398.0,623.3,H,2023,24.69,4.13,8234210.53,12581956.88,,,,,,,,
2023-10-17,England,Italy,3.0,1.0,UEFA Euro qualification,False,2078.0,2015.1,162.8,H,2023,25.84,3.9,40391891.89,28909723.22,,,,,,,,
2023-10-17,Malta,Ukraine,1.0,3.0,UEFA Euro qualification,False,1305.1,1886.2,-481.1,A,2023,,,,,,,,,,,,
2023-10-17,Serbia,Montenegro,3.0,1.0,UEFA Euro qualification,False,1873.6,1603.6,370.0,H,2023,,,,,,,,,,,,
2023-10-17,Lithuania,Hungary,2.0,2.0,UEFA Euro qualification,False,1367.1,1911.5,-444.3,D,2023,,,,,,,,,,,,
2023-10-17,Finland,Kazakhstan,1.0,2.0,UEFA Euro qualification,False,1712.0,1501.3,310.7,A,2023,,,,,,,,,,,,
2023-10-17,Northern Ireland,Slovenia,0.0,1.0,UEFA Euro qualification,False,1512.6,1747.1,-134.5,A,2023,,,,,,,,,,,,
2023-10-17,San Marino,Denmark,1.0,2.0,UEFA Euro qualification,False,861.4,1924.8,-963.3,A,2023,,,,,,,,,,,,
2023-10-17,Cape Verde,Comoros,1.0,2.0,Friendly,False,1604.3,1341.2,363.2,A,2023,26.67,4.0,897857.14,1170277.31,,,,,,,,
2023-10-17,United Arab Emirates,Lebanon,2.0,1.0,Friendly,False,1610.3,1450.9,259.4,H,2023,,,,,,,,,,,,
2023-10-17,Burkina Faso,Mauritania,2.0,1.0,Friendly,True,1660.4,1528.6,131.8,H,2023,,,,,,,,,,,,
2023-10-17,Venezuela,Chile,3.0,0.0,FIFA World Cup qualification,False,1803.9,1814.3,89.6,H,2023,,,,,,,,,,,,
2023-10-17,Bahrain,Philippines,1.0,0.0,Friendly,False,1602.3,1255.5,446.9,H,2023,,,,,,,,,,,,
2023-10-17,El Salvador,Martinique,0.0,0.0,CONCACAF Nations League,False,1533.0,1567.1,65.8,D,2023,,,,,,,,,,,,
2023-10-17,Panama,Guatemala,3.0,0.0,CONCACAF Nations League,False,1832.2,1647.7,284.4,H,2023,24.49,4.14,408378.38,644849.71,,,,,,,,
2023-10-17,Curaçao,Trinidad and Tobago,5.0,3.0,CONCACAF Nations League,False,1475.4,1596.3,-20.9,H,2023,27.28,4.27,479032.26,633827.87,,,,,,,,
2023-10-17,Bermuda,Belize,1.0,1.0,CONCACAF Nations League,False,1370.4,1252.3,218.1,D,2023,,,,,,,,,,,,
2023-10-17,Antigua and Barbuda,Bahamas,2.0,2.0,CONCACAF Nations League,False,1276.2,1080.2,296.1,D,2023,,,,,,,,,,,,
2023-10-17,Guyana,Puerto Rico,3.0,1.0,CONCACAF Nations League,True,1441.6,1351.0,90.6,H,2023,,,,,,,,,,,,
2023-10-17,Cayman Islands,United States Virgin Islands,2.0,1.0,CONCACAF Nations League,False,1054.0,951.2,202.8,H,2023,,,,,,,,,,,,
2023-10-17,Ecuador,Colombia,0.0,0.0,FIFA World Cup qualification,False,1957.6,2009.6,48.0,D,2023,24.38,4.67,4346052.63,7438417.18,25.05,4.04,4536805.56,6037157.76,-0.6700000000000017,0.6299999999999999,-190752.9299999997,1401259.42
2023-10-17,Peru,Argentina,0.0,2.0,FIFA World Cup qualification,False,1871.8,2219.8,-248.1,A,2023,,,,,26.63,4.39,24177142.86,18079618.92,,,,
2023-10-17,Benin,Madagascar,1.0,2.0,Friendly,True,1486.7,1395.8,90.9,A,2023,,,,,,,,,,,,
2023-10-17,Bangladesh,Maldives,2.0,1.0,FIFA World Cup qualification,False,1111.4,1106.1,105.3,H,2023,,,,,,,,,,,,
2023-10-17,Uruguay,Brazil,2.0,0.0,FIFA World Cup qualification,False,1988.8,2155.3,-66.5,H,2023,24.34,3.23,10867857.14,20053652.65,24.7,3.79,26521621.62,25985381.91,-0.35999999999999943,-0.56,-15653764.48,-5931729.260000002
2023-10-17,Brunei,Indonesia,0.0,6.0,FIFA World Cup qualification,False,852.7,1445.1,-492.4,A,2023,,,,,,,,,,,,
2023-10-17,Australia,New Zealand,2.0,0.0,Soccer Ashes,True,1867.0,1705.0,161.9,H,2023,26.59,3.8,1638970.59,1832279.91,24.89,4.18,764583.33,1648877.72,1.6999999999999993,-0.3799999999999999,874387.2600000001,183402.18999999994
2023-10-17,Angola,DR Congo,0.0,0.0,Friendly,True,1497.7,1634.1,-136.4,D,2023,,,,,26.44,3.53,2261000.0,3388997.49,,,,
2023-10-17,Albania,Bulgaria,2.0,0.0,Friendly,False,1705.8,1485.6,320.2,H,2023,,,,,,,,,,,,
2023-10-17,Bhutan,Hong Kong,2.0,0.0,FIFA World Cup qualification,False,836.2,1290.1,-353.9,H,2023,,,,,,,,,,,,
2023-10-17,Sri Lanka,Yemen,1.0,1.0,FIFA World Cup qualification,False,923.6,1247.9,-224.3,D,2023,,,,,,,,,,,,
2023-10-17,Taiwan,Timor-Leste,3.0,0.0,FIFA World Cup qualification,False,1124.4,839.1,385.3,H,2023,,,,,,,,,,,,
2023-10-17,Mongolia,Afghanistan,0.0,1.0,FIFA World Cup qualification,False,1089.9,1266.8,-76.9,A,2023,,,,,,,,,,,,
2023-10-17,Macau,Myanmar,0.0,0.0,FIFA World Cup qualification,False,907.0,1119.9,-113.0,D,2023,,,,,,,,,,,,
2023-10-17,Laos,Nepal,0.0,1.0,FIFA World Cup qualification,False,932.8,1118.0,-85.2,A,2023,,,,,,,,,,,,
2023-10-17,Guam,Singapore,0.0,1.0,FIFA World Cup qualification,False,976.9,1299.1,-222.1,A,2023,,,,,,,,,,,,
2023-10-17,Pakistan,Cambodia,1.0,0.0,FIFA World Cup qualification,False,1023.8,1068.1,55.7,H,2023,,,,,,,,,,,,
2023-10-23,United Arab Emirates,Kuwait,1.0,0.0,Friendly,False,1614.0,1483.6,230.3,H,2023,,,,,,,,,,,,
2023-11-11,Guatemala,Jamaica,0.0,0.0,Friendly,True,1636.3,1740.1,-103.8,D,2023,,,,,,,,,,,,
2023-11-12,Kosovo,Israel,1.0,0.0,UEFA Euro qualification,False,1549.9,1674.0,-24.1,H,2023,,,,,,,,,,,,
2023-11-15,Belgium,Serbia,1.0,0.0,Friendly,False,2043.7,1879.9,263.7,H,2023,24.58,4.61,17192105.26,17658282.41,,,,,,,,
2023-11-15,Israel,Switzerland,1.0,1.0,UEFA Euro qualification,True,1652.6,1905.9,-253.3,D,2023,,,,,26.49,3.47,7581578.95,8515090.48,,,,
2023-11-15,Equatorial Guinea,Namibia,0.0,3.0,FIFA World Cup qualification,False,1612.7,1513.4,199.3,A,2023,,,,,,,,,,,,
2023-11-15,DR Congo,Mauritania,2.0,0.0,FIFA World Cup qualification,False,1630.4,1522.2,208.2,H,2023,26.44,3.53,2261000.0,3388997.49,,,,,,,,
2023-11-15,Ethiopia,Sierra Leone,0.0,0.0,FIFA World Cup qualification,True,1444.7,1448.8,-4.0,D,2023,,,,,,,,,,,,
2023-11-15,Rwanda,Zimbabwe,0.0,0.0,FIFA World Cup qualification,False,1392.7,1440.0,52.7,D,2023,,,,,,,,,,,,
2023-11-16,Yemen,Bahrain,0.0,2.0,FIFA World Cup qualification,True,1236.5,1603.8,-367.2,A,2023,,,,,,,,,,,,
2023-11-16,Lebanon,Palestine,0.0,0.0,FIFA World Cup qualification,True,1447.2,1550.1,-102.9,D,2023,,,,,,,,,,,,
2023-11-16,Australia,Bangladesh,7.0,0.0,FIFA World Cup qualification,False,1879.7,1125.5,854.2,H,2023,26.59,3.8,1638970.59,1832279.91,,,,,,,,
2023-11-16,Egypt,Djibouti,6.0,0.0,FIFA World Cup qualification,False,1784.1,1084.0,800.2,H,2023,26.89,3.84,3959722.22,13063189.48,,,,,,,,
2023-11-16,Sudan,Togo,1.0,1.0,FIFA World Cup qualification,True,1402.5,1501.0,-98.5,D,2023,,,,,,,,,,,,
2023-11-16,Nigeria,Lesotho,1.0,1.0,FIFA World Cup qualification,False,1720.1,1322.9,497.1,D,2023,,,,,,,,,,,,
2023-11-16,Cape Verde,Angola,0.0,0.0,FIFA World Cup qualification,False,1586.5,1501.5,185.1,D,2023,26.67,4.0,897857.14,1170277.31,,,,,,,,
2023-11-16,Burundi,Gambia,3.0,2.0,FIFA World Cup qualification,True,1441.7,1555.6,-113.9,H,2023,,,,,,,,,,,,
2023-11-16,Gabon,Kenya,2.0,1.0,FIFA World Cup qualification,False,1524.0,1481.2,142.8,H,2023,,,,,,,,,,,,
2023-11-16,Botswana,Mozambique,2.0,3.0,FIFA World Cup qualification,False,1447.1,1466.6,80.5,A,2023,,,,,,,,,,,,
2023-11-16,Curaçao,El Salvador,1.0,1.0,Friendly,False,1507.2,1529.2,78.0,D,2023,27.28,4.27,479032.26,633827.87,,,,,,,,
2023-11-16,United Arab Emirates,Nepal,4.0,0.0,FIFA World Cup qualification,False,1618.2,1133.2,585.0,H,2023,,,,,,,,,,,,
2023-11-16,Norway,Faroe Islands,2.0,0.0,Friendly,False,1787.3,1294.7,592.6,H,2023,24.54,3.01,9220833.33,27533937.08,,,,,,,,
2023-11-16,Cyprus,Spain,1.0,3.0,UEFA Euro qualification,False,1367.5,2082.4,-615.0,A,2023,,,,,25.71,4.2,26502631.58,19534591.27,,,,
2023-11-16,Georgia,Scotland,2.0,2.0,UEFA Euro qualification,False,1695.6,1861.5,-65.9,D,2023,,,,,25.82,3.2,9061363.64,11868051.54,,,,
2023-11-16,Estonia,Austria,0.0,2.0,UEFA Euro qualification,False,1437.8,1859.7,-321.9,A,2023,,,,,25.26,4.16,8971052.63,10548157.93,,,,
2023-11-16,Azerbaijan,Sweden,3.0,0.0,UEFA Euro qualification,False,1499.0,1793.0,-193.9,H,2023,,,,,25.26,4.4,2703846.15,3195758.1,,,,
2023-11-16,Bulgaria,Hungary,2.0,2.0,UEFA Euro qualification,False,1481.5,1894.3,-312.8,D,2023,,,,,,,,,,,,
2023-11-16,Montenegro,Lithuania,2.0,0.0,UEFA Euro qualification,False,1597.2,1384.2,313.0,H,2023,,,,,,,,,,,,
2023-11-16,Liechtenstein,Portugal,0.0,2.0,UEFA Euro qualification,False,1020.7,2090.1,-969.4,A,2023,,,,,25.74,4.66,30974285.71,24268431.5,,,,
2023-11-16,Luxembourg,Bosnia and Herzegovina,4.0,1.0,UEFA Euro qualification,False,1535.9,1583.7,52.3,H,2023,,,,,28.34,3.78,3365853.66,5719217.06,,,,
2023-11-16,Algeria,Somalia,3.0,1.0,FIFA World Cup qualification,False,1819.5,1015.1,904.4,H,2023,25.82,3.4,4360256.41,8054751.98,,,,,,,,
2023-11-16,Saudi Arabia,Pakistan,4.0,0.0,FIFA World Cup qualification,False,1659.7,1040.6,719.1,H,2023,25.67,3.6,643750.0,707950.26,,,,,,,,
2023-11-16,Slovakia,Iceland,4.0,2.0,UEFA Euro qualification,False,1681.0,1546.4,234.6,H,2023,,,,,,,,,,,,
2023-11-16,Philippines,Vietnam,0.0,2.0,FIFA World Cup qualification,False,1254.1,1535.0,-181.0,A,2023,,,,,,,,,,,,
2023-11-16,Sint Maarten,Guadeloupe,0.0,2.0,CONCACAF Nations League,True,1210.9,1515.4,-304.6,A,2023,,,,,,,,,,,,
2023-11-16,Saint Kitts and Nevis,Saint Lucia,0.0,0.0,CONCACAF Nations League,False,1302.1,1372.5,29.6,D,2023,,,,,,,,,,,,
2023-11-16,United States Virgin Islands,Aruba,1.0,4.0,CONCACAF Nations League,False,941.7,1208.7,-166.9,A,2023,,,,,,,,,,,,
2023-11-16,British Virgin Islands,Dominica,1.0,2.0,CONCACAF Nations League,False,976.2,1205.3,-129.0,A,2023,,,,,,,,,,,,
2023-11-16,United States,Trinidad and Tobago,3.0,0.0,CONCACAF Nations League,False,1903.9,1564.5,439.4,H,2023,24.0,4.13,4891216.22,5712392.34,,,,,,,,
2023-11-16,Bolivia,Peru,2.0,0.0,FIFA World Cup qualification,False,1645.1,1860.2,-115.1,H,2023,,,,,,,,,,,,
2023-11-16,Venezuela,Ecuador,0.0,0.0,FIFA World Cup qualification,False,1830.1,1954.8,-24.8,D,2023,,,,,24.38,4.67,4346052.63,7438417.18,,,,
2023-11-16,Colombia,Brazil,2.0,1.0,FIFA World Cup qualification,False,2012.4,2119.6,-7.2,H,2023,25.05,4.04,4536805.56,6037157.76,24.7,3.79,26521621.62,25985381.91,0.3500000000000014,0.25,-21984816.060000002,-19948224.15
2023-11-16,Argentina,Uruguay,0.0,2.0,FIFA World Cup qualification,False,2231.4,2024.4,307.0,A,2023,26.63,4.39,24177142.86,18079618.92,24.34,3.23,10867857.14,20053652.65,2.289999999999999,1.1599999999999997,13309285.719999999,-1974033.7299999967
2023-11-16,Chile,Paraguay,0.0,0.0,FIFA World Cup qualification,False,1788.1,1783.2,104.9,D,2023,,,,,26.17,4.4,2605147.06,2692703.78,,,,
2023-11-16,Costa Rica,Panama,0.0,3.0,CONCACAF Nations League,False,1731.7,1843.6,-11.9,A,2023,,,,,24.49,4.14,408378.38,644849.71,,,,
2023-11-16,Kuwait,India,0.0,1.0,FIFA World Cup qualification,False,1479.4,1407.0,172.5,A,2023,,,,,,,,,,,,
2023-11-16,Qatar,Afghanistan,8.0,1.0,FIFA World Cup qualification,False,1634.5,1282.4,452.1,H,2023,27.25,3.58,487500.0,897409.47,,,,,,,,
2023-11-16,Iraq,Indonesia,5.0,1.0,FIFA World Cup qualification,False,1702.6,1449.8,352.7,H,2023,26.4,3.51,440909.09,264633.69,,,,,,,,
2023-11-16,Turkmenistan,Uzbekistan,1.0,3.0,FIFA World Cup qualification,False,1380.5,1735.3,-254.9,A,2023,,,,,26.0,3.27,1214864.86,1206954.22,,,,
2023-11-16,Iran,Hong Kong,4.0,0.0,FIFA World Cup qualification,False,1891.8,1237.0,754.8,H,2023,29.13,3.43,994736.84,829377.5,,,,,,,,
2023-11-16,Malaysia,Kyrgyzstan,4.0,3.0,FIFA World Cup qualification,False,1475.4,1390.1,185.4,H,2023,,,,,,,,,,,,
2023-11-16,Tajikistan,Jordan,1.0,1.0,FIFA World Cup qualification,False,1486.7,1680.3,-93.6,D,2023,,,,,28.61,4.14,569852.94,1322997.65,,,,
2023-11-16,Oman,Taiwan,3.0,0.0,FIFA World Cup qualification,False,1692.9,1131.3,661.6,H,2023,,,,,,,,,,,,
2023-11-16,South Korea,Singapore,5.0,0.0,FIFA World Cup qualification,False,1873.1,1307.8,665.3,H,2023,28.29,3.79,4458108.11,10576998.97,,,,,,,,
2023-11-16,Thailand,China,1.0,2.0,FIFA World Cup qualification,False,1519.4,1589.4,29.9,A,2023,,,,,,,,,,,,
2023-11-16,Syria,North Korea,1.0,0.0,FIFA World Cup qualification,True,1537.3,1504.5,32.8,H,2023,,,,,,,,,,,,
2023-11-16,Japan,Myanmar,5.0,0.0,FIFA World Cup qualification,False,1987.5,1113.7,973.9,H,2023,25.95,2.81,9033333.33,12105759.03,,,,,,,,
2023-11-17,Ghana,Madagascar,1.0,0.0,FIFA World Cup qualification,False,1685.6,1408.4,377.3,H,2023,24.44,3.25,2889743.59,6518112.63,,,,,,,,
2023-11-17,Mali,Chad,3.0,1.0,FIFA World Cup qualification,False,1750.5,1293.6,556.8,H,2023,,,,,,,,,,,,
2023-11-17,Greece,New Zealand,2.0,0.0,Friendly,False,1765.6,1692.3,173.3,H,2023,,,,,24.89,4.18,764583.33,1648877.72,,,,
2023-11-17,England,Malta,2.0,0.0,UEFA Euro qualification,False,2094.9,1301.5,893.3,H,2023,25.84,3.9,40391891.89,28909723.22,,,,,,,,
2023-11-17,Italy,North Macedonia,5.0,2.0,UEFA Euro qualification,False,1998.3,1610.5,487.7,H,2023,,,,,,,,,,,,
2023-11-17,Finland,Northern Ireland,4.0,0.0,UEFA Euro qualification,False,1677.7,1499.9,277.7,H,2023,,,,,,,,,,,,
2023-11-17,Poland,Czech Republic,1.0,1.0,UEFA Euro qualification,False,1768.6,1800.5,68.0,D,2023,,,,,25.89,3.5,4229605.26,7344206.13,,,,
2023-11-17,Comoros,Central African Republic,4.0,2.0,FIFA World Cup qualification,False,1359.0,1431.8,27.2,H,2023,,,,,,,,,,,,
2023-11-17,Denmark,Slovenia,2.0,1.0,UEFA Euro qualification,False,1924.9,1759.7,265.2,H,2023,,,,,,,,,,,,
2023-11-17,Kazakhstan,San Marino,3.0,1.0,UEFA Euro qualification,False,1535.5,861.3,774.3,H,2023,,,,,,,,,,,,
2023-11-17,Solomon Islands,Samoa,1.0,0.0,Pacific Games,False,1599.7,1205.9,493.8,H,2023,,,,,,,,,,,,
2023-11-17,Moldova,Albania,1.0,1.0,UEFA Euro qualification,False,1381.5,1709.9,-228.5,D,2023,,,,,,,,,,,,
2023-11-17,Papua New Guinea,Tuvalu,3.0,0.0,Pacific Games,True,1466.8,1208.8,258.0,H,2023,,,,,,,,,,,,
2023-11-17,Tunisia,São Tomé and Príncipe,4.0,0.0,FIFA World Cup qualification,False,1841.6,1176.0,765.5,H,2023,24.55,3.7,2218103.45,2602294.22,,,,,,,,
2023-11-17,Guinea,Uganda,2.0,1.0,FIFA World Cup qualification,True,1547.4,1500.9,46.5,H,2023,,,,,,,,,,,,
2023-11-17,Liberia,Malawi,0.0,1.0,FIFA World Cup qualification,False,1396.1,1456.8,39.2,A,2023,,,,,,,,,,,,
2023-11-17,Montserrat,Dominican Republic,2.0,1.0,CONCACAF Nations League,False,1269.6,1418.9,-49.3,H,2023,,,,,,,,,,,,
2023-11-17,Bermuda,Saint Vincent and the Grenadines,3.0,1.0,CONCACAF Nations League,False,1359.3,1230.4,228.8,H,2023,,,,,,,,,,,,
2023-11-17,Belize,French Guiana,1.0,0.0,CONCACAF Nations League,False,1263.4,1495.3,-131.9,H,2023,,,,,,,,,,,,
2023-11-17,Honduras,Mexico,2.0,0.0,CONCACAF Nations League,False,1614.9,1948.8,-233.9,H,2023,,,,,24.97,4.03,4386486.49,5556450.46,,,,
2023-11-17,Barbados,Nicaragua,0.0,4.0,CONCACAF Nations League,False,1163.6,1517.9,-254.4,A,2023,,,,,,,,,,,,
2023-11-17,Eswatini,Libya,0.0,1.0,FIFA World Cup qualification,True,1391.9,1449.4,-57.4,A,2023,,,,,,,,,,,,
2023-11-17,Cameroon,Mauritius,3.0,0.0,FIFA World Cup qualification,False,1730.7,1221.8,609.0,H,2023,,,,,,,,,,,,
2023-11-17,Zambia,Congo,4.0,2.0,FIFA World Cup qualification,False,1635.1,1394.3,340.8,H,2023,,,,,,,,,,,,
2023-11-17,Ivory Coast,Seychelles,9.0,0.0,FIFA World Cup qualification,False,1740.2,1050.2,789.9,H,2023,25.89,4.9,10302380.95,12055906.24,,,,,,,,
2023-11-17,Burkina Faso,Guinea-Bissau,1.0,1.0,FIFA World Cup qualification,True,1666.8,1509.9,156.9,D,2023,,,,,,,,,,,,
2023-11-18,Armenia,Wales,1.0,1.0,UEFA Euro qualification,False,1516.4,1760.7,-144.3,D,2023,,,,,,,,,,,,
2023-11-18,Fiji,Northern Mariana Islands,10.0,0.0,Pacific Games,True,1521.1,939.1,582.0,H,2023,,,,,,,,,,,,
2023-11-18,New Caledonia,Tonga,7.0,0.0,Pacific Games,True,1532.5,1092.0,440.5,H,2023,,,,,,,,,,,,
2023-11-18,Israel,Romania,1.0,2.0,UEFA Euro qualification,True,1665.1,1689.3,-24.2,A,2023,,,,,,,,,,,,
2023-11-18,Switzerland,Kosovo,1.0,1.0,UEFA Euro qualification,False,1893.4,1571.3,422.1,D,2023,26.49,3.47,7581578.95,8515090.48,,,,,,,,
2023-11-18,Belarus,Andorra,1.0,0.0,UEFA Euro qualification,True,1484.0,1173.3,310.7,H,2023,,,,,,,,,,,,
2023-11-18,Latvia,Croatia,0.0,2.0,UEFA Euro qualification,False,1408.8,2001.3,-492.5,A,2023,,,,,25.89,4.25,12635714.29,13970620.05,,,,
2023-11-18,Netherlands,Republic of Ireland,1.0,0.0,UEFA Euro qualification,False,2040.6,1669.1,471.5,H,2023,24.5,4.06,18784722.22,17555186.08,,,,,,,,
2023-11-18,Niger,Tanzania,0.0,1.0,FIFA World Cup qualification,True,1339.9,1458.8,-118.9,A,2023,,,,,,,,,,,,
2023-11-18,Germany,Turkey,2.0,3.0,Friendly,False,1983.0,1798.1,284.8,A,2023,26.69,3.69,25491428.57,24996278.25,24.56,3.66,8995714.29,8418791.66,2.1300000000000026,0.029999999999999805,16495714.280000001,16577486.59
2023-11-18,South Africa,Benin,2.0,1.0,FIFA World Cup qualification,False,1641.0,1474.2,266.8,H,2023,26.12,3.53,692567.57,519838.36,,,,,,,,
2023-11-18,Senegal,South Sudan,4.0,0.0,FIFA World Cup qualification,False,1853.8,1287.5,666.4,H,2023,24.52,4.58,6836956.52,8846999.21,,,,,,,,
2023-11-18,Jamaica,Canada,1.0,2.0,CONCACAF Nations League,False,1737.2,1830.0,7.2,A,2023,,,,,25.39,4.48,5323571.43,13330897.17,,,,
2023-11-18,Anguilla,Bonaire,0.0,3.0,CONCACAF Nations League,False,866.7,1199.5,-232.8,A,2023,,,,,,,,,,,,
2023-11-18,Antigua and Barbuda,Puerto Rico,2.0,3.0,CONCACAF Nations League,False,1262.4,1328.7,33.7,A,2023,,,,,,,,,,,,
2023-11-18,France,Gibraltar,14.0,0.0,UEFA Euro qualification,False,2183.5,1159.8,1123.7,H,2023,24.5,3.81,41375000.0,33149047.87,,,,,,,,
2023-11-19,Belgium,Azerbaijan,5.0,0.0,UEFA Euro qualification,False,2047.3,1551.8,595.5,H,2023,24.58,4.61,17192105.26,17658282.41,,,,,,,,
2023-11-19,Liechtenstein,Luxembourg,0.0,1.0,UEFA Euro qualification,False,1020.4,1565.7,-445.3,A,2023,,,,,,,,,,,,
2023-11-19,Bosnia and Herzegovina,Slovakia,1.0,2.0,UEFA Euro qualification,False,1553.9,1693.4,-39.5,A,2023,28.34,3.78,3365853.66,5719217.06,,,,,,,,
2023-11-19,Portugal,Iceland,2.0,0.0,UEFA Euro qualification,False,2090.3,1534.1,656.2,H,2023,25.74,4.66,30974285.71,24268431.5,,,,,,,,
2023-11-19,Serbia,Bulgaria,2.0,2.0,UEFA Euro qualification,False,1876.3,1495.8,480.5,D,2023,,,,,,,,,,,,
2023-11-19,Hungary,Montenegro,3.0,1.0,UEFA Euro qualification,False,1880.0,1605.7,374.3,H,2023,,,,,,,,,,,,
2023-11-19,Sweden,Estonia,2.0,0.0,UEFA Euro qualification,False,1740.2,1429.7,410.5,H,2023,25.26,4.4,2703846.15,3195758.1,,,,,,,,
2023-11-19,Spain,Georgia,3.0,1.0,UEFA Euro qualification,False,2084.1,1699.4,484.7,H,2023,25.71,4.2,26502631.58,19534591.27,,,,,,,,
2023-11-19,Scotland,Norway,3.0,3.0,UEFA Euro qualification,False,1857.8,1788.3,169.5,D,2023,25.82,3.2,9061363.64,11868051.54,24.54,3.01,9220833.33,27533937.08,1.2800000000000011,0.1900000000000004,-159469.68999999948,-15665885.54
2023-11-19,Cyprus,Lithuania,1.0,0.0,Friendly,False,1365.8,1375.7,90.0,H,2023,,,,,,,,,,,,
2023-11-19,Mozambique,Algeria,0.0,2.0,FIFA World Cup qualification,False,1491.1,1819.8,-228.7,A,2023,,,,,25.82,3.4,4360256.41,8054751.98,,,,
2023-11-19,Burundi,Gabon,1.0,2.0,FIFA World Cup qualification,True,1468.0,1536.2,-68.2,A,2023,,,,,,,,,,,,
2023-11-19,Zimbabwe,Nigeria,1.0,1.0,FIFA World Cup qualification,True,1443.0,1702.2,-259.2,D,2023,,,,,,,,,,,,
2023-11-19,Sudan,DR Congo,1.0,0.0,FIFA World Cup qualification,True,1408.1,1644.3,-236.2,H,2023,,,,,26.44,3.53,2261000.0,3388997.49,,,,
2023-11-19,Sierra Leone,Egypt,0.0,2.0,FIFA World Cup qualification,True,1448.6,1785.0,-336.4,A,2023,,,,,26.89,3.84,3959722.22,13063189.48,,,,
2023-11-19,Saint Lucia,Sint Maarten,1.0,2.0,CONCACAF Nations League,False,1374.2,1202.0,272.2,A,2023,,,,,,,,,,,,
2023-11-19,Guadeloupe,Saint Kitts and Nevis,5.0,0.0,CONCACAF Nations League,False,1524.3,1300.4,323.9,H,2023,,,,,,,,,,,,
2023-11-20,North Macedonia,England,1.0,1.0,UEFA Euro qualification,False,1606.5,2095.2,-388.7,D,2023,,,,,25.84,3.9,40391891.89,28909723.22,,,,
2023-11-20,Ukraine,Italy,0.0,0.0,UEFA Euro qualification,True,1889.7,2002.2,-112.5,D,2023,,,,,,,,,,,,
2023-11-20,Albania,Faroe Islands,0.0,0.0,UEFA Euro qualification,False,1698.4,1293.8,504.6,D,2023,,,,,,,,,,,,
2023-11-20,Czech Republic,Moldova,3.0,0.0,UEFA Euro qualification,False,1804.4,1393.0,511.4,H,2023,25.89,3.5,4229605.26,7344206.13,,,,,,,,
2023-11-20,Tuvalu,Vanuatu,0.0,6.0,Pacific Games,True,1199.1,1487.2,-288.1,A,2023,,,,,,,,,,,,
2023-11-20,San Marino,Finland,1.0,2.0,UEFA Euro qualification,False,860.6,1690.3,-729.7,A,2023,,,,,,,,,,,,
2023-11-20,Slovenia,Kazakhstan,2.0,1.0,UEFA Euro qualification,False,1752.6,1536.2,316.4,H,2023,,,,,,,,,,,,
2023-11-20,Russia,Cuba,8.0,0.0,Friendly,False,1815.1,1442.4,472.7,H,2023,,,,,,,,,,,,
2023-11-20,Northern Ireland,Denmark,2.0,0.0,UEFA Euro qualification,False,1487.3,1932.1,-344.7,H,2023,,,,,,,,,,,,
2023-11-20,Curaçao,El Salvador,1.0,1.0,Friendly,False,1505.0,1531.4,73.6,D,2023,27.28,4.27,479032.26,633827.87,,,,,,,,
2023-11-20,Samoa,American Samoa,10.0,0.0,Pacific Games,True,1204.2,1092.6,111.7,H,2023,,,,,,,,,,,,
2023-11-20,Mali,Central African Republic,1.0,1.0,FIFA World Cup qualification,False,1752.8,1404.1,448.7,D,2023,,,,,,,,,,,,
2023-11-20,Liberia,Equatorial Guinea,3.0,0.0,FIFA World Cup qualification,False,1373.8,1559.6,-85.7,H,2023,,,,,,,,,,,,
2023-11-20,Seychelles,Kenya,0.0,5.0,FIFA World Cup qualification,True,1049.2,1469.0,-419.8,A,2023,,,,,,,,,,,,
2023-11-20,Gambia,Ivory Coast,0.0,2.0,FIFA World Cup qualification,True,1529.3,1741.2,-212.0,A,2023,,,,,25.89,4.9,10302380.95,12055906.24,,,,
2023-11-20,Djibouti,Guinea-Bissau,0.0,1.0,FIFA World Cup qualification,True,1083.1,1518.3,-435.2,A,2023,,,,,,,,,,,,
2023-11-20,Trinidad and Tobago,United States,2.0,1.0,CONCACAF Nations League,False,1559.3,1909.1,-249.8,H,2023,,,,,24.0,4.13,4891216.22,5712392.34,,,,
2023-11-20,Panama,Costa Rica,3.0,1.0,CONCACAF Nations League,False,1877.4,1697.9,279.5,H,2023,24.49,4.14,408378.38,644849.71,,,,,,,,
2023-11-20,Dominica,Turks and Caicos Islands,2.0,0.0,CONCACAF Nations League,True,1218.2,1039.0,179.2,H,2023,,,,,,,,,,,,
2023-11-20,Aruba,Cayman Islands,5.0,1.0,CONCACAF Nations League,False,1228.0,1063.5,264.5,H,2023,,,,,,,,,,,,
2023-11-20,Montserrat,Barbados,4.0,2.0,CONCACAF Nations League,False,1292.4,1149.5,242.9,H,2023,,,,,,,,,,,,
2023-11-20,Chad,Madagascar,0.0,3.0,FIFA World Cup qualification,True,1291.3,1404.3,-113.0,A,2023,,,,,,,,,,,,
2023-11-21,Somalia,Uganda,0.0,1.0,FIFA World Cup qualification,True,1014.8,1483.5,-468.7,A,2023,,,,,,,,,,,,
2023-11-21,Tanzania,Morocco,0.0,2.0,FIFA World Cup qualification,False,1472.2,1923.2,-351.0,A,2023,,,,,24.69,4.13,8234210.53,12581956.88,,,,
2023-11-21,Niger,Zambia,2.0,1.0,FIFA World Cup qualification,True,1326.5,1642.5,-316.0,H,2023,,,,,,,,,,,,
2023-11-21,Mauritius,Angola,0.0,0.0,FIFA World Cup qualification,False,1219.7,1511.2,-191.5,D,2023,,,,,,,,,,,,
2023-11-21,Libya,Cameroon,1.0,1.0,FIFA World Cup qualification,False,1466.1,1732.8,-166.7,D,2023,,,,,,,,,,,,
2023-11-21,South Sudan,Mauritania,0.0,0.0,FIFA World Cup qualification,True,1285.9,1508.3,-222.4,D,2023,,,,,,,,,,,,
2023-11-21,Rwanda,South Africa,2.0,0.0,FIFA World Cup qualification,False,1389.7,1648.1,-158.4,H,2023,,,,,26.12,3.53,692567.57,519838.36,,,,
2023-11-21,Lesotho,Benin,0.0,0.0,FIFA World Cup qualification,True,1340.8,1467.1,-126.3,D,2023,,,,,,,,,,,,
2023-11-21,Togo,Senegal,0.0,0.0,FIFA World Cup qualification,False,1495.5,1855.4,-259.9,D,2023,,,,,24.52,4.58,6836956.52,8846999.21,,,,
2023-11-21,Botswana,Guinea,1.0,0.0,FIFA World Cup qualification,False,1422.5,1564.7,-42.2,H,2023,,,,,,,,,,,,
2023-11-21,Ethiopia,Burkina Faso,0.0,3.0,FIFA World Cup qualification,True,1445.0,1658.3,-213.3,A,2023,,,,,,,,,,,,
2023-11-21,Eswatini,Cape Verde,0.0,2.0,FIFA World Cup qualification,True,1375.2,1576.8,-201.6,A,2023,,,,,26.67,4.0,897857.14,1170277.31,,,,
2023-11-21,Malawi,Tunisia,0.0,1.0,FIFA World Cup qualification,False,1479.1,1842.5,-263.4,A,2023,,,,,24.55,3.7,2218103.45,2602294.22,,,,
2023-11-21,Gibraltar,Netherlands,0.0,6.0,UEFA Euro qualification,True,1159.6,2043.1,-883.5,A,2023,,,,,24.5,4.06,18784722.22,17555186.08,,,,
2023-11-21,Comoros,Ghana,1.0,0.0,FIFA World Cup qualification,False,1386.6,1689.7,-203.1,H,2023,,,,,24.44,3.25,2889743.59,6518112.63,,,,
2023-11-21,Austria,Germany,2.0,0.0,Friendly,False,1867.9,1966.2,1.6,H,2023,25.26,4.16,8971052.63,10548157.93,26.69,3.69,25491428.57,24996278.25,-1.4299999999999997,0.4700000000000002,-16520375.94,-14448120.32
2023-11-21,Poland,Latvia,2.0,0.0,Friendly,False,1764.7,1405.5,459.2,H,2023,,,,,,,,,,,,
2023-11-21,Republic of Ireland,New Zealand,1.0,1.0,Friendly,False,1666.7,1684.2,82.4,D,2023,,,,,24.89,4.18,764583.33,1648877.72,,,,
2023-11-21,Greece,France,2.0,2.0,UEFA Euro qualification,False,1773.7,2183.7,-310.0,D,2023,,,,,24.5,3.81,41375000.0,33149047.87,,,,
2023-11-21,Wales,Turkey,1.0,1.0,UEFA Euro qualification,False,1752.8,1814.9,37.9,D,2023,,,,,24.56,3.66,8995714.29,8418791.66,,,,
2023-11-21,Croatia,Armenia,1.0,0.0,UEFA Euro qualification,False,2004.7,1524.2,580.4,H,2023,25.89,4.25,12635714.29,13970620.05,,,,,,,,
2023-11-21,Andorra,Israel,0.0,2.0,UEFA Euro qualification,False,1167.6,1646.5,-378.9,A,2023,,,,,,,,,,,,
2023-11-21,Kosovo,Belarus,0.0,1.0,UEFA Euro qualification,False,1588.1,1489.8,198.3,A,2023,,,,,,,,,,,,
2023-11-21,Romania,Switzerland,1.0,0.0,UEFA Euro qualification,False,1707.9,1876.7,-68.8,H,2023,,,,,26.49,3.47,7581578.95,8515090.48,,,,
2023-11-21,Tonga,Cook Islands,1.0,2.0,Pacific Games,True,1087.1,1220.0,-132.9,A,2023,,,,,,,,,,,,
2023-11-21,Fiji,Tahiti,0.0,0.0,Pacific Games,True,1523.8,1486.4,37.5,D,2023,,,,,,,,,,,,
2023-11-21,Bangladesh,Lebanon,1.0,1.0,FIFA World Cup qualification,False,1124.8,1453.0,-228.2,D,2023,,,,,,,,,,,,
2023-11-21,São Tomé and Príncipe,Namibia,0.0,2.0,FIFA World Cup qualification,True,1175.1,1566.5,-391.4,A,2023,,,,,,,,,,,,
2023-11-21,Palestine,Australia,0.0,1.0,FIFA World Cup qualification,True,1544.4,1880.3,-335.9,A,2023,,,,,26.59,3.8,1638970.59,1832279.91,,,,
2023-11-21,Singapore,Thailand,1.0,3.0,FIFA World Cup qualification,False,1306.1,1497.7,-91.6,A,2023,,,,,,,,,,,,
2023-11-21,Bahrain,United Arab Emirates,0.0,2.0,FIFA World Cup qualification,False,1610.2,1620.7,89.6,A,2023,,,,,,,,,,,,
2023-11-21,Nicaragua,Dominican Republic,0.0,0.0,CONCACAF Nations League,False,1532.0,1396.1,235.9,D,2023,,,,,,,,,,,,
2023-11-21,French Guiana,Bermuda,3.0,0.0,CONCACAF Nations League,True,1468.0,1371.9,96.1,H,2023,,,,,,,,,,,,
2023-11-21,Saint Vincent and the Grenadines,Belize,3.0,0.0,CONCACAF Nations League,False,1217.8,1290.7,27.1,H,2023,,,,,,,,,,,,
2023-11-21,Guyana,Antigua and Barbuda,6.0,0.0,CONCACAF Nations League,True,1464.0,1240.5,223.5,H,2023,,,,,,,,,,,,
2023-11-21,Puerto Rico,Bahamas,6.0,1.0,CONCACAF Nations League,False,1350.6,1094.0,356.6,H,2023,,,,,,,,,,,,
2023-11-21,Bonaire,Saint Martin,0.0,4.0,CONCACAF Nations League,False,1214.0,1202.9,111.1,A,2023,,,,,,,,,,,,
2023-11-21,Canada,Jamaica,2.0,3.0,CONCACAF Nations League,False,1850.4,1716.8,233.6,A,2023,25.39,4.48,5323571.43,13330897.17,,,,,,,,
2023-11-21,Mexico,Honduras,2.0,0.0,CONCACAF Nations League,False,1901.2,1662.5,338.7,H,2023,24.97,4.03,4386486.49,5556450.46,,,,,,,,
2023-11-21,Ecuador,Chile,1.0,0.0,FIFA World Cup qualification,False,1953.4,1782.3,271.1,H,2023,24.38,4.67,4346052.63,7438417.18,,,,,,,,
2023-11-21,Nepal,Yemen,0.0,2.0,FIFA World Cup qualification,False,1130.7,1230.1,0.6,A,2023,,,,,,,,,,,,
2023-11-21,Uruguay,Bolivia,3.0,0.0,FIFA World Cup qualification,False,2075.7,1684.7,491.0,H,2023,24.34,3.23,10867857.14,20053652.65,,,,,,,,
2023-11-21,Peru,Venezuela,1.0,1.0,FIFA World Cup qualification,False,1820.6,1831.5,89.1,D,2023,,,,,,,,,,,,
2023-11-21,Brazil,Argentina,0.0,1.0,FIFA World Cup qualification,False,2099.2,2180.2,19.0,A,2023,24.7,3.79,26521621.62,25985381.91,26.63,4.39,24177142.86,18079618.92,-1.9299999999999997,-0.5999999999999996,2344478.7600000016,7905762.989999998
2023-11-21,Paraguay,Colombia,0.0,1.0,FIFA World Cup qualification,False,1789.1,2032.8,-143.7,A,2023,26.17,4.4,2605147.06,2692703.78,25.05,4.04,4536805.56,6037157.76,1.120000000000001,0.3600000000000003,-1931658.4999999995,-3344453.98
2023-11-21,Afghanistan,Kuwait,0.0,4.0,FIFA World Cup qualification,True,1276.2,1450.3,-174.1,A,2023,,,,,,,,,,,,
2023-11-21,Jordan,Saudi Arabia,0.0,2.0,FIFA World Cup qualification,False,1675.0,1660.9,114.1,A,2023,28.61,4.14,569852.94,1322997.65,25.67,3.6,643750.0,707950.26,2.9399999999999977,0.5399999999999996,-73897.06000000006,615047.3899999999
2023-11-21,Pakistan,Tajikistan,1.0,6.0,FIFA World Cup qualification,False,1039.5,1492.0,-352.5,A,2023,,,,,,,,,,,,
2023-11-21,India,Qatar,0.0,3.0,FIFA World Cup qualification,False,1436.1,1640.7,-104.5,A,2023,,,,,27.25,3.58,487500.0,897409.47,,,,
2023-11-21,Philippines,Indonesia,1.0,1.0,FIFA World Cup qualification,False,1238.4,1441.1,-102.7,D,2023,,,,,,,,,,,,
2023-11-21,Hong Kong,Turkmenistan,2.0,2.0,FIFA World Cup qualification,False,1236.0,1369.2,-33.2,D,2023,,,,,,,,,,,,
2023-11-21,Uzbekistan,Iran,2.0,2.0,FIFA World Cup qualification,False,1746.6,1892.7,-46.2,D,2023,26.0,3.27,1214864.86,1206954.22,29.13,3.43,994736.84,829377.5,-3.129999999999999,-0.16000000000000014,220128.02000000014,377576.72
2023-11-21,Vietnam,Iraq,0.0,1.0,FIFA World Cup qualification,False,1550.7,1711.3,-60.6,A,2023,,,,,26.4,3.51,440909.09,264633.69,,,,
2023-11-21,Taiwan,Malaysia,0.0,1.0,FIFA World Cup qualification,False,1129.8,1485.7,-255.9,A,2023,,,,,,,,,,,,
2023-11-21,China,South Korea,0.0,3.0,FIFA World Cup qualification,False,1611.2,1874.8,-163.6,A,2023,,,,,28.29,3.79,4458108.11,10576998.97,,,,
2023-11-21,Syria,Japan,0.0,5.0,FIFA World Cup qualification,True,1555.4,1987.8,-432.4,A,2023,,,,,25.95,2.81,9033333.33,12105759.03,,,,
2023-11-21,Myanmar,North Korea,1.0,6.0,FIFA World Cup qualification,False,1113.4,1486.4,-273.0,A,2023,,,,,,,,,,,,
2023-11-21,Kyrgyzstan,Oman,1.0,0.0,FIFA World Cup qualification,False,1379.8,1694.4,-214.6,H,2023,,,,,,,,,,,,
2023-11-23,Vanuatu,Papua New Guinea,1.0,1.0,Pacific Games,True,1497.4,1476.5,20.9,D,2023,,,,,,,,,,,,
2023-11-23,Solomon Islands,American Samoa,11.0,0.0,Pacific Games,False,1601.3,1065.4,635.9,H,2023,,,,,,,,,,,,
2023-11-24,Cook Islands,New Caledonia,0.0,8.0,Pacific Games,True,1229.5,1537.5,-308.0,A,2023,,,,,,,,,,,,
2023-11-24,Northern Mariana Islands,Tahiti,0.0,5.0,Pacific Games,True,936.5,1488.0,-551.5,A,2023,,,,,,,,,,,,
2023-11-27,Cook Islands,Papua New Guinea,0.0,3.0,Pacific Games,True,1219.2,1477.4,-258.2,A,2023,,,,,,,,,,,,
2023-11-27,Northern Mariana Islands,American Samoa,4.0,0.0,Pacific Games,True,934.1,1063.3,-129.3,H,2023,,,,,,,,,,,,
2023-11-27,Tonga,Tuvalu,0.0,4.0,Pacific Games,True,1077.6,1188.9,-111.3,A,2023,,,,,,,,,,,,
2023-11-27,Tahiti,Samoa,2.0,1.0,Pacific Games,True,1490.4,1231.4,259.0,H,2023,,,,,,,,,,,,
2023-11-28,Solomon Islands,Fiji,2.0,0.0,Pacific Games,False,1603.4,1522.2,181.2,H,2023,,,,,,,,,,,,
2023-11-28,New Caledonia,Vanuatu,1.0,0.0,Pacific Games,True,1547.8,1496.5,51.4,H,2023,,,,,,,,,,,,
2023-11-30,American Samoa,Tonga,2.0,6.0,Pacific Games,True,1025.2,1058.2,-32.9,A,2023,,,,,,,,,,,,
2023-11-30,Northern Mariana Islands,Tuvalu,1.0,4.0,Pacific Games,True,972.2,1208.3,-236.1,A,2023,,,,,,,,,,,,
2023-11-30,Samoa,Cook Islands,3.0,0.0,Pacific Games,True,1225.8,1209.5,16.3,H,2023,,,,,,,,,,,,
2023-11-30,Tahiti,Papua New Guinea,2.0,0.0,Pacific Games,True,1495.9,1487.1,8.8,H,2023,,,,,,,,,,,,
2023-12-01,Vanuatu,Fiji,2.0,4.0,Pacific Games,True,1483.7,1510.5,-26.8,A,2023,,,,,,,,,,,,
2023-12-02,Solomon Islands,New Caledonia,2.0,2.0,Pacific Games,False,1615.1,1560.6,154.5,D,2023,,,,,,,,,,,,
2023-12-16,Mexico,Colombia,2.0,3.0,Friendly,True,1908.6,2044.9,-136.3,A,2023,24.97,4.03,4386486.49,5556450.46,25.05,4.04,4536805.56,6037157.76,-0.08000000000000185,-0.009999999999999787,-150319.06999999937,-480707.2999999998
2024-01-01,Japan,Thailand,5.0,0.0,Friendly,False,1993.9,1519.9,574.0,H,2024,25.18,3.3,8880263.16,13162219.36,,,,,,,,
2024-01-01,China,Hong Kong,1.0,2.0,Friendly,True,1591.5,1237.9,353.6,A,2024,,,,,,,,,,,,
2024-01-02,Indonesia,Libya,0.0,4.0,Friendly,True,1435.4,1475.0,-39.6,A,2024,,,,,,,,,,,,
2024-01-04,Tajikistan,Hong Kong,2.0,1.0,Friendly,True,1501.2,1255.6,245.6,H,2024,,,,,,,,,,,,
2024-01-04,Saudi Arabia,Lebanon,1.0,0.0,Friendly,True,1700.4,1441.5,258.9,H,2024,26.74,3.93,834868.42,771715.01,,,,,,,,
2024-01-05,Indonesia,Libya,1.0,2.0,Friendly,True,1418.8,1491.6,-72.9,A,2024,,,,,,,,,,,,
2024-01-05,Iran,Burkina Faso,2.0,1.0,Friendly,False,1890.1,1674.2,315.9,H,2024,26.76,4.22,975000.0,806812.21,,,,,,,,
2024-01-05,Kyrgyzstan,Syria,1.0,1.0,Friendly,True,1410.8,1549.3,-138.5,D,2024,,,,,,,,,,,,
2024-01-05,Qatar,Jordan,1.0,2.0,Friendly,False,1665.5,1635.5,129.9,A,2024,27.27,4.63,325000.0,180277.56,26.56,4.0,424264.71,978810.15,0.7100000000000009,0.6299999999999999,-99264.71000000002,-798532.5900000001
2024-01-05,Togo,Algeria,0.0,3.0,Friendly,False,1508.2,1832.5,-224.4,A,2024,,,,,27.18,4.3,5592763.16,8062745.12,,,,
2024-01-06,Mali,Guinea-Bissau,6.0,2.0,Friendly,False,1735.6,1521.3,314.3,H,2024,,,,,,,,,,,,
2024-01-06,Tunisia,Mauritania,0.0,0.0,Friendly,False,1849.7,1497.0,452.6,D,2024,26.08,4.1,1889743.59,3097624.8,,,,,,,,
2024-01-06,United Arab Emirates,Oman,0.0,1.0,Friendly,False,1658.2,1663.4,94.8,A,2024,,,,,,,,,,,,
2024-01-06,Ivory Coast,Sierra Leone,5.0,1.0,Friendly,False,1754.9,1441.0,413.9,H,2024,26.08,4.37,9739285.71,10784448.6,,,,,,,,
2024-01-06,Bahrain,Australia,0.0,2.0,Friendly,True,1572.7,1885.4,-312.7,A,2024,,,,,26.25,3.83,1424285.71,1872407.6,,,,
2024-01-06,Iraq,South Korea,0.0,1.0,Friendly,True,1727.8,1894.4,-166.6,A,2024,26.62,3.96,525694.44,683548.9,27.27,4.06,3181756.76,10155441.64,-0.6499999999999986,-0.09999999999999964,-2656062.32,-9471892.74
2024-01-06,DR Congo,Angola,0.0,0.0,Friendly,True,1612.5,1501.2,111.3,D,2024,25.92,3.27,3641176.47,5018677.92,,,,,,,,
2024-01-06,Mozambique,Lesotho,2.0,0.0,Friendly,True,1478.5,1347.7,130.7,H,2024,,,,,,,,,,,,
2024-01-07,Uzbekistan,Palestine,1.0,0.0,Friendly,True,1749.2,1539.3,209.9,H,2024,25.66,3.56,1050000.0,997966.68,,,,,,,,
2024-01-07,Egypt,Tanzania,2.0,0.0,Friendly,False,1792.5,1465.2,427.3,H,2024,27.5,3.82,2920000.0,10072765.26,,,,,,,,
2024-01-08,Nigeria,Guinea,0.0,2.0,Friendly,True,1689.6,1542.3,147.3,A,2024,,,,,,,,,,,,
2024-01-08,Botswana,Mozambique,1.0,1.0,Friendly,True,1445.0,1488.1,-43.1,D,2024,,,,,,,,,,,,
2024-01-08,Syria,Malaysia,2.0,2.0,Friendly,True,1545.5,1493.1,52.4,D,2024,,,,,,,,,,,,
2024-01-08,Senegal,Niger,1.0,0.0,Friendly,False,1842.7,1360.9,581.8,H,2024,24.78,4.82,8296052.63,8661153.3,,,,,,,,
2024-01-08,Ghana,Namibia,0.0,0.0,Friendly,False,1659.2,1572.2,187.0,D,2024,25.98,3.35,3496250.0,4006333.07,,,,,,,,
2024-01-09,Indonesia,Iran,0.0,5.0,Friendly,True,1410.8,1892.9,-482.1,A,2024,,,,,26.76,4.22,975000.0,806812.21,,,,
2024-01-09,Burundi,Algeria,0.0,4.0,Friendly,True,1451.9,1840.1,-388.2,A,2024,,,,,27.18,4.3,5592763.16,8062745.12,,,,
2024-01-09,Saudi Arabia,Palestine,0.0,0.0,Friendly,True,1704.1,1534.7,169.4,D,2024,26.74,3.93,834868.42,771715.01,,,,,,,,
2024-01-09,Kyrgyzstan,Vietnam,2.0,1.0,Friendly,True,1414.6,1534.1,-119.5,H,2024,,,,,,,,,,,,
2024-01-09,Zambia,Cameroon,1.0,1.0,Friendly,True,1608.1,1723.8,-115.7,D,2024,,,,,,,,,,,,
2024-01-09,Japan,Jordan,6.0,1.0,Friendly,True,1995.4,1649.1,346.3,H,2024,25.18,3.3,8880263.16,13162219.36,26.56,4.0,424264.71,978810.15,-1.379999999999999,-0.7000000000000002,8455998.45,12183409.209999999
2024-01-09,Equatorial Guinea,Djibouti,1.0,1.0,Friendly,False,1516.1,1080.1,536.0,D,2024,,,,,,,,,,,,
2024-01-10,South Africa,Lesotho,0.0,0.0,Friendly,False,1605.3,1338.1,367.1,D,2024,26.77,3.7,691025.64,440915.68,,,,,,,,
2024-01-10,DR Congo,Burkina Faso,1.0,2.0,Friendly,True,1609.4,1671.4,-62.0,A,2024,25.92,3.27,3641176.47,5018677.92,,,,,,,,
2024-01-10,Bahrain,Angola,0.0,3.0,Friendly,True,1568.4,1504.3,64.1,A,2024,,,,,,,,,,,,
2024-01-10,Saudi Arabia,Hong Kong,2.0,0.0,Friendly,True,1699.6,1251.7,447.9,H,2024,26.74,3.93,834868.42,771715.01,,,,,,,,
2024-01-10,Tunisia,Cape Verde,2.0,0.0,Friendly,False,1841.0,1591.1,349.9,H,2024,26.08,4.1,1889743.59,3097624.8,28.07,4.07,1327564.1,2933563.48,-1.990000000000002,0.02999999999999936,562179.49,164061.31999999983
2024-01-11,Morocco,Sierra Leone,3.0,1.0,Friendly,True,1930.2,1437.8,492.4,H,2024,25.05,4.63,10631944.44,13327598.52,,,,,,,,
2024-01-12,Kuwait,Libya,1.0,3.0,Friendly,True,1470.4,1499.5,-29.2,A,2024,,,,,,,,,,,,
2024-01-12,Sweden,Estonia,2.0,1.0,Friendly,True,1745.4,1424.6,320.8,H,2024,25.82,4.04,6963513.51,9761318.09,,,,,,,,
2024-01-12,Qatar,Lebanon,3.0,0.0,AFC Asian Cup,False,1651.9,1437.8,314.1,H,2024,27.27,4.63,325000.0,180277.56,,,,,,,,
2024-01-13,China,Tajikistan,0.0,0.0,AFC Asian Cup,True,1573.8,1505.2,68.7,D,2024,,,,,,,,,,,,
2024-01-13,Australia,India,2.0,0.0,AFC Asian Cup,True,1889.6,1411.4,478.3,H,2024,26.25,3.83,1424285.71,1872407.6,,,,,,,,
2024-01-13,Uzbekistan,Syria,0.0,0.0,AFC Asian Cup,True,1753.8,1544.0,209.8,D,2024,25.66,3.56,1050000.0,997966.68,,,,,,,,
2024-01-13,Ivory Coast,Guinea-Bissau,2.0,0.0,African Cup of Nations,False,1758.1,1516.1,342.0,H,2024,26.08,4.37,9739285.71,10784448.6,,,,,,,,
2024-01-13,Guatemala,Iceland,0.0,1.0,Friendly,True,1639.2,1532.7,106.5,A,2024,,,,,,,,,,,,
2024-01-14,Ghana,Cape Verde,1.0,2.0,African Cup of Nations,True,1654.3,1587.6,66.7,A,2024,25.98,3.35,3496250.0,4006333.07,28.07,4.07,1327564.1,2933563.48,-2.09,-0.7200000000000002,2168685.9,1072769.5899999999
2024-01-14,United Arab Emirates,Hong Kong,3.0,1.0,AFC Asian Cup,True,1645.6,1249.6,396.0,H,2024,,,,,,,,,,,,
2024-01-14,Iran,Palestine,4.0,1.0,AFC Asian Cup,True,1895.2,1539.3,356.0,H,2024,26.76,4.22,975000.0,806812.21,,,,,,,,
2024-01-14,Japan,Vietnam,4.0,2.0,AFC Asian Cup,True,2000.1,1520.8,479.3,H,2024,25.18,3.3,8880263.16,13162219.36,,,,,,,,
2024-01-14,Nigeria,Equatorial Guinea,1.0,1.0,African Cup of Nations,True,1668.6,1507.0,161.6,D,2024,,,,,,,,,,,,
2024-01-14,Egypt,Mozambique,2.0,2.0,African Cup of Nations,True,1794.9,1486.8,308.1,D,2024,27.5,3.82,2920000.0,10072765.26,,,,,,,,
2024-01-15,Algeria,Angola,1.0,1.0,African Cup of Nations,True,1843.7,1525.0,318.7,D,2024,27.18,4.3,5592763.16,8062745.12,,,,,,,,
2024-01-15,Cameroon,Guinea,1.0,1.0,African Cup of Nations,True,1720.6,1563.3,157.3,D,2024,,,,,,,,,,,,
2024-01-15,Senegal,Gambia,3.0,0.0,African Cup of Nations,True,1843.4,1515.6,327.8,H,2024,24.78,4.82,8296052.63,8661153.3,,,,,,,,
2024-01-15,Indonesia,Iraq,1.0,3.0,AFC Asian Cup,True,1408.5,1722.3,-313.8,A,2024,,,,,26.62,3.96,525694.44,683548.9,,,,
2024-01-15,South Korea,Bahrain,3.0,1.0,AFC Asian Cup,True,1899.9,1547.7,352.2,H,2024,27.27,4.06,3181756.76,10155441.64,,,,,,,,
2024-01-15,Malaysia,Jordan,0.0,4.0,AFC Asian Cup,True,1494.6,1644.3,-149.7,A,2024,,,,,26.56,4.0,424264.71,978810.15,,,,
2024-01-16,Tunisia,Namibia,0.0,1.0,African Cup of Nations,True,1844.6,1577.1,267.4,A,2024,26.08,4.1,1889743.59,3097624.8,,,,,,,,
2024-01-16,Thailand,Kyrgyzstan,2.0,0.0,AFC Asian Cup,True,1518.5,1427.9,90.6,H,2024,,,,,,,,,,,,
2024-01-16,Saudi Arabia,Oman,2.0,1.0,AFC Asian Cup,True,1701.7,1676.1,25.6,H,2024,26.74,3.93,834868.42,771715.01,,,,,,,,
2024-01-16,Burkina Faso,Mauritania,1.0,0.0,African Cup of Nations,True,1679.6,1505.6,174.0,H,2024,,,,,,,,,,,,
2024-01-16,Mali,South Africa,2.0,0.0,African Cup of Nations,True,1740.9,1597.4,143.5,H,2024,,,,,26.77,3.7,691025.64,440915.68,,,,
2024-01-17,Qatar,Tajikistan,1.0,0.0,AFC Asian Cup,False,1664.2,1510.0,254.2,H,2024,27.27,4.63,325000.0,180277.56,,,,,,,,
2024-01-17,Honduras,Iceland,0.0,2.0,Friendly,True,1655.0,1545.7,109.3,A,2024,,,,,,,,,,,,
2024-01-17,DR Congo,Zambia,1.0,1.0,African Cup of Nations,True,1601.1,1611.3,-10.2,D,2024,25.92,3.27,3641176.47,5018677.92,,,,,,,,
2024-01-17,Lebanon,China,0.0,0.0,AFC Asian Cup,True,1425.5,1569.0,-143.5,D,2024,,,,,,,,,,,,
2024-01-17,Morocco,Tanzania,3.0,0.0,African Cup of Nations,True,1931.9,1462.8,469.1,H,2024,25.05,4.63,10631944.44,13327598.52,,,,,,,,
2024-01-18,Syria,Australia,0.0,1.0,AFC Asian Cup,True,1557.5,1894.1,-336.6,A,2024,,,,,26.25,3.83,1424285.71,1872407.6,,,,
2024-01-18,India,Uzbekistan,0.0,3.0,AFC Asian Cup,True,1406.9,1740.3,-333.5,A,2024,,,,,25.66,3.56,1050000.0,997966.68,,,,
2024-01-18,Palestine,United Arab Emirates,1.0,1.0,AFC Asian Cup,True,1529.3,1652.5,-123.3,D,2024,,,,,,,,,,,,
2024-01-18,Equatorial Guinea,Guinea-Bissau,4.0,2.0,African Cup of Nations,True,1517.8,1506.9,11.0,H,2024,,,,,,,,,,,,
2024-01-18,Ivory Coast,Nigeria,0.0,1.0,African Cup of Nations,False,1767.3,1657.7,209.5,A,2024,26.08,4.37,9739285.71,10784448.6,,,,,,,,
2024-01-18,Egypt,Ghana,2.0,2.0,African Cup of Nations,True,1777.2,1624.5,152.6,D,2024,27.5,3.82,2920000.0,10072765.26,25.98,3.35,3496250.0,4006333.07,1.5199999999999996,0.46999999999999975,-576250.0,6066432.1899999995
2024-01-19,Vietnam,Indonesia,0.0,1.0,AFC Asian Cup,True,1516.3,1397.9,118.4,A,2024,,,,,,,,,,,,
2024-01-19,Hong Kong,Iran,0.0,1.0,AFC Asian Cup,True,1242.6,1905.2,-662.6,A,2024,,,,,26.76,4.22,975000.0,806812.21,,,,
2024-01-19,Iraq,Japan,2.0,1.0,AFC Asian Cup,True,1732.8,2004.6,-271.8,H,2024,26.62,3.96,525694.44,683548.9,25.18,3.3,8880263.16,13162219.36,1.4400000000000013,0.6600000000000001,-8354568.720000001,-12478670.459999999
2024-01-19,Cape Verde,Mozambique,3.0,0.0,African Cup of Nations,True,1617.3,1504.6,112.7,H,2024,28.07,4.07,1327564.1,2933563.48,,,,,,,,
2024-01-19,Senegal,Cameroon,3.0,1.0,African Cup of Nations,True,1854.9,1710.0,144.9,H,2024,24.78,4.82,8296052.63,8661153.3,,,,,,,,
2024-01-19,Guinea,Gambia,1.0,0.0,African Cup of Nations,True,1573.9,1504.1,69.8,H,2024,,,,,,,,,,,,
2024-01-19,Kuwait,Uganda,0.0,2.0,Friendly,True,1456.6,1486.1,-29.4,A,2024,,,,,,,,,,,,
2024-01-20,Mauritania,Angola,2.0,3.0,African Cup of Nations,True,1492.2,1543.1,-50.9,A,2024,,,,,,,,,,,,
2024-01-20,Algeria,Burkina Faso,2.0,2.0,African Cup of Nations,True,1825.6,1693.1,132.5,D,2024,27.18,4.3,5592763.16,8062745.12,,,,,,,,
2024-01-20,Tunisia,Mali,1.0,1.0,African Cup of Nations,True,1803.4,1763.7,39.7,D,2024,26.08,4.1,1889743.59,3097624.8,,,,,,,,
2024-01-20,Jordan,South Korea,2.0,2.0,AFC Asian Cup,True,1672.1,1908.7,-236.5,D,2024,26.56,4.0,424264.71,978810.15,27.27,4.06,3181756.76,10155441.64,-0.7100000000000009,-0.05999999999999961,-2757492.05,-9176631.49
2024-01-20,Bahrain,Malaysia,1.0,0.0,AFC Asian Cup,True,1539.0,1466.8,72.2,H,2024,,,,,,,,,,,,
2024-01-20,United States,Slovenia,0.0,1.0,Friendly,False,1876.8,1758.2,218.6,A,2024,24.08,3.7,6193055.56,6525443.29,,,,,,,,
2024-01-21,Zambia,Tanzania,1.0,1.0,African Cup of Nations,True,1610.6,1457.3,153.3,D,2024,,,,,,,,,,,,
2024-01-21,Morocco,DR Congo,1.0,1.0,African Cup of Nations,True,1937.4,1601.9,335.5,D,2024,25.05,4.63,10631944.44,13327598.52,25.92,3.27,3641176.47,5018677.92,-0.870000000000001,1.3599999999999999,6990767.969999999,8308920.6
2024-01-21,South Africa,Namibia,4.0,0.0,African Cup of Nations,True,1574.6,1618.3,-43.7,H,2024,26.77,3.7,691025.64,440915.68,,,,,,,,
2024-01-21,Kyrgyzstan,Saudi Arabia,0.0,2.0,AFC Asian Cup,True,1400.0,1724.9,-324.9,A,2024,,,,,26.74,3.93,834868.42,771715.01,,,,
2024-01-21,Oman,Thailand,0.0,0.0,AFC Asian Cup,True,1652.9,1546.5,106.5,D,2024,,,,,,,,,,,,
2024-01-22,Qatar,China,1.0,0.0,AFC Asian Cup,False,1673.6,1559.2,214.4,H,2024,27.27,4.63,325000.0,180277.56,,,,,,,,
2024-01-22,Tajikistan,Lebanon,2.0,1.0,AFC Asian Cup,True,1500.6,1435.2,65.4,H,2024,,,,,,,,,,,,
2024-01-22,Guinea-Bissau,Nigeria,0.0,1.0,African Cup of Nations,True,1470.6,1696.2,-225.6,A,2024,,,,,,,,,,,,
2024-01-22,Ivory Coast,Equatorial Guinea,0.0,4.0,African Cup of Nations,False,1728.8,1554.1,274.6,A,2024,26.08,4.37,9739285.71,10784448.6,,,,,,,,
2024-01-22,Cape Verde,Egypt,2.0,2.0,African Cup of Nations,True,1647.3,1766.8,-119.5,D,2024,28.07,4.07,1327564.1,2933563.48,27.5,3.82,2920000.0,10072765.26,0.5700000000000003,0.25000000000000044,-1592435.9,-7139201.779999999
2024-01-22,Mozambique,Ghana,2.0,2.0,African Cup of Nations,True,1474.5,1634.9,-160.3,D,2024,,,,,25.98,3.35,3496250.0,4006333.07,,,,
2024-01-23,Mauritania,Algeria,1.0,0.0,African Cup of Nations,True,1470.8,1816.5,-345.6,H,2024,,,,,27.18,4.3,5592763.16,8062745.12,,,,
2024-01-23,Angola,Burkina Faso,2.0,0.0,African Cup of Nations,True,1564.5,1702.2,-137.7,H,2024,,,,,,,,,,,,
2024-01-23,Guinea,Senegal,0.0,2.0,African Cup of Nations,True,1593.9,1877.6,-283.7,A,2024,,,,,24.78,4.82,8296052.63,8661153.3,,,,
2024-01-23,Gambia,Cameroon,2.0,3.0,African Cup of Nations,True,1484.0,1687.3,-203.3,A,2024,,,,,,,,,,,,
2024-01-23,Australia,Uzbekistan,1.0,1.0,AFC Asian Cup,True,1900.4,1751.5,148.9,D,2024,26.25,3.83,1424285.71,1872407.6,25.66,3.56,1050000.0,997966.68,0.5899999999999999,0.27,374285.70999999996,874440.92
2024-01-23,Hong Kong,Palestine,0.0,3.0,AFC Asian Cup,True,1241.5,1537.8,-296.2,A,2024,,,,,,,,,,,,
2024-01-23,Syria,India,1.0,0.0,AFC Asian Cup,True,1551.2,1395.7,155.5,H,2024,,,,,,,,,,,,
2024-01-23,Iran,United Arab Emirates,2.0,1.0,AFC Asian Cup,True,1906.3,1644.0,262.3,H,2024,26.76,4.22,975000.0,806812.21,,,,,,,,
2024-01-24,Tanzania,DR Congo,0.0,0.0,African Cup of Nations,True,1467.7,1620.5,-152.8,D,2024,,,,,25.92,3.27,3641176.47,5018677.92,,,,
2024-01-24,South Africa,Tunisia,0.0,0.0,African Cup of Nations,True,1627.3,1800.6,-173.2,D,2024,26.77,3.7,691025.64,440915.68,26.08,4.1,1889743.59,3097624.8,0.6900000000000013,-0.39999999999999947,-1198717.9500000002,-2656709.1199999996
2024-01-24,Zambia,Morocco,0.0,1.0,African Cup of Nations,True,1600.2,1918.7,-318.5,A,2024,,,,,25.05,4.63,10631944.44,13327598.52,,,,
2024-01-24,Japan,Indonesia,3.0,1.0,AFC Asian Cup,True,1963.3,1431.1,532.2,H,2024,25.18,3.3,8880263.16,13162219.36,,,,,,,,
2024-01-24,Iraq,Vietnam,3.0,2.0,AFC Asian Cup,True,1774.2,1483.1,291.1,H,2024,26.62,3.96,525694.44,683548.9,,,,,,,,
2024-01-24,Namibia,Mali,0.0,0.0,African Cup of Nations,True,1565.6,1766.6,-201.0,D,2024,,,,,,,,,,,,
2024-01-25,Jordan,Bahrain,0.0,1.0,AFC Asian Cup,True,1686.9,1558.9,128.1,A,2024,26.56,4.0,424264.71,978810.15,,,,,,,,
2024-01-25,South Korea,Malaysia,3.0,3.0,AFC Asian Cup,True,1893.9,1446.9,447.0,D,2024,27.27,4.06,3181756.76,10155441.64,,,,,,,,
2024-01-25,Kyrgyzstan,Oman,1.0,1.0,AFC Asian Cup,True,1390.0,1645.5,-255.5,D,2024,,,,,,,,,,,,
2024-01-25,Saudi Arabia,Thailand,0.0,0.0,AFC Asian Cup,True,1734.9,1553.9,181.0,D,2024,26.74,3.93,834868.42,771715.01,,,,,,,,
2024-01-27,Angola,Namibia,3.0,0.0,African Cup of Nations,True,1616.1,1578.6,37.5,H,2024,,,,,,,,,,,,
2024-01-27,Nigeria,Cameroon,2.0,0.0,African Cup of Nations,True,1706.9,1699.2,7.8,H,2024,,,,,,,,,,,,
2024-01-28,Egypt,DR Congo,1.0,1.0,African Cup of Nations,True,1758.6,1610.2,148.4,D,2024,27.5,3.82,2920000.0,10072765.26,25.92,3.27,3641176.47,5018677.92,1.5799999999999983,0.5499999999999998,-721176.4700000002,5054087.34
2024-01-28,Equatorial Guinea,Guinea,0.0,1.0,African Cup of Nations,True,1631.9,1581.7,50.2,A,2024,,,,,,,,,,,,
2024-01-28,Australia,Indonesia,4.0,0.0,AFC Asian Cup,True,1890.3,1427.7,462.6,H,2024,26.25,3.83,1424285.71,1872407.6,,,,,,,,
2024-01-28,Tajikistan,United Arab Emirates,1.0,1.0,AFC Asian Cup,True,1521.0,1635.0,-114.0,D,2024,,,,,,,,,,,,
2024-01-29,Iraq,Jordan,2.0,3.0,AFC Asian Cup,True,1782.1,1653.1,129.0,A,2024,26.62,3.96,525694.44,683548.9,26.56,4.0,424264.71,978810.15,0.060000000000002274,-0.040000000000000036,101429.72999999992,-295261.25
2024-01-29,Qatar,Palestine,2.0,1.0,AFC Asian Cup,False,1684.9,1551.2,233.6,H,2024,27.27,4.63,325000.0,180277.56,,,,,,,,
2024-01-29,Cape Verde,Mauritania,1.0,0.0,African Cup of Nations,True,1655.6,1514.8,140.8,H,2024,28.07,4.07,1327564.1,2933563.48,,,,,,,,
2024-01-29,Ivory Coast,Senegal,1.0,1.0,African Cup of Nations,False,1651.0,1889.9,-138.9,D,2024,26.08,4.37,9739285.71,10784448.6,24.78,4.82,8296052.63,8661153.3,1.2999999999999972,-0.4500000000000002,1443233.080000001,2123295.299999999
2024-01-30,Saudi Arabia,South Korea,1.0,1.0,AFC Asian Cup,True,1722.9,1872.4,-149.5,D,2024,26.74,3.93,834868.42,771715.01,27.27,4.06,3181756.76,10155441.64,-0.5300000000000011,-0.12999999999999945,-2346888.34,-9383726.63
2024-01-30,Uzbekistan,Thailand,2.0,1.0,AFC Asian Cup,True,1761.6,1565.9,195.8,H,2024,25.66,3.56,1050000.0,997966.68,,,,,,,,
2024-01-30,Mali,Burkina Faso,2.0,1.0,African Cup of Nations,True,1753.5,1650.5,103.0,H,2024,,,,,,,,,,,,
2024-01-30,Morocco,South Africa,0.0,2.0,African Cup of Nations,True,1925.6,1638.9,286.8,A,2024,25.05,4.63,10631944.44,13327598.52,26.77,3.7,691025.64,440915.68,-1.7199999999999989,0.9299999999999997,9940918.799999999,12886682.84
2024-01-31,Bahrain,Japan,1.0,3.0,AFC Asian Cup,True,1592.7,1966.6,-373.9,A,2024,,,,,25.18,3.3,8880263.16,13162219.36,,,,
2024-01-31,Iran,Syria,1.0,1.0,AFC Asian Cup,True,1915.4,1565.7,349.6,D,2024,26.76,4.22,975000.0,806812.21,,,,,,,,
2024-02-02,Nigeria,Angola,1.0,0.0,African Cup of Nations,True,1743.6,1655.1,88.4,H,2024,,,,,,,,,,,,
2024-02-02,DR Congo,Guinea,3.0,1.0,African Cup of Nations,True,1620.3,1610.3,10.0,H,2024,25.92,3.27,3641176.47,5018677.92,,,,,,,,
2024-02-02,Australia,South Korea,1.0,2.0,AFC Asian Cup,True,1896.4,1862.3,34.2,A,2024,26.25,3.83,1424285.71,1872407.6,27.27,4.06,3181756.76,10155441.64,-1.0199999999999996,-0.22999999999999954,-1757471.0499999998,-8283034.040000001
2024-02-02,Tajikistan,Jordan,0.0,1.0,AFC Asian Cup,True,1528.9,1687.0,-158.1,A,2024,,,,,26.56,4.0,424264.71,978810.15,,,,
2024-02-03,Iran,Japan,2.0,1.0,AFC Asian Cup,True,1896.2,1974.4,-78.2,H,2024,26.76,4.22,975000.0,806812.21,25.18,3.3,8880263.16,13162219.36,1.5800000000000018,0.9199999999999999,-7905263.16,-12355407.149999999
2024-02-03,Qatar,Uzbekistan,1.0,1.0,AFC Asian Cup,False,1695.2,1773.9,21.4,D,2024,27.27,4.63,325000.0,180277.56,25.66,3.56,1050000.0,997966.68,1.6099999999999994,1.0699999999999998,-725000.0,-817689.1200000001
2024-02-03,Cape Verde,South Africa,0.0,0.0,African Cup of Nations,True,1671.0,1701.8,-30.8,D,2024,28.07,4.07,1327564.1,2933563.48,26.77,3.7,691025.64,440915.68,1.3000000000000007,0.3700000000000001,636538.4600000001,2492647.8
2024-02-03,Ivory Coast,Mali,2.0,1.0,African Cup of Nations,False,1660.5,1771.3,-10.8,H,2024,26.08,4.37,9739285.71,10784448.6,,,,,,,,
2024-02-03,Costa Rica,El Salvador,2.0,0.0,Friendly,False,1687.9,1533.5,254.4,H,2024,,,,,,,,,,,,
2024-02-06,Jordan,South Korea,2.0,0.0,AFC Asian Cup,True,1701.3,1889.7,-188.4,H,2024,26.56,4.0,424264.71,978810.15,27.27,4.06,3181756.76,10155441.64,-0.7100000000000009,-0.05999999999999961,-2757492.05,-9176631.49
2024-02-07,Nigeria,South Africa,1.0,1.0,African Cup of Nations,True,1762.3,1699.6,62.8,D,2024,,,,,26.77,3.7,691025.64,440915.68,,,,
2024-02-07,Qatar,Iran,3.0,2.0,AFC Asian Cup,False,1693.7,1926.8,-133.1,H,2024,27.27,4.63,325000.0,180277.56,26.76,4.22,975000.0,806812.21,0.509999999999998,0.41000000000000014,-650000.0,-626534.6499999999
2024-02-07,Ivory Coast,DR Congo,1.0,0.0,African Cup of Nations,False,1686.3,1656.7,129.6,H,2024,26.08,4.37,9739285.71,10784448.6,25.92,3.27,3641176.47,5018677.92,0.1599999999999966,1.1,6098109.24,5765770.68
2024-02-10,Qatar,Jordan,3.0,1.0,AFC Asian Cup,False,1727.8,1757.4,70.4,H,2024,27.27,4.63,325000.0,180277.56,26.56,4.0,424264.71,978810.15,0.7100000000000009,0.6299999999999999,-99264.71000000002,-798532.5900000001
2024-02-10,South Africa,DR Congo,0.0,0.0,African Cup of Nations,True,1704.0,1640.6,63.4,D,2024,26.77,3.7,691025.64,440915.68,25.92,3.27,3641176.47,5018677.92,0.8499999999999979,0.43000000000000016,-2950150.83,-4577762.24
2024-02-11,Ivory Coast,Nigeria,2.0,1.0,African Cup of Nations,False,1702.4,1757.9,44.5,H,2024,26.08,4.37,9739285.71,10784448.6,,,,,,,,
2024-03-01,Trinidad and Tobago,Jamaica,0.0,1.0,Friendly,False,1591.7,1748.5,-56.8,A,2024,,,,,,,,,,,,
2024-03-03,Trinidad and Tobago,Jamaica,0.0,0.0,Friendly,False,1583.3,1756.9,-73.6,D,2024,,,,,,,,,,,,
2024-03-14,Kazakhstan,Turkmenistan,2.0,0.0,Friendly,True,1530.7,1367.3,163.3,H,2024,,,,,,,,,,,,
2024-03-18,Solomon Islands,Fiji,2.0,1.0,Friendly,False,1608.9,1531.2,177.6,H,2024,,,,,,,,,,,,
2024-03-20,Tonga,Samoa,1.0,4.0,Oceania Nations Cup qualification,False,1083.6,1250.9,-67.2,A,2024,,,,,,,,,,,,
2024-03-20,Djibouti,Liberia,0.0,2.0,African Cup of Nations qualification,True,1089.2,1417.3,-328.1,A,2024,,,,,,,,,,,,
2024-03-20,Somalia,Eswatini,0.0,3.0,African Cup of Nations qualification,True,1012.3,1360.9,-348.6,A,2024,,,,,,,,,,,,
2024-03-20,Bonaire,El Salvador,1.0,1.0,Friendly,True,1164.9,1527.9,-362.9,D,2024,,,,,,,,,,,,
2024-03-20,San Marino,Saint Kitts and Nevis,1.0,3.0,Friendly,False,860.0,1289.6,-329.6,A,2024,,,,,,,,,,,,
2024-03-21,United Arab Emirates,Yemen,2.0,1.0,FIFA World Cup qualification,False,1627.0,1260.1,466.9,H,2024,,,,,,,,,,,,
2024-03-21,Hong Kong,Uzbekistan,0.0,2.0,FIFA World Cup qualification,False,1228.1,1775.4,-447.3,A,2024,,,,,25.66,3.56,1050000.0,997966.68,,,,
2024-03-21,Indonesia,Vietnam,1.0,0.0,FIFA World Cup qualification,False,1421.6,1475.2,46.4,H,2024,,,,,,,,,,,,
2024-03-21,Iraq,Philippines,1.0,0.0,FIFA World Cup qualification,False,1748.2,1244.2,604.0,H,2024,26.62,3.96,525694.44,683548.9,,,,,,,,
2024-03-21,Pakistan,Jordan,0.0,3.0,FIFA World Cup qualification,False,1030.2,1727.4,-597.2,A,2024,,,,,26.56,4.0,424264.71,978810.15,,,,
2024-03-21,Saudi Arabia,Tajikistan,1.0,0.0,FIFA World Cup qualification,False,1733.0,1514.6,318.5,H,2024,26.74,3.93,834868.42,771715.01,,,,,,,,
2024-03-21,Bahrain,Nepal,5.0,0.0,FIFA World Cup qualification,False,1584.9,1100.6,584.2,H,2024,,,,,,,,,,,,
2024-03-21,Australia,Lebanon,2.0,0.0,FIFA World Cup qualification,False,1869.0,1414.9,554.1,H,2024,26.25,3.83,1424285.71,1872407.6,,,,,,,,
2024-03-21,Iran,Turkmenistan,5.0,0.0,FIFA World Cup qualification,False,1892.6,1358.9,633.7,H,2024,26.76,4.22,975000.0,806812.21,,,,,,,,
2024-03-21,Cyprus,Latvia,1.0,1.0,Friendly,False,1373.2,1403.5,69.7,D,2024,,,,,,,,,,,,
2024-03-21,Ecuador,Guatemala,2.0,0.0,Friendly,True,1960.3,1626.3,334.1,H,2024,24.45,4.92,6852631.58,15947318.48,,,,,,,,
2024-03-21,Ethiopia,Lesotho,1.0,2.0,Friendly,False,1429.1,1346.0,183.1,A,2024,,,,,,,,,,,,
2024-03-21,Malta,Slovenia,2.0,2.0,Friendly,False,1301.2,1773.7,-372.5,D,2024,,,,,,,,,,,,
2024-03-21,Montenegro,Belarus,2.0,0.0,Friendly,True,1599.5,1520.1,79.4,H,2024,,,,,,,,,,,,
2024-03-21,Portugal,Sweden,5.0,2.0,Friendly,False,2091.6,1748.1,443.5,H,2024,25.46,4.27,29807692.31,24666590.97,25.82,4.04,6963513.51,9761318.09,-0.35999999999999943,0.22999999999999954,22844178.799999997,14905272.879999999
2024-03-21,Solomon Islands,Fiji,0.0,2.0,Friendly,False,1614.2,1526.0,188.2,A,2024,,,,,,,,,,,,
2024-03-21,Venezuela,Italy,1.0,2.0,Friendly,True,1836.5,1996.0,-159.5,A,2024,,,,,,,,,,,,
2024-03-21,Palestine,Bangladesh,5.0,0.0,FIFA World Cup qualification,True,1540.9,1136.4,404.5,H,2024,,,,,,,,,,,,
2024-03-21,Oman,Malaysia,2.0,0.0,FIFA World Cup qualification,False,1629.8,1468.4,261.5,H,2024,,,,,,,,,,,,
2024-03-21,Belize,Puerto Rico,1.0,1.0,Friendly,False,1258.4,1359.7,-1.3,D,2024,,,,,,,,,,,,
2024-03-21,Singapore,China,2.0,2.0,FIFA World Cup qualification,False,1283.8,1547.9,-164.1,D,2024,,,,,,,,,,,,
2024-03-21,South Africa,Andorra,1.0,1.0,FIFA Series,True,1699.5,1161.5,538.0,D,2024,26.77,3.7,691025.64,440915.68,,,,,,,,
2024-03-21,Cape Verde,Guyana,1.0,0.0,FIFA Series,True,1673.2,1482.4,190.9,H,2024,28.07,4.07,1327564.1,2933563.48,,,,,,,,
2024-03-21,Guinea,Vanuatu,6.0,0.0,FIFA Series,True,1573.8,1462.9,110.9,H,2024,,,,,,,,,,,,
2024-03-21,Panama,Mexico,0.0,3.0,CONCACAF Nations League,True,1887.4,1902.4,-15.0,A,2024,26.41,4.02,698611.11,953719.77,24.23,3.93,4553676.47,5774335.12,2.1799999999999997,0.08999999999999941,-3855065.36,-4820615.35
2024-03-21,United States,Jamaica,3.0,1.0,CONCACAF Nations League,False,1861.2,1754.8,206.4,H,2024,24.08,3.7,6193055.56,6525443.29,,,,,,,,
2024-03-21,Gibraltar,Lithuania,0.0,1.0,UEFA Nations League,True,1159.1,1368.3,-209.2,A,2024,,,,,,,,,,,,
2024-03-21,Poland,Estonia,5.0,1.0,UEFA Euro qualification,False,1766.7,1421.8,444.9,H,2024,,,,,,,,,,,,
2024-03-21,Wales,Finland,4.0,1.0,UEFA Euro qualification,False,1750.6,1690.9,159.7,H,2024,,,,,,,,,,,,
2024-03-21,Taiwan,Kyrgyzstan,0.0,2.0,FIFA World Cup qualification,False,1122.3,1405.6,-183.3,A,2024,,,,,,,,,,,,
2024-03-21,Bosnia and Herzegovina,Ukraine,1.0,2.0,UEFA Euro qualification,False,1536.2,1896.0,-259.8,A,2024,26.9,4.34,3343589.74,4487677.99,,,,,,,,
2024-03-21,Georgia,Luxembourg,2.0,0.0,UEFA Euro qualification,False,1695.9,1568.6,227.3,H,2024,,,,,,,,,,,,
2024-03-21,Greece,Kazakhstan,5.0,0.0,UEFA Euro qualification,False,1787.9,1539.1,348.8,H,2024,,,,,,,,,,,,
2024-03-21,Qatar,Kuwait,3.0,0.0,FIFA World Cup qualification,False,1757.8,1442.9,414.9,H,2024,27.27,4.63,325000.0,180277.56,,,,,,,,
2024-03-21,Afghanistan,India,0.0,0.0,FIFA World Cup qualification,True,1256.0,1381.2,-125.1,D,2024,,,,,,,,,,,,
2024-03-21,Myanmar,Syria,1.0,1.0,FIFA World Cup qualification,False,1099.6,1584.8,-385.2,D,2024,,,,,,,,,,,,
2024-03-21,Japan,North Korea,1.0,0.0,FIFA World Cup qualification,False,1943.9,1500.1,543.7,H,2024,25.18,3.3,8880263.16,13162219.36,,,,,,,,
2024-03-21,South Korea,Thailand,1.0,1.0,FIFA World Cup qualification,False,1833.7,1553.6,380.1,D,2024,27.27,4.06,3181756.76,10155441.64,,,,,,,,
2024-03-21,Israel,Iceland,1.0,4.0,UEFA Euro qualification,True,1652.5,1565.3,87.3,A,2024,,,,,,,,,,,,
2024-03-22,Armenia,Kosovo,0.0,1.0,Friendly,False,1522.9,1557.7,65.1,A,2024,,,,,,,,,,,,
2024-03-22,Morocco,Angola,1.0,0.0,Friendly,False,1862.7,1636.4,326.3,H,2024,25.05,4.63,10631944.44,13327598.52,,,,,,,,
2024-03-22,Netherlands,Scotland,4.0,0.0,Friendly,False,2043.6,1848.7,294.9,H,2024,25.16,3.95,26594594.59,18764125.43,27.91,4.42,6661428.57,9997571.75,-2.75,-0.46999999999999975,19933166.02,8766553.68
2024-03-22,Niger,Togo,1.0,2.0,Friendly,True,1360.2,1500.6,-140.4,A,2024,,,,,,,,,,,,
2024-03-22,Nigeria,Ghana,2.0,1.0,Friendly,True,1736.1,1624.1,112.0,H,2024,,,,,25.98,3.35,3496250.0,4006333.07,,,,
2024-03-22,North Macedonia,Moldova,1.0,1.0,Friendly,True,1622.7,1389.5,233.2,D,2024,,,,,,,,,,,,
2024-03-22,Spain,Colombia,0.0,1.0,Friendly,True,2087.6,2051.2,36.4,A,2024,24.97,4.27,29397368.42,22672618.39,26.62,3.83,7905128.21,11942575.18,-1.6500000000000021,0.4399999999999995,21492240.21,10730043.21
2024-03-22,Peru,Nicaragua,2.0,0.0,Friendly,False,1815.6,1520.2,395.4,H,2024,,,,,,,,,,,,
2024-03-22,Romania,Northern Ireland,1.0,1.0,Friendly,False,1731.8,1540.1,291.7,D,2024,,,,,,,,,,,,
2024-03-22,Senegal,Gabon,3.0,0.0,Friendly,True,1880.4,1552.4,328.0,H,2024,24.78,4.82,8296052.63,8661153.3,,,,,,,,
2024-03-22,Mauritania,Mali,0.0,2.0,Friendly,True,1499.4,1745.6,-246.1,A,2024,,,,,,,,,,,,
2024-03-22,Chad,Mauritius,1.0,0.0,African Cup of Nations qualification,True,1267.3,1229.7,37.5,H,2024,,,,,,,,,,,,
2024-03-22,São Tomé and Príncipe,South Sudan,1.0,1.0,African Cup of Nations qualification,True,1169.4,1297.2,-127.7,D,2024,,,,,,,,,,,,
2024-03-22,Norway,Czech Republic,1.0,2.0,Friendly,False,1797.4,1807.9,89.4,A,2024,25.89,2.91,15213513.51,31328556.72,26.58,3.29,5272500.0,5233019.56,-0.6899999999999977,-0.3799999999999999,9941013.51,26095537.16
2024-03-22,Liechtenstein,Faroe Islands,0.0,4.0,Friendly,True,1017.6,1311.7,-294.1,A,2024,,,,,,,,,,,,
2024-03-22,Sri Lanka,Papua New Guinea,0.0,0.0,FIFA Series,False,935.0,1465.2,-430.2,D,2024,,,,,,,,,,,,
2024-03-22,Comoros,Uganda,4.0,0.0,Friendly,True,1417.2,1499.8,-82.6,H,2024,,,,,,,,,,,,
2024-03-22,Algeria,Bolivia,3.0,2.0,FIFA Series,False,1772.5,1680.8,191.7,H,2024,27.18,4.3,5592763.16,8062745.12,,,,,,,,
2024-03-22,Azerbaijan,Mongolia,1.0,0.0,FIFA Series,False,1549.3,1074.2,575.0,H,2024,,,,,,,,,,,,
2024-03-22,Bulgaria,Tanzania,1.0,0.0,FIFA Series,True,1513.5,1478.0,35.4,H,2024,,,,,,,,,,,,
2024-03-22,Egypt,New Zealand,1.0,0.0,FIFA Series,False,1748.5,1686.6,161.9,H,2024,27.5,3.82,2920000.0,10072765.26,26.42,4.4,882638.89,1683774.9,1.0799999999999983,-0.5800000000000005,2037361.1099999999,8388990.36
2024-03-22,Hungary,Turkey,1.0,0.0,Friendly,False,1886.2,1817.1,169.2,H,2024,,,,,26.26,3.38,10855263.16,11453491.71,,,,
2024-03-22,Brunei,Bermuda,0.0,2.0,FIFA Series,True,848.0,1346.4,-498.4,A,2024,,,,,,,,,,,,
2024-03-22,Equatorial Guinea,Cambodia,2.0,0.0,FIFA Series,True,1603.3,1051.3,552.0,H,2024,,,,,,,,,,,,
2024-03-22,Anguilla,Turks and Caicos Islands,0.0,0.0,FIFA World Cup qualification,False,852.2,1023.2,-71.0,D,2024,,,,,,,,,,,,
2024-03-22,United States Virgin Islands,British Virgin Islands,1.0,1.0,FIFA World Cup qualification,False,922.4,963.3,59.0,D,2024,,,,,,,,,,,,
2024-03-22,Albania,Chile,0.0,3.0,Friendly,True,1680.5,1775.3,-94.8,A,2024,,,,,,,,,,,,
2024-03-22,Argentina,El Salvador,3.0,0.0,Friendly,True,2201.3,1520.1,681.2,H,2024,26.03,5.32,21604545.45,19802656.55,,,,,,,,
2024-03-22,Burkina Faso,Libya,1.0,2.0,Friendly,True,1632.7,1513.3,119.4,A,2024,,,,,,,,,,,,
2024-03-22,Central African Republic,Bhutan,6.0,0.0,FIFA Series,True,1421.3,889.2,532.1,H,2024,,,,,,,,,,,,
2024-03-23,France,Germany,0.0,2.0,Friendly,False,2169.4,1951.3,318.1,A,2024,25.77,3.83,45714285.71,32841238.39,27.17,4.51,25833333.33,26399179.28,-1.4000000000000021,-0.6799999999999997,19880952.380000003,6442059.109999999
2024-03-23,Slovakia,Austria,0.0,2.0,Friendly,False,1711.1,1882.8,-71.7,A,2024,,,,,27.39,3.54,6571052.63,6418144.83,,,,
2024-03-23,Republic of Ireland,Belgium,0.0,0.0,Friendly,False,1664.3,2049.8,-285.4,D,2024,,,,,26.05,4.75,15520512.82,12641936.31,,,,
2024-03-23,Ivory Coast,Benin,2.0,2.0,Friendly,True,1724.2,1460.1,264.1,D,2024,26.08,4.37,9739285.71,10784448.6,,,,,,,,
2024-03-23,Samoa,Cook Islands,1.0,0.0,Oceania Nations Cup qualification,True,1279.2,1184.5,94.7,H,2024,,,,,,,,,,,,
2024-03-23,Dominican Republic,Aruba,2.0,0.0,Friendly,False,1407.9,1241.5,266.4,H,2024,,,,,,,,,,,,
2024-03-23,Denmark,Switzerland,0.0,0.0,Friendly,False,1879.3,1852.8,126.5,D,2024,,,,,27.35,3.74,8278378.38,9010328.46,,,,
2024-03-23,Costa Rica,Honduras,3.0,1.0,Copa América qualification,True,1693.5,1635.4,58.1,H,2024,,,,,,,,,,,,
2024-03-23,Canada,Trinidad and Tobago,2.0,0.0,Copa América qualification,True,1818.7,1585.4,233.3,H,2024,24.38,3.48,5783108.11,13522066.62,,,,,,,,
2024-03-23,Tunisia,Croatia,0.0,0.0,FIFA Series,True,1789.0,2006.0,-217.0,D,2024,26.08,4.1,1889743.59,3097624.8,26.61,4.35,11324242.42,14363801.94,-0.5300000000000011,-0.25,-9434498.83,-11266177.14
2024-03-23,England,Brazil,0.0,1.0,Friendly,False,2079.1,2078.1,101.0,A,2024,26.34,4.57,40442857.14,38121004.98,26.29,3.7,24100000.0,22686845.11,0.05000000000000071,0.8700000000000001,16342857.14,15434159.869999997
2024-03-24,Suriname,Martinique,1.0,1.0,Friendly,True,1476.2,1570.9,-94.7,D,2024,,,,,,,,,,,,
2024-03-24,San Marino,Saint Kitts and Nevis,0.0,0.0,Friendly,False,856.1,1293.6,-337.5,D,2024,,,,,,,,,,,,
2024-03-24,Guatemala,Venezuela,0.0,0.0,Friendly,True,1622.4,1830.8,-208.3,D,2024,,,,,,,,,,,,
2024-03-24,Ethiopia,Lesotho,2.0,1.0,Friendly,False,1414.3,1360.8,153.5,H,2024,,,,,,,,,,,,
2024-03-24,Belize,Puerto Rico,3.0,0.0,Friendly,False,1258.4,1359.7,-1.2,H,2024,,,,,,,,,,,,
2024-03-24,United States,Mexico,2.0,0.0,CONCACAF Nations League,False,1875.2,1935.9,39.4,H,2024,24.08,3.7,6193055.56,6525443.29,24.23,3.93,4553676.47,5774335.12,-0.15000000000000213,-0.22999999999999998,1639379.0899999999,751108.1699999999
2024-03-24,Jamaica,Panama,1.0,0.0,CONCACAF Nations League,True,1740.8,1853.9,-113.1,H,2024,,,,,26.41,4.02,698611.11,953719.77,,,,
2024-03-24,Ecuador,Italy,0.0,2.0,Friendly,True,1964.2,2001.7,-37.5,A,2024,24.45,4.92,6852631.58,15947318.48,,,,,,,,
2024-03-25,Comoros,Angola,0.0,0.0,Friendly,True,1440.3,1633.7,-193.4,D,2024,,,,,,,,,,,,
2024-03-25,Sweden,Albania,1.0,0.0,Friendly,False,1745.6,1667.6,178.0,H,2024,25.82,4.04,6963513.51,9761318.09,,,,,,,,
2024-03-25,Montenegro,North Macedonia,1.0,0.0,Friendly,True,1611.1,1616.8,-5.7,H,2024,,,,,,,,,,,,
2024-03-25,Gabon,Congo,1.0,1.0,Friendly,True,1547.8,1386.9,160.8,D,2024,,,,,,,,,,,,
2024-03-25,Cyprus,Serbia,0.0,1.0,Friendly,False,1371.2,1858.7,-387.5,A,2024,,,,,,,,,,,,
2024-03-25,Sri Lanka,Bhutan,2.0,0.0,FIFA Series,False,947.6,886.4,161.2,H,2024,,,,,,,,,,,,
2024-03-25,Central African Republic,Papua New Guinea,4.0,0.0,FIFA Series,True,1424.2,1452.5,-28.3,H,2024,,,,,,,,,,,,
2024-03-25,Bermuda,Guinea,1.0,5.0,FIFA Series,True,1348.8,1595.9,-247.1,A,2024,,,,,,,,,,,,
2024-03-25,Cape Verde,Equatorial Guinea,1.0,0.0,FIFA Series,True,1680.7,1605.1,75.6,H,2024,28.07,4.07,1327564.1,2933563.48,,,,,,,,
2024-03-25,Tanzania,Mongolia,3.0,0.0,FIFA Series,True,1464.6,1073.2,391.4,H,2024,,,,,,,,,,,,
2024-03-25,Azerbaijan,Bulgaria,1.0,1.0,FIFA Series,False,1550.3,1526.9,123.4,D,2024,,,,,,,,,,,,
2024-03-25,Bolivia,Andorra,1.0,0.0,FIFA Series,True,1673.3,1175.2,498.1,H,2024,,,,,,,,,,,,
2024-03-26,Malta,Belarus,0.0,0.0,Friendly,False,1309.1,1508.5,-99.4,D,2024,,,,,,,,,,,,
2024-03-26,Latvia,Liechtenstein,1.0,1.0,Friendly,True,1405.5,1011.8,393.7,D,2024,,,,,,,,,,,,
2024-03-26,Ivory Coast,Uruguay,2.0,1.0,Friendly,True,1717.8,2079.6,-361.8,H,2024,26.08,4.37,9739285.71,10784448.6,24.11,3.24,8326515.15,16462405.45,1.9699999999999989,1.13,1412770.5600000005,-5677956.85
2024-03-26,Hungary,Kosovo,2.0,0.0,Friendly,False,1891.7,1569.6,422.1,H,2024,,,,,,,,,,,,
2024-03-26,Germany,Netherlands,2.0,1.0,Friendly,False,1977.1,2049.4,27.7,H,2024,27.17,4.51,25833333.33,26399179.28,25.16,3.95,26594594.59,18764125.43,2.0100000000000016,0.5599999999999996,-761261.2600000016,7635053.8500000015
2024-03-26,El Salvador,Honduras,1.0,1.0,Friendly,True,1519.4,1610.4,-91.0,D,2024,,,,,,,,,,,,
2024-03-26,England,Belgium,2.0,2.0,Friendly,False,2066.3,2043.0,123.2,D,2024,26.34,4.57,40442857.14,38121004.98,26.05,4.75,15520512.82,12641936.31,0.28999999999999915,-0.17999999999999972,24922344.32,25479068.669999994
2024-03-26,Morocco,Mauritania,0.0,0.0,Friendly,False,1865.3,1493.6,471.8,D,2024,25.05,4.63,10631944.44,13327598.52,,,,,,,,
2024-03-26,Denmark,Faroe Islands,2.0,0.0,Friendly,False,1875.8,1317.5,658.3,H,2024,,,,,,,,,,,,
2024-03-26,Colombia,Romania,3.0,2.0,Friendly,True,2062.3,1725.0,337.3,H,2024,26.62,3.83,7905128.21,11942575.18,,,,,,,,
2024-03-26,Czech Republic,Armenia,2.0,1.0,Friendly,False,1820.4,1511.0,409.4,H,2024,26.58,3.29,5272500.0,5233019.56,,,,,,,,
2024-03-26,France,Chile,3.0,2.0,Friendly,False,2143.5,1788.2,455.4,H,2024,25.77,3.83,45714285.71,32841238.39,,,,,,,,
2024-03-26,Nicaragua,Cuba,0.0,1.0,Friendly,False,1517.4,1439.5,177.9,A,2024,,,,,,,,,,,,
2024-03-26,South Sudan,São Tomé and Príncipe,0.0,0.0,African Cup of Nations qualification,True,1290.1,1176.5,113.7,D,2024,,,,,,,,,,,,
2024-03-26,Peru,Dominican Republic,4.0,1.0,Friendly,False,1818.3,1413.2,505.1,H,2024,,,,,,,,,,,,
2024-03-26,Republic of Ireland,Switzerland,0.0,1.0,Friendly,False,1671.1,1856.3,-85.2,A,2024,,,,,27.35,3.74,8278378.38,9010328.46,,,,
2024-03-26,Scotland,Northern Ireland,0.0,1.0,Friendly,False,1842.9,1546.9,396.0,A,2024,27.91,4.42,6661428.57,9997571.75,,,,,,,,
2024-03-26,Senegal,Benin,1.0,0.0,Friendly,True,1885.0,1466.5,418.5,H,2024,24.78,4.82,8296052.63,8661153.3,,,,,,,,
2024-03-26,Slovenia,Portugal,2.0,0.0,Friendly,False,1765.8,2094.1,-228.3,H,2024,,,,,25.46,4.27,29807692.31,24666590.97,,,,
2024-03-26,Spain,Brazil,3.0,3.0,Friendly,False,2076.6,2090.9,85.7,D,2024,24.97,4.27,29397368.42,22672618.39,26.29,3.7,24100000.0,22686845.11,-1.3200000000000003,0.5699999999999994,5297368.420000002,-14226.719999998808
2024-03-26,Finland,Estonia,2.0,1.0,Friendly,False,1670.9,1416.4,354.5,H,2024,,,,,,,,,,,,
2024-03-26,Liberia,Djibouti,0.0,0.0,African Cup of Nations qualification,False,1425.2,1081.3,443.9,D,2024,,,,,,,,,,,,
2024-03-26,Eswatini,Somalia,2.0,2.0,African Cup of Nations qualification,True,1369.2,1004.0,365.2,D,2024,,,,,,,,,,,,
2024-03-26,Mauritius,Chad,1.0,2.0,African Cup of Nations qualification,False,1211.9,1285.1,26.8,A,2024,,,,,,,,,,,,
2024-03-26,Tonga,Cook Islands,0.0,1.0,Oceania Nations Cup qualification,False,1055.3,1169.8,-14.5,A,2024,,,,,,,,,,,,
2024-03-26,Austria,Turkey,6.0,1.0,Friendly,False,1894.7,1811.6,183.2,H,2024,27.39,3.54,6571052.63,6418144.83,26.26,3.38,10855263.16,11453491.71,1.129999999999999,0.16000000000000014,-4284210.53,-5035346.880000001
2024-03-26,Norway,Slovakia,1.0,1.0,Friendly,False,1784.8,1699.2,185.7,D,2024,25.89,2.91,15213513.51,31328556.72,,,,,,,,
2024-03-26,Argentina,Costa Rica,3.0,1.0,Friendly,True,2201.9,1718.5,483.4,H,2024,26.03,5.32,21604545.45,19802656.55,,,,,,,,
2024-03-26,Bahrain,Nepal,3.0,0.0,FIFA World Cup qualification,False,1587.6,1098.0,589.6,H,2024,,,,,,,,,,,,
2024-03-26,British Virgin Islands,United States Virgin Islands,0.0,0.0,FIFA World Cup qualification,False,966.7,919.0,147.7,D,2024,,,,,,,,,,,,
2024-03-26,Algeria,South Africa,3.0,3.0,FIFA Series,False,1780.0,1685.8,194.1,D,2024,27.18,4.3,5592763.16,8062745.12,26.77,3.7,691025.64,440915.68,0.41000000000000014,0.5999999999999996,4901737.5200000005,7621829.44
2024-03-26,Egypt,Croatia,2.0,4.0,FIFA Series,False,1757.0,1997.7,-140.8,A,2024,27.5,3.82,2920000.0,10072765.26,26.61,4.35,11324242.42,14363801.94,0.8900000000000006,-0.5299999999999998,-8404242.42,-4291036.68
2024-03-26,New Zealand,Tunisia,0.0,0.0,FIFA Series,True,1678.1,1797.3,-119.3,D,2024,26.42,4.4,882638.89,1683774.9,26.08,4.1,1889743.59,3097624.8,0.3400000000000034,0.3000000000000007,-1007104.7000000001,-1413849.9
2024-03-26,Cambodia,Guyana,1.0,4.0,FIFA Series,True,1049.5,1474.9,-425.3,A,2024,,,,,,,,,,,,
2024-03-26,Brunei,Vanuatu,3.0,2.0,FIFA Series,True,845.6,1440.9,-595.3,H,2024,,,,,,,,,,,,
2024-03-26,Lithuania,Gibraltar,1.0,0.0,UEFA Nations League,False,1377.5,1149.8,327.7,H,2024,,,,,,,,,,,,
2024-03-26,Ukraine,Iceland,2.0,1.0,UEFA Euro qualification,True,1903.3,1608.9,294.4,H,2024,,,,,,,,,,,,
2024-03-26,Georgia,Greece,0.0,0.0,UEFA Euro qualification,False,1708.7,1797.4,11.3,D,2024,,,,,,,,,,,,
2024-03-26,India,Afghanistan,1.0,2.0,FIFA World Cup qualification,False,1374.3,1263.0,211.3,A,2024,,,,,,,,,,,,
2024-03-26,Kuwait,Qatar,1.0,2.0,FIFA World Cup qualification,False,1437.0,1763.7,-226.7,A,2024,,,,,27.27,4.63,325000.0,180277.56,,,,
2024-03-26,Syria,Myanmar,7.0,0.0,FIFA World Cup qualification,True,1568.8,1115.7,453.1,H,2024,,,,,,,,,,,,
2024-03-26,Thailand,South Korea,0.0,3.0,FIFA World Cup qualification,False,1569.6,1817.7,-148.1,A,2024,,,,,27.27,4.06,3181756.76,10155441.64,,,,
2024-03-26,Wales,Poland,0.0,0.0,UEFA Euro qualification,False,1770.6,1772.1,98.5,D,2024,,,,,,,,,,,,
2024-03-26,Kyrgyzstan,Taiwan,5.0,1.0,FIFA World Cup qualification,False,1421.1,1106.8,414.3,H,2024,,,,,,,,,,,,
2024-03-26,Malaysia,Oman,0.0,2.0,FIFA World Cup qualification,False,1457.5,1640.7,-83.3,A,2024,,,,,,,,,,,,
2024-03-26,Uzbekistan,Hong Kong,3.0,0.0,FIFA World Cup qualification,False,1779.6,1223.8,655.8,H,2024,25.66,3.56,1050000.0,997966.68,,,,,,,,
2024-03-26,Turkmenistan,Iran,0.0,1.0,FIFA World Cup qualification,False,1356.9,1894.7,-437.8,A,2024,,,,,26.76,4.22,975000.0,806812.21,,,,
2024-03-26,Philippines,Iraq,0.0,5.0,FIFA World Cup qualification,False,1243.0,1749.4,-406.4,A,2024,,,,,26.62,3.96,525694.44,683548.9,,,,
2024-03-26,Vietnam,Indonesia,0.0,3.0,FIFA World Cup qualification,False,1457.9,1439.0,118.9,A,2024,,,,,,,,,,,,
2024-03-26,China,Singapore,4.0,1.0,FIFA World Cup qualification,False,1539.1,1292.6,346.5,H,2024,,,,,,,,,,,,
2024-03-26,Tajikistan,Saudi Arabia,1.0,1.0,FIFA World Cup qualification,False,1509.0,1738.6,-129.5,D,2024,,,,,26.74,3.93,834868.42,771715.01,,,,
2024-03-26,Jordan,Pakistan,7.0,0.0,FIFA World Cup qualification,False,1729.6,1028.0,801.6,H,2024,26.56,4.0,424264.71,978810.15,,,,,,,,
2024-03-26,Turks and Caicos Islands,Anguilla,1.0,1.0,FIFA World Cup qualification,False,1019.2,856.2,263.0,D,2024,,,,,,,,,,,,
2024-03-26,Yemen,United Arab Emirates,0.0,3.0,FIFA World Cup qualification,True,1257.6,1629.6,-372.0,A,2024,,,,,,,,,,,,
2024-03-26,Bangladesh,Palestine,0.0,1.0,FIFA World Cup qualification,False,1129.3,1548.0,-318.7,A,2024,,,,,,,,,,,,
2024-03-26,Australia,Lebanon,5.0,0.0,FIFA World Cup qualification,False,1871.4,1412.5,558.8,H,2024,26.25,3.83,1424285.71,1872407.6,,,,,,,,
2024-04-06,Northern Mariana Islands,Guam,2.0,2.0,Marianas Cup,False,961.5,968.2,93.2,D,2024,,,,,,,,,,,,
2024-04-07,Northern Mariana Islands,Guam,2.0,1.0,Marianas Cup,False,957.5,972.2,85.4,H,2024,,,,,,,,,,,,
2024-04-14,Trinidad and Tobago,Guyana,2.0,1.0,Friendly,False,1573.0,1479.0,193.9,H,2024,,,,,,,,,,,,
2024-04-16,Trinidad and Tobago,Guyana,2.0,0.0,Friendly,False,1577.9,1474.1,203.8,H,2024,,,,,,,,,,,,
2024-04-26,Grenada,Saint Vincent and the Grenadines,0.0,3.0,Friendly,False,1267.2,1250.0,117.2,A,2024,,,,,,,,,,,,
2024-04-26,Guatemala,Nicaragua,1.0,1.0,Friendly,True,1627.8,1502.7,125.1,D,2024,,,,,,,,,,,,
2024-05-21,Galicia,Panama,0.0,2.0,Friendly,False,1537.6,1827.6,-190.0,A,2024,,,,,26.41,4.02,698611.11,953719.77,,,,
2024-05-21,Basque Country,Uruguay,1.0,1.0,Friendly,False,1788.6,2061.8,-173.2,D,2024,,,,,24.11,3.24,8326515.15,16462405.45,,,,
2024-05-31,Bolivia,Mexico,0.0,1.0,Friendly,True,1674.9,1909.2,-234.3,A,2024,,,,,24.23,3.93,4553676.47,5774335.12,,,,
2024-05-31,Costa Rica,Uruguay,0.0,0.0,Friendly,False,1716.8,2057.2,-240.4,D,2024,,,,,24.11,3.24,8326515.15,16462405.45,,,,
2024-06-01,Greenland,Turkmenistan,0.0,5.0,Friendly,True,1492.9,1353.9,139.0,A,2024,,,,,,,,,,,,
2024-06-02,Indonesia,Tanzania,0.0,0.0,Friendly,False,1485.5,1469.5,116.0,D,2024,,,,,,,,,,,,
2024-06-03,Gibraltar,Scotland,0.0,2.0,Friendly,True,1144.6,1824.8,-680.2,A,2024,,,,,27.91,4.42,6661428.57,9997571.75,,,,
2024-06-03,England,Bosnia and Herzegovina,3.0,0.0,Friendly,False,2062.8,1528.8,634.0,H,2024,26.34,4.57,40442857.14,38121004.98,26.9,4.34,3343589.74,4487677.99,-0.5599999999999987,0.23000000000000043,37099267.4,33633326.989999995
2024-06-03,Germany,Ukraine,0.0,0.0,Friendly,False,1986.3,1909.5,176.8,D,2024,27.17,4.51,25833333.33,26399179.28,,,,,,,,
2024-06-03,Albania,Liechtenstein,3.0,0.0,Friendly,True,1662.4,1019.9,642.5,H,2024,,,,,,,,,,,,
2024-06-03,Croatia,North Macedonia,3.0,0.0,Friendly,False,2011.6,1606.7,504.9,H,2024,26.61,4.35,11324242.42,14363801.94,,,,,,,,
2024-06-04,Switzerland,Estonia,4.0,0.0,Friendly,False,1863.9,1414.1,549.7,H,2024,27.35,3.74,8278378.38,9010328.46,,,,,,,,
2024-06-04,Austria,Serbia,2.0,1.0,Friendly,False,1905.1,1860.6,144.4,H,2024,27.39,3.54,6571052.63,6418144.83,,,,,,,,
2024-06-04,Italy,Turkey,0.0,0.0,Friendly,False,2015.1,1801.2,313.8,D,2024,,,,,26.26,3.38,10855263.16,11453491.71,,,,
2024-06-04,Portugal,Finland,4.0,2.0,Friendly,False,2070.5,1673.2,497.3,H,2024,25.46,4.27,29807692.31,24666590.97,,,,,,,,
2024-06-04,Republic of Ireland,Hungary,2.0,1.0,Friendly,False,1663.5,1894.1,-130.7,H,2024,,,,,,,,,,,,
2024-06-04,Romania,Bulgaria,0.0,0.0,Friendly,False,1722.5,1532.0,290.4,D,2024,,,,,,,,,,,,
2024-06-04,Slovenia,Armenia,2.0,1.0,Friendly,False,1789.5,1509.3,380.2,H,2024,,,,,,,,,,,,
2024-06-05,Central African Republic,Chad,1.0,0.0,FIFA World Cup qualification,True,1454.6,1306.7,147.9,H,2024,,,,,,,,,,,,
2024-06-05,Trinidad and Tobago,Grenada,2.0,2.0,FIFA World Cup qualification,False,1585.0,1244.0,440.9,D,2024,,,,,,,,,,,,
2024-06-05,Curaçao,Barbados,4.0,1.0,FIFA World Cup qualification,False,1502.9,1137.6,465.3,H,2024,25.76,4.71,741071.43,974798.84,,,,,,,,
2024-06-05,Antigua and Barbuda,Bermuda,1.0,1.0,FIFA World Cup qualification,False,1222.1,1337.9,-15.8,D,2024,,,,,,,,,,,,
2024-06-05,Guatemala,Dominica,6.0,0.0,FIFA World Cup qualification,False,1624.4,1233.9,490.4,H,2024,,,,,,,,,,,,
2024-06-05,Suriname,Saint Vincent and the Grenadines,4.0,1.0,FIFA World Cup qualification,False,1478.8,1273.2,305.6,H,2024,,,,,,,,,,,,
2024-06-05,Tunisia,Equatorial Guinea,1.0,0.0,FIFA World Cup qualification,False,1792.4,1593.3,299.1,H,2024,26.08,4.1,1889743.59,3097624.8,,,,,,,,
2024-06-05,Nicaragua,Montserrat,4.0,1.0,FIFA World Cup qualification,False,1506.1,1304.3,301.9,H,2024,,,,,,,,,,,,
2024-06-05,Namibia,Liberia,1.0,1.0,FIFA World Cup qualification,True,1539.5,1408.1,131.5,D,2024,,,,,,,,,,,,
2024-06-05,Sierra Leone,Djibouti,2.0,1.0,FIFA World Cup qualification,True,1436.2,1098.5,337.7,H,2024,,,,,,,,,,,,
2024-06-05,Spain,Andorra,5.0,0.0,Friendly,False,2074.1,1173.6,1000.5,H,2024,24.97,4.27,29397368.42,22672618.39,,,,,,,,
2024-06-05,San Marino,Slovakia,0.0,4.0,Friendly,True,863.6,1704.0,-840.5,A,2024,,,,,,,,,,,,
2024-06-05,Norway,Kosovo,3.0,0.0,Friendly,False,1779.9,1567.2,312.8,H,2024,25.89,2.91,15213513.51,31328556.72,,,,,,,,
2024-06-05,Mexico,Uruguay,0.0,4.0,Friendly,True,1913.4,2051.2,-137.8,A,2024,24.23,3.93,4553676.47,5774335.12,24.11,3.24,8326515.15,16462405.45,0.120000000000001,0.69,-3772838.6800000006,-10688070.329999998
2024-06-05,France,Luxembourg,3.0,0.0,Friendly,False,2144.9,1555.8,689.1,H,2024,25.77,3.83,45714285.71,32841238.39,,,,,,,,
2024-06-05,Denmark,Sweden,2.0,1.0,Friendly,False,1876.5,1750.9,225.6,H,2024,,,,,25.82,4.04,6963513.51,9761318.09,,,,
2024-06-05,Belgium,Montenegro,2.0,0.0,Friendly,False,2046.4,1621.3,525.2,H,2024,26.05,4.75,15520512.82,12641936.31,,,,,,,,
2024-06-05,Togo,South Sudan,1.0,1.0,FIFA World Cup qualification,False,1506.8,1283.8,323.0,D,2024,,,,,,,,,,,,
2024-06-06,Pakistan,Saudi Arabia,0.0,3.0,FIFA World Cup qualification,False,1027.1,1731.4,-604.3,A,2024,,,,,26.74,3.93,834868.42,771715.01,,,,
2024-06-06,Uzbekistan,Turkmenistan,3.0,1.0,FIFA World Cup qualification,False,1781.2,1381.5,499.7,H,2024,25.66,3.56,1050000.0,997966.68,,,,,,,,
2024-06-06,Hong Kong,Iran,2.0,4.0,FIFA World Cup qualification,False,1222.3,1897.7,-575.4,A,2024,,,,,26.76,4.22,975000.0,806812.21,,,,
2024-06-06,Indonesia,Iraq,0.0,2.0,FIFA World Cup qualification,False,1482.3,1756.4,-174.1,A,2024,,,,,26.62,3.96,525694.44,683548.9,,,,
2024-06-06,Vietnam,Philippines,3.0,2.0,FIFA World Cup qualification,False,1411.4,1235.9,275.4,H,2024,,,,,,,,,,,,
2024-06-06,Jordan,Tajikistan,3.0,0.0,FIFA World Cup qualification,False,1730.5,1516.2,314.3,H,2024,26.56,4.0,424264.71,978810.15,,,,,,,,
2024-06-06,Nepal,United Arab Emirates,0.0,4.0,FIFA World Cup qualification,True,1095.7,1637.0,-541.3,A,2024,,,,,,,,,,,,
2024-06-06,Kyrgyzstan,Malaysia,1.0,1.0,FIFA World Cup qualification,False,1427.4,1434.5,92.9,D,2024,,,,,,,,,,,,
2024-06-06,Bangladesh,Australia,0.0,2.0,FIFA World Cup qualification,False,1123.8,1874.4,-650.7,A,2024,,,,,26.25,3.83,1424285.71,1872407.6,,,,
2024-06-06,Palestine,Lebanon,0.0,0.0,FIFA World Cup qualification,True,1553.5,1409.4,144.1,D,2024,,,,,,,,,,,,
2024-06-06,Costa Rica,Saint Kitts and Nevis,4.0,0.0,FIFA World Cup qualification,False,1722.8,1286.1,536.7,H,2024,,,,,,,,,,,,
2024-06-06,Haiti,Saint Lucia,2.0,1.0,FIFA World Cup qualification,True,1646.7,1341.1,305.5,H,2024,25.31,3.98,681481.48,853901.52,,,,,,,,
2024-06-06,Panama,Guyana,2.0,0.0,FIFA World Cup qualification,False,1835.1,1467.0,468.1,H,2024,26.41,4.02,698611.11,953719.77,,,,,,,,
2024-06-06,Jamaica,Dominican Republic,1.0,0.0,FIFA World Cup qualification,False,1767.1,1411.4,455.7,H,2024,,,,,,,,,,,,
2024-06-06,El Salvador,Puerto Rico,0.0,0.0,FIFA World Cup qualification,False,1522.0,1342.1,279.8,D,2024,,,,,,,,,,,,
2024-06-06,Bahrain,Yemen,0.0,0.0,FIFA World Cup qualification,False,1589.8,1250.2,439.6,D,2024,,,,,,,,,,,,
2024-06-06,Taiwan,Oman,0.0,3.0,FIFA World Cup qualification,False,1100.5,1663.7,-463.2,A,2024,,,,,,,,,,,,
2024-06-06,Honduras,Cuba,3.0,1.0,FIFA World Cup qualification,False,1607.8,1454.2,253.7,H,2024,,,,,,,,,,,,
2024-06-06,China,Thailand,1.0,1.0,FIFA World Cup qualification,False,1547.5,1548.7,98.8,D,2024,,,,,,,,,,,,
2024-06-06,Gibraltar,Wales,0.0,0.0,Friendly,True,1144.0,1765.1,-621.1,D,2024,,,,,,,,,,,,
2024-06-06,Netherlands,Canada,4.0,0.0,Friendly,False,2040.2,1831.1,309.1,H,2024,25.16,3.95,26594594.59,18764125.43,24.38,3.48,5783108.11,13522066.62,0.7800000000000011,0.4700000000000002,20811486.48,5242058.8100000005
2024-06-06,Guinea-Bissau,Ethiopia,0.0,0.0,FIFA World Cup qualification,False,1459.8,1420.1,139.7,D,2024,,,,,,,,,,,,
2024-06-06,Mauritania,Sudan,0.0,2.0,FIFA World Cup qualification,False,1502.3,1439.9,162.4,A,2024,,,,,,,,,,,,
2024-06-06,Singapore,South Korea,0.0,7.0,FIFA World Cup qualification,False,1284.2,1838.6,-454.4,A,2024,,,,,27.27,4.06,3181756.76,10155441.64,,,,
2024-06-06,Senegal,DR Congo,1.0,1.0,FIFA World Cup qualification,False,1886.7,1645.1,341.5,D,2024,24.78,4.82,8296052.63,8661153.3,25.92,3.27,3641176.47,5018677.92,-1.1400000000000006,1.5500000000000003,4654876.16,3642475.380000001
2024-06-06,Benin,Rwanda,1.0,0.0,FIFA World Cup qualification,True,1464.9,1432.5,32.4,H,2024,,,,,,,,,,,,
2024-06-06,Egypt,Burkina Faso,2.0,1.0,FIFA World Cup qualification,False,1743.1,1619.4,223.7,H,2024,27.5,3.82,2920000.0,10072765.26,,,,,,,,
2024-06-06,Algeria,Guinea,1.0,2.0,FIFA World Cup qualification,False,1772.4,1606.8,265.6,A,2024,27.18,4.3,5592763.16,8062745.12,,,,,,,,
2024-06-06,Malawi,São Tomé and Príncipe,3.0,1.0,FIFA World Cup qualification,False,1471.9,1182.8,389.1,H,2024,,,,,,,,,,,,
2024-06-06,Mali,Ghana,1.0,2.0,FIFA World Cup qualification,False,1751.4,1617.2,234.2,A,2024,,,,,25.98,3.35,3496250.0,4006333.07,,,,
2024-06-06,Afghanistan,Qatar,0.0,0.0,FIFA World Cup qualification,True,1293.8,1772.2,-478.4,D,2024,,,,,27.27,4.63,325000.0,180277.56,,,,
2024-06-06,India,Kuwait,0.0,0.0,FIFA World Cup qualification,False,1343.4,1428.5,14.9,D,2024,,,,,,,,,,,,
2024-06-06,Myanmar,Japan,0.0,5.0,FIFA World Cup qualification,False,1109.5,1945.6,-736.1,A,2024,,,,,25.18,3.3,8880263.16,13162219.36,,,,
2024-06-06,North Korea,Syria,1.0,0.0,FIFA World Cup qualification,True,1498.5,1574.9,-76.5,H,2024,,,,,,,,,,,,
2024-06-06,Libya,Mauritius,2.0,1.0,FIFA World Cup qualification,False,1526.6,1190.4,436.2,H,2024,,,,,,,,,,,,
2024-06-07,Nigeria,South Africa,1.0,1.0,FIFA World Cup qualification,False,1742.9,1693.4,149.5,D,2024,,,,,26.77,3.7,691025.64,440915.68,,,,
2024-06-07,Angola,Eswatini,1.0,0.0,FIFA World Cup qualification,False,1628.7,1353.5,375.1,H,2024,,,,,,,,,,,,
2024-06-07,Morocco,Zambia,2.0,1.0,FIFA World Cup qualification,False,1856.6,1593.3,363.3,H,2024,25.05,4.63,10631944.44,13327598.52,,,,,,,,
2024-06-07,Kenya,Burundi,1.0,1.0,FIFA World Cup qualification,True,1475.6,1448.3,27.3,D,2024,,,,,,,,,,,,
2024-06-07,Madagascar,Comoros,2.0,1.0,FIFA World Cup qualification,True,1428.3,1445.3,-17.1,H,2024,,,,,,,,,,,,
2024-06-07,Mozambique,Somalia,2.0,1.0,FIFA World Cup qualification,False,1485.3,1019.6,565.7,H,2024,,,,,,,,,,,,
2024-06-07,Uganda,Botswana,1.0,0.0,FIFA World Cup qualification,False,1476.7,1446.2,130.5,H,2024,,,,,,,,,,,,
2024-06-07,Zimbabwe,Lesotho,0.0,2.0,FIFA World Cup qualification,True,1455.7,1355.0,100.7,A,2024,,,,,,,,,,,,
2024-06-07,Ivory Coast,Gabon,1.0,0.0,FIFA World Cup qualification,False,1735.6,1543.4,292.1,H,2024,26.08,4.37,9739285.71,10784448.6,,,,,,,,
2024-06-07,Scotland,Finland,2.0,2.0,Friendly,False,1825.4,1671.6,253.7,D,2024,27.91,4.42,6661428.57,9997571.75,,,,,,,,
2024-06-07,Germany,Greece,2.0,1.0,Friendly,False,1981.7,1798.0,283.6,H,2024,27.17,4.51,25833333.33,26399179.28,,,,,,,,
2024-06-07,Poland,Ukraine,3.0,1.0,Friendly,False,1777.6,1914.2,-36.6,H,2024,,,,,,,,,,,,
2024-06-07,Peru,Paraguay,0.0,0.0,Friendly,False,1820.2,1776.9,143.2,D,2024,,,,,25.97,4.45,3910294.12,6134147.18,,,,
2024-06-07,England,Iceland,0.0,1.0,Friendly,False,2063.7,1602.7,561.1,A,2024,26.34,4.57,40442857.14,38121004.98,,,,,,,,
2024-06-07,Czech Republic,Malta,7.0,1.0,Friendly,True,1822.2,1311.9,510.3,H,2024,26.58,3.29,5272500.0,5233019.56,,,,,,,,
2024-06-07,Cambodia,Mongolia,2.0,0.0,Friendly,False,1045.3,1068.2,77.1,H,2024,,,,,,,,,,,,
2024-06-07,Belarus,Russia,0.0,4.0,Friendly,False,1505.7,1818.0,-212.4,A,2024,,,,,,,,,,,,
2024-06-07,Armenia,Kazakhstan,2.0,1.0,Friendly,False,1507.3,1529.6,77.7,H,2024,,,,,,,,,,,,
2024-06-07,Albania,Azerbaijan,3.0,1.0,Friendly,True,1663.2,1545.2,118.0,H,2024,,,,,,,,,,,,
2024-06-07,Romania,Liechtenstein,0.0,0.0,Friendly,False,1715.6,1019.0,796.6,D,2024,,,,,,,,,,,,
2024-06-08,United States,Colombia,1.0,5.0,Friendly,False,1901.8,2064.8,-62.9,A,2024,24.08,3.7,6193055.56,6525443.29,26.62,3.83,7905128.21,11942575.18,-2.5400000000000027,-0.1299999999999999,-1712072.6500000004,-5417131.89
2024-06-08,Cameroon,Cape Verde,4.0,1.0,FIFA World Cup qualification,False,1662.5,1692.5,70.0,H,2024,,,,,28.07,4.07,1327564.1,2933563.48,,,,
2024-06-08,Gambia,Seychelles,5.0,1.0,FIFA World Cup qualification,True,1472.2,1042.6,429.6,H,2024,,,,,,,,,,,,
2024-06-08,Cayman Islands,Antigua and Barbuda,1.0,0.0,FIFA World Cup qualification,False,1050.1,1223.0,-72.9,H,2024,,,,,,,,,,,,
2024-06-08,British Virgin Islands,Guatemala,0.0,3.0,FIFA World Cup qualification,False,958.7,1629.1,-570.4,A,2024,,,,,,,,,,,,
2024-06-08,Aruba,Curaçao,0.0,2.0,FIFA World Cup qualification,False,1236.1,1507.4,-171.3,A,2024,,,,,25.76,4.71,741071.43,974798.84,,,,
2024-06-08,Belize,Nicaragua,0.0,4.0,FIFA World Cup qualification,False,1276.0,1516.6,-140.6,A,2024,,,,,,,,,,,,
2024-06-08,Switzerland,Austria,1.0,1.0,Friendly,False,1865.4,1911.1,54.2,D,2024,27.35,3.74,8278378.38,9010328.46,27.39,3.54,6571052.63,6418144.83,-0.03999999999999915,0.20000000000000018,1707325.75,2592183.630000001
2024-06-08,Anguilla,Suriname,0.0,4.0,FIFA World Cup qualification,False,869.0,1489.1,-520.1,A,2024,,,,,,,,,,,,
2024-06-08,Sweden,Serbia,0.0,3.0,Friendly,False,1746.6,1854.6,-8.0,A,2024,25.82,4.04,6963513.51,9761318.09,,,,,,,,
2024-06-08,Bahamas,Trinidad and Tobago,1.0,7.0,FIFA World Cup qualification,True,1084.9,1567.9,-483.0,A,2024,,,,,,,,,,,,
2024-06-08,Slovenia,Bulgaria,1.0,1.0,Friendly,False,1791.5,1538.9,352.6,D,2024,,,,,,,,,,,,
2024-06-08,Spain,Northern Ireland,5.0,1.0,Friendly,False,2074.3,1565.1,609.2,H,2024,24.97,4.27,29397368.42,22672618.39,,,,,,,,
2024-06-08,Latvia,Lithuania,0.0,2.0,Baltic Cup,False,1397.4,1382.8,114.6,A,2024,,,,,,,,,,,,
2024-06-08,Estonia,Faroe Islands,4.0,1.0,Baltic Cup,False,1412.6,1316.9,195.8,H,2024,,,,,,,,,,,,
2024-06-08,Belgium,Luxembourg,3.0,0.0,Friendly,False,2047.8,1555.2,592.6,H,2024,26.05,4.75,15520512.82,12641936.31,,,,,,,,
2024-06-08,Brunei,Sri Lanka,1.0,0.0,Friendly,False,874.6,960.4,14.2,H,2024,,,,,,,,,,,,
2024-06-08,Hungary,Israel,3.0,0.0,Friendly,False,1880.6,1608.9,371.6,H,2024,,,,,,,,,,,,
2024-06-08,Mexico,Brazil,2.0,3.0,Friendly,True,1901.7,2093.3,-191.6,A,2024,24.23,3.93,4553676.47,5774335.12,26.29,3.7,24100000.0,22686845.11,-2.0599999999999987,0.22999999999999998,-19546323.53,-16912509.99
2024-06-08,Moldova,Cyprus,3.0,2.0,Friendly,False,1395.4,1369.3,126.1,H,2024,,,,,,,,,,,,
2024-06-08,Portugal,Croatia,1.0,2.0,Friendly,False,2072.1,2013.4,158.7,A,2024,25.46,4.27,29807692.31,24666590.97,26.61,4.35,11324242.42,14363801.94,-1.1499999999999986,-0.08000000000000007,18483449.89,10302789.03
2024-06-08,Denmark,Norway,3.0,1.0,Friendly,False,1880.8,1784.9,195.9,H,2024,,,,,25.89,2.91,15213513.51,31328556.72,,,,
2024-06-09,Namibia,Tunisia,0.0,0.0,FIFA World Cup qualification,True,1532.3,1798.5,-266.1,D,2024,,,,,26.08,4.1,1889743.59,3097624.8,,,,
2024-06-09,Saint Vincent and the Grenadines,El Salvador,1.0,3.0,FIFA World Cup qualification,True,1263.0,1508.6,-245.7,A,2024,,,,,,,,,,,,
2024-06-09,Dominica,Jamaica,2.0,3.0,FIFA World Cup qualification,False,1229.2,1769.8,-440.6,A,2024,,,,,,,,,,,,
2024-06-09,Montserrat,Panama,1.0,3.0,FIFA World Cup qualification,True,1293.8,1838.9,-545.1,A,2024,,,,,26.41,4.02,698611.11,953719.77,,,,
2024-06-09,Barbados,Haiti,1.0,3.0,FIFA World Cup qualification,False,1133.1,1652.5,-419.5,A,2024,,,,,25.31,3.98,681481.48,853901.52,,,,
2024-06-09,Grenada,Costa Rica,0.0,3.0,FIFA World Cup qualification,False,1261.1,1726.0,-364.9,A,2024,,,,,,,,,,,,
2024-06-09,Bermuda,Honduras,1.0,6.0,FIFA World Cup qualification,False,1337.0,1619.1,-182.2,A,2024,,,,,,,,,,,,
2024-06-09,São Tomé and Príncipe,Liberia,0.0,1.0,FIFA World Cup qualification,True,1177.0,1415.3,-238.3,A,2024,,,,,,,,,,,,
2024-06-09,Slovakia,Wales,4.0,0.0,Friendly,False,1704.3,1755.6,48.7,H,2024,,,,,,,,,,,,
2024-06-09,Mauritania,Senegal,0.0,1.0,FIFA World Cup qualification,False,1459.3,1871.6,-312.3,A,2024,,,,,24.78,4.82,8296052.63,8661153.3,,,,
2024-06-09,Djibouti,Ethiopia,1.0,1.0,FIFA World Cup qualification,True,1093.4,1427.8,-334.3,D,2024,,,,,,,,,,,,
2024-06-09,Montenegro,Georgia,1.0,3.0,Friendly,False,1619.9,1708.0,11.8,A,2024,,,,,,,,,,,,
2024-06-09,Italy,Bosnia and Herzegovina,1.0,0.0,Friendly,False,2007.9,1528.0,579.9,H,2024,,,,,26.9,4.34,3343589.74,4487677.99,,,,
2024-06-09,France,Canada,0.0,0.0,Friendly,False,2145.6,1825.7,419.9,D,2024,25.77,3.83,45714285.71,32841238.39,24.38,3.48,5783108.11,13522066.62,1.3900000000000006,0.3500000000000001,39931177.6,19319171.770000003
2024-06-09,Argentina,Ecuador,1.0,0.0,Friendly,True,2203.7,1950.8,252.9,H,2024,26.03,5.32,21604545.45,19802656.55,24.45,4.92,6852631.58,15947318.48,1.5800000000000018,0.40000000000000036,14751913.87,3855338.0700000003
2024-06-09,DR Congo,Togo,1.0,0.0,FIFA World Cup qualification,False,1660.2,1492.2,268.0,H,2024,25.92,3.27,3641176.47,5018677.92,,,,,,,,
2024-06-10,Ghana,Central African Republic,4.0,3.0,FIFA World Cup qualification,False,1648.9,1466.6,282.4,H,2024,25.98,3.35,3496250.0,4006333.07,,,,,,,,
2024-06-10,Equatorial Guinea,Malawi,1.0,0.0,FIFA World Cup qualification,False,1587.3,1477.7,209.6,H,2024,,,,,,,,,,,,
2024-06-10,Guinea,Mozambique,0.0,1.0,FIFA World Cup qualification,True,1639.7,1486.8,152.9,A,2024,,,,,,,,,,,,
2024-06-10,Uganda,Algeria,1.0,2.0,FIFA World Cup qualification,False,1489.5,1739.5,-150.0,A,2024,,,,,27.18,4.3,5592763.16,8062745.12,,,,
2024-06-10,Somalia,Botswana,1.0,3.0,FIFA World Cup qualification,True,1018.1,1433.4,-415.2,A,2024,,,,,,,,,,,,
2024-06-10,Guinea-Bissau,Egypt,1.0,1.0,FIFA World Cup qualification,False,1452.2,1751.8,-199.6,D,2024,,,,,27.5,3.82,2920000.0,10072765.26,,,,
2024-06-10,Burkina Faso,Sierra Leone,2.0,2.0,FIFA World Cup qualification,True,1610.8,1441.2,169.6,D,2024,,,,,,,,,,,,
2024-06-10,Poland,Turkey,2.0,1.0,Friendly,False,1794.2,1808.4,85.7,H,2024,,,,,26.26,3.38,10855263.16,11453491.71,,,,
2024-06-10,Netherlands,Iceland,4.0,0.0,Friendly,False,2045.6,1621.9,523.7,H,2024,25.16,3.95,26594594.59,18764125.43,,,,,,,,
2024-06-10,Czech Republic,North Macedonia,2.0,1.0,Friendly,False,1824.3,1604.8,319.5,H,2024,26.58,3.29,5272500.0,5233019.56,,,,,,,,
2024-06-10,Benin,Nigeria,2.0,1.0,FIFA World Cup qualification,True,1483.0,1734.8,-251.8,H,2024,,,,,,,,,,,,
2024-06-11,Japan,Syria,5.0,0.0,FIFA World Cup qualification,False,1946.7,1550.6,496.1,H,2024,25.18,3.3,8880263.16,13162219.36,,,,,,,,
2024-06-11,North Korea,Myanmar,4.0,1.0,FIFA World Cup qualification,True,1522.8,1108.4,414.4,H,2024,,,,,,,,,,,,
2024-06-11,Thailand,Singapore,3.0,1.0,FIFA World Cup qualification,False,1554.2,1278.1,376.1,H,2024,,,,,,,,,,,,
2024-06-11,South Korea,China,1.0,0.0,FIFA World Cup qualification,False,1844.8,1542.0,402.8,H,2024,27.27,4.06,3181756.76,10155441.64,,,,,,,,
2024-06-11,Oman,Kyrgyzstan,1.0,1.0,FIFA World Cup qualification,False,1668.2,1422.2,346.0,D,2024,,,,,,,,,,,,
2024-06-11,Malaysia,Taiwan,3.0,1.0,FIFA World Cup qualification,False,1439.7,1095.9,443.8,H,2024,,,,,,,,,,,,
2024-06-11,Turkmenistan,Hong Kong,0.0,0.0,FIFA World Cup qualification,False,1378.3,1220.2,258.1,D,2024,,,,,,,,,,,,
2024-06-11,Iran,Uzbekistan,0.0,0.0,FIFA World Cup qualification,False,1899.8,1784.4,215.4,D,2024,26.76,4.22,975000.0,806812.21,25.66,3.56,1050000.0,997966.68,1.1000000000000014,0.6599999999999997,-75000.0,-191154.4700000001
2024-06-11,Indonesia,Philippines,2.0,0.0,FIFA World Cup qualification,False,1466.2,1229.1,337.1,H,2024,,,,,,,,,,,,
2024-06-11,Iraq,Vietnam,3.0,1.0,FIFA World Cup qualification,False,1772.5,1418.2,454.4,H,2024,26.62,3.96,525694.44,683548.9,,,,,,,,
2024-06-11,Tajikistan,Pakistan,3.0,0.0,FIFA World Cup qualification,False,1506.3,1025.0,581.3,H,2024,,,,,,,,,,,,
2024-06-11,United Arab Emirates,Bahrain,1.0,1.0,FIFA World Cup qualification,False,1640.1,1572.8,167.4,D,2024,,,,,,,,,,,,
2024-06-11,Yemen,Nepal,2.0,2.0,FIFA World Cup qualification,True,1267.3,1092.5,174.8,D,2024,,,,,,,,,,,,
2024-06-11,Lebanon,Bangladesh,4.0,0.0,FIFA World Cup qualification,True,1417.3,1122.4,294.9,H,2024,,,,,,,,,,,,
2024-06-11,Australia,Palestine,5.0,0.0,FIFA World Cup qualification,False,1875.8,1545.7,430.2,H,2024,26.25,3.83,1424285.71,1872407.6,,,,,,,,
2024-06-11,Cuba,Cayman Islands,3.0,0.0,FIFA World Cup qualification,False,1442.9,1074.2,468.6,H,2024,,,,,,,,,,,,
2024-06-11,Saint Kitts and Nevis,Bahamas,1.0,0.0,FIFA World Cup qualification,False,1282.8,1079.9,302.9,H,2024,,,,,,,,,,,,
2024-06-11,Saint Lucia,Aruba,2.0,2.0,FIFA World Cup qualification,True,1335.2,1219.8,115.4,D,2024,,,,,,,,,,,,
2024-06-11,Guyana,Belize,3.0,1.0,FIFA World Cup qualification,True,1463.2,1252.9,210.3,H,2024,,,,,,,,,,,,
2024-06-11,Dominican Republic,British Virgin Islands,4.0,0.0,FIFA World Cup qualification,False,1408.7,956.2,552.6,H,2024,,,,,,,,,,,,
2024-06-11,Puerto Rico,Anguilla,8.0,0.0,FIFA World Cup qualification,False,1355.5,865.4,590.1,H,2024,,,,,,,,,,,,
2024-06-11,Qatar,India,2.0,1.0,FIFA World Cup qualification,False,1754.6,1342.6,512.1,H,2024,27.27,4.63,325000.0,180277.56,,,,,,,,
2024-06-11,Saudi Arabia,Jordan,1.0,2.0,FIFA World Cup qualification,False,1733.5,1740.3,93.2,A,2024,26.74,3.93,834868.42,771715.01,26.56,4.0,424264.71,978810.15,0.17999999999999972,-0.06999999999999984,410603.71,-207095.14
2024-06-11,Kuwait,Afghanistan,1.0,0.0,FIFA World Cup qualification,False,1429.4,1311.4,217.9,H,2024,,,,,,,,,,,,
2024-06-11,Chad,Comoros,0.0,2.0,FIFA World Cup qualification,True,1294.7,1424.4,-129.7,A,2024,,,,,,,,,,,,
2024-06-11,Madagascar,Mali,0.0,0.0,FIFA World Cup qualification,True,1449.3,1719.7,-270.4,D,2024,,,,,,,,,,,,
2024-06-11,Lithuania,Estonia,1.0,1.0,Baltic Cup,False,1412.4,1425.5,87.0,D,2024,,,,,,,,,,,,
2024-06-11,Brunei,Sri Lanka,1.0,0.0,Friendly,False,884.2,950.8,33.4,H,2024,,,,,,,,,,,,
2024-06-11,Andorra,Northern Ireland,0.0,2.0,Friendly,True,1173.5,1564.0,-390.5,A,2024,,,,,,,,,,,,
2024-06-11,Azerbaijan,Kazakhstan,3.0,2.0,Friendly,True,1535.1,1521.8,13.3,H,2024,,,,,,,,,,,,
2024-06-11,Chile,Paraguay,3.0,0.0,Friendly,False,1786.8,1780.8,106.0,H,2024,,,,,25.97,4.45,3910294.12,6134147.18,,,,
2024-06-11,Greece,Malta,2.0,0.0,Friendly,True,1794.8,1309.7,485.0,H,2024,,,,,,,,,,,,
2024-06-11,Israel,Belarus,4.0,0.0,Friendly,True,1605.2,1497.1,108.1,H,2024,,,,,,,,,,,,
2024-06-11,Moldova,Ukraine,0.0,4.0,Friendly,False,1401.9,1897.6,-395.7,A,2024,,,,,,,,,,,,
2024-06-11,Mongolia,Cambodia,2.0,1.0,Friendly,False,1056.5,1057.1,99.4,H,2024,,,,,,,,,,,,
2024-06-11,Portugal,Republic of Ireland,3.0,0.0,Friendly,False,2057.8,1677.1,480.8,H,2024,25.46,4.27,29807692.31,24666590.97,,,,,,,,
2024-06-11,Latvia,Faroe Islands,1.0,0.0,Baltic Cup,False,1367.7,1304.0,163.7,H,2024,,,,,,,,,,,,
2024-06-11,San Marino,Cyprus,1.0,4.0,Friendly,False,863.3,1362.8,-399.5,A,2024,,,,,,,,,,,,
2024-06-11,Lesotho,Rwanda,0.0,1.0,FIFA World Cup qualification,True,1393.4,1414.4,-20.9,A,2024,,,,,,,,,,,,
2024-06-11,South Africa,Zimbabwe,3.0,1.0,FIFA World Cup qualification,False,1701.5,1417.2,384.3,H,2024,26.77,3.7,691025.64,440915.68,,,,,,,,
2024-06-11,Cape Verde,Libya,1.0,0.0,FIFA World Cup qualification,False,1664.5,1529.6,234.9,H,2024,28.07,4.07,1327564.1,2933563.48,,,,,,,,
2024-06-11,Mauritius,Eswatini,2.0,1.0,FIFA World Cup qualification,False,1187.4,1349.4,-62.0,H,2024,,,,,,,,,,,,
2024-06-11,Angola,Cameroon,1.0,1.0,FIFA World Cup qualification,False,1632.8,1690.5,42.3,D,2024,,,,,,,,,,,,
2024-06-11,Zambia,Tanzania,0.0,1.0,FIFA World Cup qualification,False,1588.9,1472.8,216.2,A,2024,,,,,,,,,,,,
2024-06-11,Morocco,Congo,6.0,0.0,FIFA World Cup qualification,False,1861.0,1391.2,569.8,H,2024,25.05,4.63,10631944.44,13327598.52,,,,,,,,
2024-06-11,Kenya,Ivory Coast,0.0,0.0,FIFA World Cup qualification,True,1474.0,1741.8,-267.8,D,2024,,,,,26.08,4.37,9739285.71,10784448.6,,,,
2024-06-11,Gabon,Gambia,3.0,2.0,FIFA World Cup qualification,False,1537.2,1478.0,159.1,H,2024,,,,,,,,,,,,
2024-06-11,Seychelles,Burundi,1.0,3.0,FIFA World Cup qualification,True,1036.8,1449.8,-413.0,A,2024,,,,,,,,,,,,
2024-06-11,South Sudan,Sudan,0.0,3.0,FIFA World Cup qualification,False,1298.4,1483.0,-84.6,A,2024,,,,,,,,,,,,
2024-06-12,United States,Brazil,1.0,1.0,Friendly,False,1886.5,2098.3,-111.9,D,2024,24.08,3.7,6193055.56,6525443.29,26.29,3.7,24100000.0,22686845.11,-2.210000000000001,0.0,-17906944.44,-16161401.82
2024-06-12,Ecuador,Bolivia,3.0,1.0,Friendly,True,1947.0,1670.8,276.2,H,2024,24.45,4.92,6852631.58,15947318.48,,,,,,,,
2024-06-14,Germany,Scotland,5.0,1.0,UEFA Euro,False,1984.9,1819.1,265.8,H,2024,27.17,4.51,25833333.33,26399179.28,27.91,4.42,6661428.57,9997571.75,-0.7399999999999984,0.08999999999999986,19171904.759999998,16401607.530000001
2024-06-14,Argentina,Guatemala,4.0,1.0,Friendly,True,2207.5,1631.7,575.8,H,2024,26.03,5.32,21604545.45,19802656.55,,,,,,,,
2024-06-14,El Salvador,Peru,0.0,1.0,Friendly,True,1520.3,1816.3,-295.9,A,2024,,,,,,,,,,,,
2024-06-15,Hungary,Switzerland,1.0,3.0,UEFA Euro,True,1884.2,1863.8,20.4,A,2024,,,,,27.35,3.74,8278378.38,9010328.46,,,,
2024-06-15,Spain,Croatia,3.0,0.0,UEFA Euro,True,2075.4,2027.7,47.7,H,2024,24.97,4.27,29397368.42,22672618.39,26.61,4.35,11324242.42,14363801.94,-1.6400000000000006,-0.08000000000000007,18073126.0,8308816.450000001
2024-06-15,Italy,Albania,2.0,1.0,UEFA Euro,True,2008.6,1673.3,335.3,H,2024,,,,,,,,,,,,
2024-06-15,Colombia,Bolivia,3.0,0.0,Friendly,True,2080.2,1665.7,414.5,H,2024,26.62,3.83,7905128.21,11942575.18,,,,,,,,
2024-06-15,Vanuatu,Solomon Islands,1.0,0.0,Oceania Nations Cup,False,1411.8,1591.8,-79.9,H,2024,,,,,,,,,,,,
2024-06-16,Fiji,Papua New Guinea,5.0,1.0,Oceania Nations Cup,False,1548.4,1422.1,226.3,H,2024,,,,,,,,,,,,
2024-06-16,Tahiti,Samoa,2.0,0.0,Oceania Nations Cup,True,1517.8,1293.9,224.0,H,2024,,,,,,,,,,,,
2024-06-16,Panama,Paraguay,0.0,1.0,Friendly,False,1841.4,1768.5,172.9,A,2024,26.41,4.02,698611.11,953719.77,25.97,4.45,3910294.12,6134147.18,0.4400000000000013,-0.4300000000000006,-3211683.0100000002,-5180427.41
2024-06-16,Poland,Netherlands,1.0,2.0,UEFA Euro,True,1801.7,2047.4,-245.6,A,2024,,,,,25.16,3.95,26594594.59,18764125.43,,,,
2024-06-16,Serbia,England,0.0,1.0,UEFA Euro,True,1871.7,2044.5,-172.8,A,2024,,,,,26.34,4.57,40442857.14,38121004.98,,,,
2024-06-16,Slovenia,Denmark,1.0,1.0,UEFA Euro,True,1783.8,1888.1,-104.3,D,2024,,,,,,,,,,,,
2024-06-16,Ecuador,Honduras,2.0,1.0,Friendly,True,1952.1,1639.9,312.2,H,2024,24.45,4.92,6852631.58,15947318.48,,,,,,,,
2024-06-17,Austria,France,0.0,1.0,UEFA Euro,True,1912.7,2137.2,-224.5,A,2024,27.39,3.54,6571052.63,6418144.83,25.77,3.83,45714285.71,32841238.39,1.620000000000001,-0.29000000000000004,-39143233.08,-26423093.560000002
2024-06-17,Romania,Ukraine,3.0,0.0,UEFA Euro,True,1705.8,1901.1,-195.3,H,2024,,,,,,,,,,,,
2024-06-17,Belgium,Slovakia,0.0,1.0,UEFA Euro,True,2048.9,1720.5,328.5,A,2024,26.05,4.75,15520512.82,12641936.31,,,,,,,,
2024-06-18,Turkey,Georgia,3.0,1.0,UEFA Euro,True,1800.8,1723.5,77.3,H,2024,26.26,3.38,10855263.16,11453491.71,,,,,,,,
2024-06-18,Portugal,Czech Republic,2.0,1.0,UEFA Euro,True,2059.9,1827.0,232.9,H,2024,25.46,4.27,29807692.31,24666590.97,26.58,3.29,5272500.0,5233019.56,-1.1199999999999974,0.9799999999999995,24535192.31,19433571.41
2024-06-18,New Zealand,Solomon Islands,3.0,0.0,Oceania Nations Cup,True,1683.0,1573.4,109.7,H,2024,26.42,4.4,882638.89,1683774.9,,,,,,,,
2024-06-19,Fiji,Samoa,9.0,1.0,Oceania Nations Cup,False,1560.4,1284.1,376.3,H,2024,,,,,,,,,,,,
2024-06-19,Croatia,Albania,2.0,2.0,UEFA Euro,True,1989.9,1667.0,322.9,D,2024,26.61,4.35,11324242.42,14363801.94,,,,,,,,
2024-06-19,Papua New Guinea,Tahiti,1.0,1.0,Oceania Nations Cup,True,1410.0,1527.5,-117.5,D,2024,,,,,,,,,,,,
2024-06-19,Germany,Hungary,2.0,0.0,UEFA Euro,False,2001.6,1844.5,257.1,H,2024,27.17,4.51,25833333.33,26399179.28,,,,,,,,
2024-06-19,Scotland,Switzerland,1.0,1.0,UEFA Euro,True,1802.4,1903.5,-101.1,D,2024,27.91,4.42,6661428.57,9997571.75,27.35,3.74,8278378.38,9010328.46,0.5599999999999987,0.6799999999999997,-1616949.8099999996,987243.2899999991
2024-06-20,Spain,Italy,1.0,0.0,UEFA Euro,True,2113.1,2014.9,98.2,H,2024,24.97,4.27,29397368.42,22672618.39,,,,,,,,
2024-06-20,Slovenia,Serbia,1.0,1.0,UEFA Euro,True,1791.1,1858.2,-67.1,D,2024,,,,,,,,,,,,
2024-06-20,Denmark,England,1.0,1.0,UEFA Euro,True,1880.8,2058.0,-177.2,D,2024,,,,,26.34,4.57,40442857.14,38121004.98,,,,
2024-06-20,Argentina,Canada,2.0,0.0,Copa América,True,2208.7,1834.1,374.7,H,2024,26.03,5.32,21604545.45,19802656.55,24.38,3.48,5783108.11,13522066.62,1.6500000000000021,1.8400000000000003,15821437.34,6280589.930000002
2024-06-21,Peru,Chile,0.0,0.0,Copa América,True,1819.3,1799.1,20.2,D,2024,,,,,,,,,,,,
2024-06-21,Poland,Austria,1.0,3.0,UEFA Euro,True,1792.0,1901.9,-110.0,A,2024,,,,,27.39,3.54,6571052.63,6418144.83,,,,
2024-06-21,Netherlands,France,0.0,0.0,UEFA Euro,True,2057.2,2148.0,-90.8,D,2024,25.16,3.95,26594594.59,18764125.43,25.77,3.83,45714285.71,32841238.39,-0.6099999999999994,0.1200000000000001,-19119691.12,-14077112.96
2024-06-21,Slovakia,Ukraine,1.0,2.0,UEFA Euro,True,1763.9,1835.1,-71.1,A,2024,,,,,,,,,,,,
2024-06-21,Vanuatu,New Zealand,0.0,4.0,Oceania Nations Cup,False,1430.2,1701.3,-171.1,A,2024,,,,,26.42,4.4,882638.89,1683774.9,,,,
2024-06-22,Mexico,Jamaica,1.0,0.0,Copa América,True,1896.7,1772.7,124.0,H,2024,24.23,3.93,4553676.47,5774335.12,,,,,,,,
2024-06-22,Ecuador,Venezuela,1.0,2.0,Copa América,True,1954.9,1825.4,129.5,A,2024,24.45,4.92,6852631.58,15947318.48,,,,,,,,
2024-06-22,Fiji,Tahiti,1.0,0.0,Oceania Nations Cup,False,1567.7,1522.6,145.1,H,2024,,,,,,,,,,,,
2024-06-22,Belgium,Romania,2.0,0.0,UEFA Euro,True,2005.5,1771.9,233.6,H,2024,26.05,4.75,15520512.82,12641936.31,,,,,,,,
2024-06-22,Turkey,Portugal,0.0,3.0,UEFA Euro,True,1830.1,2070.3,-240.2,A,2024,26.26,3.38,10855263.16,11453491.71,25.46,4.27,29807692.31,24666590.97,0.8000000000000007,-0.8899999999999997,-18952429.15,-13213099.259999998
2024-06-22,Georgia,Czech Republic,1.0,1.0,UEFA Euro,True,1694.3,1816.7,-122.4,D,2024,,,,,26.58,3.29,5272500.0,5233019.56,,,,
2024-06-22,Samoa,Papua New Guinea,1.0,2.0,Oceania Nations Cup,True,1276.8,1414.9,-138.1,A,2024,,,,,,,,,,,,
2024-06-23,United States,Bolivia,2.0,0.0,Copa América,False,1889.6,1662.7,326.8,H,2024,24.08,3.7,6193055.56,6525443.29,,,,,,,,
2024-06-23,Germany,Switzerland,1.0,1.0,UEFA Euro,False,2015.5,1896.5,219.1,D,2024,27.17,4.51,25833333.33,26399179.28,27.35,3.74,8278378.38,9010328.46,-0.17999999999999972,0.7699999999999996,17554954.95,17388850.82
2024-06-23,Scotland,Hungary,0.0,1.0,UEFA Euro,True,1809.5,1830.6,-21.1,A,2024,27.91,4.42,6661428.57,9997571.75,,,,,,,,
2024-06-23,Uruguay,Panama,3.0,1.0,Copa América,True,2062.9,1826.8,236.1,H,2024,24.11,3.24,8326515.15,16462405.45,26.41,4.02,698611.11,953719.77,-2.3000000000000007,-0.7799999999999994,7627904.04,15508685.68
2024-06-24,Brazil,Costa Rica,0.0,0.0,Copa América,True,2095.2,1733.7,361.5,D,2024,26.29,3.7,24100000.0,22686845.11,,,,,,,,
2024-06-24,Colombia,Paraguay,2.0,1.0,Copa América,True,2083.1,1783.1,300.0,H,2024,26.62,3.83,7905128.21,11942575.18,25.97,4.45,3910294.12,6134147.18,0.6500000000000021,-0.6200000000000001,3994834.09,5808428.0
2024-06-24,Croatia,Italy,1.0,1.0,UEFA Euro,True,1971.6,1996.8,-25.2,D,2024,26.61,4.35,11324242.42,14363801.94,,,,,,,,
2024-06-24,Albania,Spain,0.0,1.0,UEFA Euro,True,1685.2,2131.3,-446.0,A,2024,,,,,24.97,4.27,29397368.42,22672618.39,,,,
2024-06-25,England,Slovenia,0.0,0.0,UEFA Euro,True,2046.2,1795.9,250.4,D,2024,26.34,4.57,40442857.14,38121004.98,,,,,,,,
2024-06-25,Denmark,Serbia,0.0,0.0,UEFA Euro,True,1892.6,1853.4,39.2,D,2024,,,,,,,,,,,,
2024-06-25,Netherlands,Austria,2.0,3.0,UEFA Euro,True,2063.6,1927.9,135.6,A,2024,25.16,3.95,26594594.59,18764125.43,27.39,3.54,6571052.63,6418144.83,-2.2300000000000004,0.41000000000000014,20023541.96,12345980.6
2024-06-25,France,Poland,1.0,1.0,UEFA Euro,True,2141.6,1766.0,375.6,D,2024,25.77,3.83,45714285.71,32841238.39,,,,,,,,
2024-06-25,Peru,Canada,0.0,1.0,Copa América,True,1817.9,1826.3,-8.4,A,2024,,,,,24.38,3.48,5783108.11,13522066.62,,,,
2024-06-25,Chile,Argentina,0.0,1.0,Copa América,True,1800.6,2216.5,-415.9,A,2024,,,,,26.03,5.32,21604545.45,19802656.55,,,,
2024-06-26,Venezuela,Mexico,1.0,0.0,Copa América,True,1859.3,1913.1,-53.8,H,2024,,,,,24.23,3.93,4553676.47,5774335.12,,,,
2024-06-26,Czech Republic,Turkey,1.0,2.0,UEFA Euro,True,1808.2,1812.6,-4.4,A,2024,26.58,3.29,5272500.0,5233019.56,26.26,3.38,10855263.16,11453491.71,0.31999999999999673,-0.08999999999999986,-5582763.16,-6220472.150000001
2024-06-26,Ecuador,Jamaica,3.0,1.0,Copa América,True,1921.0,1756.3,164.7,H,2024,24.45,4.92,6852631.58,15947318.48,,,,,,,,
2024-06-26,Ukraine,Belgium,0.0,0.0,UEFA Euro,True,1855.0,2021.0,-166.0,D,2024,,,,,26.05,4.75,15520512.82,12641936.31,,,,
2024-06-26,Slovakia,Romania,1.0,1.0,UEFA Euro,True,1744.0,1756.4,-12.4,D,2024,,,,,,,,,,,,
2024-06-26,Georgia,Portugal,2.0,0.0,UEFA Euro,True,1702.7,2087.8,-385.1,H,2024,,,,,25.46,4.27,29807692.31,24666590.97,,,,
2024-06-27,Vanuatu,Fiji,2.0,1.0,Oceania Nations Cup,False,1414.9,1576.8,-61.9,H,2024,,,,,,,,,,,,
2024-06-27,New Zealand,Tahiti,5.0,0.0,Oceania Nations Cup,True,1716.6,1513.6,203.0,H,2024,26.42,4.4,882638.89,1683774.9,,,,,,,,
2024-06-27,United States,Panama,1.0,2.0,Copa América,False,1899.5,1811.5,188.0,A,2024,24.08,3.7,6193055.56,6525443.29,26.41,4.02,698611.11,953719.77,-2.330000000000002,-0.3199999999999994,5494444.449999999,5571723.52
2024-06-27,Uruguay,Bolivia,5.0,0.0,Copa América,True,2078.2,1652.8,425.4,H,2024,24.11,3.24,8326515.15,16462405.45,,,,,,,,
2024-06-28,Colombia,Costa Rica,3.0,0.0,Copa América,True,2090.7,1753.1,337.5,H,2024,26.62,3.83,7905128.21,11942575.18,,,,,,,,
2024-06-28,Paraguay,Brazil,1.0,4.0,Copa América,True,1775.5,2075.7,-300.2,A,2024,25.97,4.45,3910294.12,6134147.18,26.29,3.7,24100000.0,22686845.11,-0.3200000000000003,0.75,-20189705.88,-16552697.93
2024-06-29,Argentina,Peru,2.0,0.0,Copa América,True,2220.7,1793.5,427.2,H,2024,26.03,5.32,21604545.45,19802656.55,,,,,,,,
2024-06-29,Switzerland,Italy,2.0,0.0,UEFA Euro,True,1910.4,1995.0,-84.6,H,2024,27.35,3.74,8278378.38,9010328.46,,,,,,,,
2024-06-29,Germany,Denmark,2.0,0.0,UEFA Euro,False,2001.6,1889.8,211.8,H,2024,27.17,4.51,25833333.33,26399179.28,,,,,,,,
2024-06-29,Canada,Chile,0.0,0.0,Copa América,True,1850.7,1796.4,54.3,D,2024,24.38,3.48,5783108.11,13522066.62,,,,,,,,
2024-06-30,Mexico,Ecuador,0.0,0.0,Copa América,True,1884.3,1942.0,-57.7,D,2024,24.23,3.93,4553676.47,5774335.12,24.45,4.92,6852631.58,15947318.48,-0.21999999999999886,-0.9899999999999998,-2298955.1100000003,-10172983.36
2024-06-30,Jamaica,Venezuela,0.0,3.0,Copa América,True,1735.3,1888.2,-152.8,A,2024,,,,,,,,,,,,
2024-06-30,Vanuatu,New Zealand,0.0,3.0,Oceania Nations Cup,False,1432.6,1730.8,-198.2,A,2024,,,,,26.42,4.4,882638.89,1683774.9,,,,
2024-06-30,England,Slovakia,2.0,1.0,UEFA Euro,True,2030.8,1744.9,285.9,H,2024,26.34,4.57,40442857.14,38121004.98,,,,,,,,
2024-06-30,Spain,Georgia,4.0,1.0,UEFA Euro,True,2134.8,1770.3,364.5,H,2024,24.97,4.27,29397368.42,22672618.39,,,,,,,,
2024-06-30,Tahiti,Fiji,2.0,1.0,Oceania Nations Cup,True,1499.3,1559.2,-59.8,H,2024,,,,,,,,,,,,
2024-07-01,France,Belgium,1.0,0.0,UEFA Euro,True,2121.7,2009.9,111.9,H,2024,25.77,3.83,45714285.71,32841238.39,26.05,4.75,15520512.82,12641936.31,-0.28000000000000114,-0.9199999999999999,30193772.89,20199302.08
2024-07-01,Portugal,Slovenia,0.0,0.0,UEFA Euro,True,2020.2,1811.3,208.9,D,2024,25.46,4.27,29807692.31,24666590.97,,,,,,,,
2024-07-01,United States,Uruguay,0.0,1.0,Copa América,False,1862.1,2086.2,-124.0,A,2024,24.08,3.7,6193055.56,6525443.29,24.11,3.24,8326515.15,16462405.45,-0.030000000000001137,0.45999999999999996,-2133459.590000001,-9936962.16
2024-07-01,Bolivia,Panama,1.0,3.0,Copa América,True,1644.9,1848.8,-204.0,A,2024,,,,,26.41,4.02,698611.11,953719.77,,,,
2024-07-02,Romania,Netherlands,0.0,3.0,UEFA Euro,True,1755.5,2029.3,-273.8,A,2024,,,,,25.16,3.95,26594594.59,18764125.43,,,,
2024-07-02,Austria,Turkey,1.0,2.0,UEFA Euro,True,1962.2,1837.3,125.0,A,2024,27.39,3.54,6571052.63,6418144.83,26.26,3.38,10855263.16,11453491.71,1.129999999999999,0.16000000000000014,-4284210.53,-5035346.880000001
2024-07-02,Brazil,Colombia,1.0,1.0,Copa América,True,2088.9,2101.6,-12.7,D,2024,26.29,3.7,24100000.0,22686845.11,26.62,3.83,7905128.21,11942575.18,-0.33000000000000185,-0.1299999999999999,16194871.79,10744269.93
2024-07-02,Costa Rica,Paraguay,2.0,1.0,Copa América,True,1742.2,1762.4,-20.2,H,2024,,,,,25.97,4.45,3910294.12,6134147.18,,,,
2024-07-04,Argentina,Ecuador,1.0,1.0,Copa América,True,2226.6,1937.9,288.7,D,2024,26.03,5.32,21604545.45,19802656.55,24.45,4.92,6852631.58,15947318.48,1.5800000000000018,0.40000000000000036,14751913.87,3855338.0700000003
2024-07-05,Germany,Spain,1.0,2.0,UEFA Euro,False,2018.7,2144.4,-25.7,A,2024,27.17,4.51,25833333.33,26399179.28,24.97,4.27,29397368.42,22672618.39,2.200000000000003,0.2400000000000002,-3564035.0900000036,3726560.8900000006
2024-07-05,Portugal,France,0.0,0.0,UEFA Euro,True,2006.8,2139.0,-132.2,D,2024,25.46,4.27,29807692.31,24666590.97,25.77,3.83,45714285.71,32841238.39,-0.3099999999999987,0.4399999999999995,-15906593.400000002,-8174647.420000002
2024-07-05,Venezuela,Canada,1.0,1.0,Copa América,True,1913.8,1846.8,67.0,D,2024,,,,,24.38,3.48,5783108.11,13522066.62,,,,
2024-07-06,Colombia,Panama,5.0,0.0,Copa América,True,2100.7,1866.5,234.2,H,2024,26.62,3.83,7905128.21,11942575.18,26.41,4.02,698611.11,953719.77,0.21000000000000085,-0.1899999999999995,7206517.1,10988855.41
2024-07-06,Uruguay,Brazil,0.0,0.0,Copa América,True,2102.6,2089.9,12.8,D,2024,24.11,3.24,8326515.15,16462405.45,26.29,3.7,24100000.0,22686845.11,-2.1799999999999997,-0.45999999999999996,-15773484.85,-6224439.66
2024-07-06,England,Switzerland,1.0,1.0,UEFA Euro,True,2038.9,1956.9,82.0,D,2024,26.34,4.57,40442857.14,38121004.98,27.35,3.74,8278378.38,9010328.46,-1.0100000000000016,0.8300000000000001,32164478.76,29110676.519999996
2024-07-06,Netherlands,Turkey,2.0,1.0,UEFA Euro,True,2044.3,1870.9,173.4,H,2024,25.16,3.95,26594594.59,18764125.43,26.26,3.38,10855263.16,11453491.71,-1.1000000000000014,0.5700000000000003,15739331.43,7310633.719999999
2024-07-09,Spain,France,2.0,1.0,UEFA Euro,True,2167.5,2129.9,37.7,H,2024,24.97,4.27,29397368.42,22672618.39,25.77,3.83,45714285.71,32841238.39,-0.8000000000000007,0.4399999999999995,-16316917.29,-10168620.0
2024-07-09,Argentina,Canada,2.0,0.0,Copa América,True,2209.5,1851.6,358.0,H,2024,26.03,5.32,21604545.45,19802656.55,24.38,3.48,5783108.11,13522066.62,1.6500000000000021,1.8400000000000003,15821437.34,6280589.930000002
2024-07-10,Netherlands,England,1.0,2.0,UEFA Euro,True,2057.7,2033.1,24.6,A,2024,25.16,3.95,26594594.59,18764125.43,26.34,4.57,40442857.14,38121004.98,-1.1799999999999997,-0.6200000000000001,-13848262.55,-19356879.549999997
2024-07-10,Uruguay,Colombia,0.0,1.0,Copa América,True,2101.7,2121.3,-19.6,A,2024,24.11,3.24,8326515.15,16462405.45,26.62,3.83,7905128.21,11942575.18,-2.5100000000000016,-0.5899999999999999,421386.9400000004,4519830.27
2024-07-13,Canada,Uruguay,2.0,2.0,Copa América,True,1843.1,2078.1,-235.0,D,2024,24.38,3.48,5783108.11,13522066.62,24.11,3.24,8326515.15,16462405.45,0.2699999999999996,0.23999999999999977,-2543407.04,-2940338.83
2024-07-14,Spain,England,2.0,1.0,UEFA Euro,True,2189.8,2059.9,130.0,H,2024,24.97,4.27,29397368.42,22672618.39,26.34,4.57,40442857.14,38121004.98,-1.370000000000001,-0.3000000000000007,-11045488.719999999,-15448386.589999996
2024-07-14,Argentina,Colombia,1.0,0.0,Copa América,True,2218.0,2144.9,73.1,H,2024,26.03,5.32,21604545.45,19802656.55,26.62,3.83,7905128.21,11942575.18,-0.5899999999999999,1.4900000000000002,13699417.239999998,7860081.370000001
2024-07-27,Guatemala,El Salvador,0.0,1.0,Friendly,True,1630.4,1517.3,113.2,A,2024,,,,,,,,,,,,
2024-07-27,Jordan,North Korea,0.0,0.0,Friendly,False,1765.5,1528.7,336.9,D,2024,26.56,4.0,424264.71,978810.15,,,,,,,,
2024-08-29,Jordan,North Korea,2.0,1.0,Friendly,False,1758.1,1536.2,321.9,H,2024,26.56,4.0,424264.71,978810.15,,,,,,,,
2024-09-01,Guatemala,Uruguay,1.0,1.0,Friendly,True,1617.3,2063.4,-446.1,D,2024,,,,,24.11,3.24,8326515.15,16462405.45,,,,
2024-09-02,Fiji,Hong Kong,1.0,1.0,Tri-Nations Series,False,1541.6,1232.8,408.8,D,2024,,,,,,,,,,,,
2024-09-02,Fiji,Solomon Islands,1.0,0.0,Tri-Nations Series,False,1529.2,1555.1,74.1,H,2024,,,,,,,,,,,,
2024-09-03,India,Mauritius,0.0,0.0,Intercontinental Cup,False,1340.6,1210.9,229.7,D,2024,,,,,,,,,,,,
2024-09-04,Cayman Islands,British Virgin Islands,1.0,0.0,CONCACAF Nations League,False,1069.8,953.2,216.7,H,2024,,,,,,,,,,,,
2024-09-04,United States Virgin Islands,Bahamas,3.0,3.0,CONCACAF Nations League,False,927.0,1074.0,-47.0,D,2024,,,,,,,,,,,,
2024-09-04,Tanzania,Ethiopia,0.0,0.0,African Cup of Nations qualification,False,1503.8,1412.9,190.9,D,2024,,,,,,,,,,,,
2024-09-04,Sudan,Niger,1.0,0.0,African Cup of Nations qualification,True,1509.6,1354.1,155.6,H,2024,,,,,,,,,,,,
2024-09-04,Turks and Caicos Islands,Anguilla,0.0,2.0,CONCACAF Nations League,False,1006.4,862.3,244.1,A,2024,,,,,,,,,,,,
2024-09-04,Comoros,Gambia,1.0,1.0,African Cup of Nations qualification,True,1443.7,1466.6,-22.9,D,2024,,,,,,,,,,,,
2024-09-04,Malaysia,Philippines,2.0,1.0,Merdeka Tournament,False,1444.1,1221.6,322.5,H,2024,,,,,,,,,,,,
2024-09-04,Lebanon,Tajikistan,1.0,0.0,Merdeka Tournament,True,1428.9,1508.7,-79.8,H,2024,,,,,,,,,,,,
2024-09-04,Gibraltar,Andorra,1.0,0.0,Friendly,False,1153.4,1170.6,82.8,H,2024,,,,,,,,,,,,
2024-09-04,Libya,Rwanda,1.0,1.0,African Cup of Nations qualification,False,1521.4,1433.2,188.2,D,2024,,,,,,,,,,,,
2024-09-05,Argentina,Chile,3.0,0.0,FIFA World Cup qualification,False,2237.8,1800.3,537.6,H,2024,26.03,5.32,21604545.45,19802656.55,,,,,,,,
2024-09-05,Azerbaijan,Sweden,1.0,3.0,UEFA Nations League,False,1544.7,1729.5,-84.8,A,2024,,,,,25.82,4.04,6963513.51,9761318.09,,,,
2024-09-05,Estonia,Slovakia,0.0,1.0,UEFA Nations League,False,1429.2,1736.8,-207.6,A,2024,,,,,,,,,,,,
2024-09-05,Northern Ireland,Luxembourg,2.0,0.0,UEFA Nations League,False,1566.9,1554.1,112.8,H,2024,,,,,,,,,,,,
2024-09-05,Belarus,Bulgaria,0.0,0.0,UEFA Nations League,True,1484.0,1546.6,-62.5,D,2024,,,,,,,,,,,,
2024-09-05,San Marino,Liechtenstein,1.0,0.0,UEFA Nations League,False,860.1,1028.8,-68.7,H,2024,,,,,,,,,,,,
2024-09-05,Bolivia,Venezuela,4.0,0.0,FIFA World Cup qualification,False,1627.2,1909.1,-181.9,H,2024,,,,,,,,,,,,
2024-09-05,Qatar,United Arab Emirates,1.0,3.0,FIFA World Cup qualification,False,1756.6,1631.2,225.4,A,2024,27.27,4.63,325000.0,180277.56,,,,,,,,
2024-09-05,South Korea,Palestine,0.0,0.0,FIFA World Cup qualification,False,1848.3,1539.5,408.9,D,2024,27.27,4.06,3181756.76,10155441.64,,,,,,,,
2024-09-05,Iran,Kyrgyzstan,1.0,0.0,FIFA World Cup qualification,False,1888.7,1437.4,551.3,H,2024,26.76,4.22,975000.0,806812.21,,,,,,,,
2024-09-05,Saudi Arabia,Indonesia,1.0,1.0,FIFA World Cup qualification,False,1708.3,1473.7,334.6,D,2024,26.74,3.93,834868.42,771715.01,,,,,,,,
2024-09-05,Iraq,Oman,1.0,0.0,FIFA World Cup qualification,False,1776.6,1653.0,223.6,H,2024,26.62,3.96,525694.44,683548.9,,,,,,,,
2024-09-05,Serbia,Spain,0.0,0.0,UEFA Nations League,False,1856.2,2205.9,-249.7,D,2024,,,,,24.97,4.27,29397368.42,22672618.39,,,,
2024-09-05,Jordan,Kuwait,1.0,1.0,FIFA World Cup qualification,False,1760.8,1438.2,422.5,D,2024,26.56,4.0,424264.71,978810.15,,,,,,,,
2024-09-05,Japan,China,7.0,0.0,FIFA World Cup qualification,False,1951.1,1538.4,512.7,H,2024,25.18,3.3,8880263.16,13162219.36,,,,,,,,
2024-09-05,Australia,Bahrain,0.0,1.0,FIFA World Cup qualification,False,1882.0,1581.7,400.3,A,2024,26.25,3.83,1424285.71,1872407.6,,,,,,,,
2024-09-05,Uzbekistan,North Korea,1.0,0.0,FIFA World Cup qualification,False,1795.4,1533.5,362.0,H,2024,25.66,3.56,1050000.0,997966.68,,,,,,,,
2024-09-05,Denmark,Switzerland,2.0,0.0,UEFA Nations League,False,1872.7,1962.7,10.0,H,2024,,,,,27.35,3.74,8278378.38,9010328.46,,,,
2024-09-05,Tunisia,Madagascar,1.0,0.0,African Cup of Nations qualification,False,1785.6,1462.3,423.3,H,2024,26.08,4.1,1889743.59,3097624.8,,,,,,,,
2024-09-05,Portugal,Croatia,2.0,1.0,UEFA Nations League,False,2015.8,1973.4,142.4,H,2024,25.46,4.27,29807692.31,24666590.97,26.61,4.35,11324242.42,14363801.94,-1.1499999999999986,-0.08000000000000007,18483449.89,10302789.03
2024-09-05,Scotland,Poland,2.0,3.0,UEFA Nations League,False,1786.0,1785.8,100.2,A,2024,27.91,4.42,6661428.57,9997571.75,,,,,,,,
2024-09-05,Bhutan,Bangladesh,0.0,1.0,Friendly,False,873.7,1110.8,-137.1,A,2024,,,,,,,,,,,,
2024-09-05,Vietnam,Russia,0.0,3.0,Friendly,False,1414.1,1826.6,-312.5,A,2024,,,,,,,,,,,,
2024-09-05,Sri Lanka,Cambodia,0.0,0.0,AFC Asian Cup qualification,False,941.7,1049.8,-8.1,D,2024,,,,,,,,,,,,
2024-09-05,Timor-Leste,Mongolia,4.0,1.0,AFC Asian Cup qualification,True,832.3,1063.7,-231.4,H,2024,,,,,,,,,,,,
2024-09-05,Central African Republic,Lesotho,3.0,1.0,African Cup of Nations qualification,True,1460.0,1374.6,85.4,H,2024,,,,,,,,,,,,
2024-09-05,Algeria,Equatorial Guinea,2.0,0.0,African Cup of Nations qualification,False,1751.3,1596.5,254.9,H,2024,27.18,4.3,5592763.16,8062745.12,,,,,,,,
2024-09-05,Ghana,Angola,0.0,1.0,African Cup of Nations qualification,False,1655.5,1630.4,125.2,A,2024,25.98,3.35,3496250.0,4006333.07,,,,,,,,
2024-09-05,Hong Kong,Solomon Islands,3.0,0.0,Tri-Nations Series,True,1245.2,1543.3,-298.1,H,2024,,,,,,,,,,,,
2024-09-05,Congo,South Sudan,1.0,0.0,African Cup of Nations qualification,False,1388.1,1271.8,216.4,H,2024,,,,,,,,,,,,
2024-09-05,Malawi,Burundi,2.0,3.0,African Cup of Nations qualification,False,1468.5,1454.9,113.5,A,2024,,,,,,,,,,,,
2024-09-05,Guyana,Suriname,1.0,3.0,CONCACAF Nations League,False,1477.0,1492.7,84.3,A,2024,,,,,,,,,,,,
2024-09-05,Costa Rica,Guadeloupe,3.0,0.0,CONCACAF Nations League,False,1768.6,1535.0,333.6,H,2024,,,,,,,,,,,,
2024-09-05,Guatemala,Martinique,3.0,1.0,CONCACAF Nations League,False,1625.9,1568.2,157.6,H,2024,,,,,,,,,,,,
2024-09-05,Montserrat,El Salvador,1.0,4.0,CONCACAF Nations League,True,1291.3,1530.4,-239.1,A,2024,,,,,,,,,,,,
2024-09-05,Bonaire,Saint Vincent and the Grenadines,1.0,1.0,CONCACAF Nations League,False,1172.7,1251.2,21.5,D,2024,,,,,,,,,,,,
2024-09-05,Guinea-Bissau,Eswatini,1.0,0.0,African Cup of Nations qualification,False,1462.6,1325.9,236.7,H,2024,,,,,,,,,,,,
2024-09-06,Puerto Rico,Haiti,1.0,4.0,CONCACAF Nations League,False,1358.5,1657.5,-198.9,A,2024,,,,,25.31,3.98,681481.48,853901.52,,,,
2024-09-06,Belgium,Israel,3.0,1.0,UEFA Nations League,True,1992.7,1618.3,374.3,H,2024,26.05,4.75,15520512.82,12641936.31,,,,,,,,
2024-09-06,France,Italy,1.0,3.0,UEFA Nations League,False,2107.6,1948.5,259.0,A,2024,25.77,3.83,45714285.71,32841238.39,,,,,,,,
2024-09-06,Kazakhstan,Norway,0.0,0.0,UEFA Nations League,False,1512.2,1777.6,-165.4,D,2024,,,,,25.89,2.91,15213513.51,31328556.72,,,,
2024-09-06,Slovenia,Austria,1.0,1.0,UEFA Nations League,False,1824.8,1928.6,-3.8,D,2024,,,,,27.39,3.54,6571052.63,6418144.83,,,,
2024-09-06,Iceland,Montenegro,2.0,0.0,UEFA Nations League,False,1620.1,1604.4,115.8,H,2024,,,,,,,,,,,,
2024-09-06,Wales,Turkey,0.0,0.0,UEFA Nations League,False,1739.5,1857.4,-18.0,D,2024,,,,,26.26,3.38,10855263.16,11453491.71,,,,
2024-09-06,Cook Islands,Tonga,1.0,3.0,FIFA World Cup qualification,True,1189.0,1036.1,152.8,A,2024,,,,,,,,,,,,
2024-09-06,Brazil,Ecuador,1.0,0.0,FIFA World Cup qualification,False,2090.8,1954.9,235.9,H,2024,26.29,3.7,24100000.0,22686845.11,24.45,4.92,6852631.58,15947318.48,1.8399999999999999,-1.2199999999999998,17247368.42,6739526.629999999
2024-09-06,Lithuania,Cyprus,0.0,1.0,UEFA Nations League,False,1408.8,1366.0,142.8,A,2024,,,,,,,,,,,,
2024-09-06,Samoa,American Samoa,2.0,0.0,FIFA World Cup qualification,False,1267.5,999.7,367.7,H,2024,,,,,,,,,,,,
2024-09-06,Peru,Colombia,1.0,1.0,FIFA World Cup qualification,False,1787.6,2125.1,-237.5,D,2024,,,,,26.62,3.83,7905128.21,11942575.18,,,,
2024-09-06,Uruguay,Paraguay,0.0,0.0,FIFA World Cup qualification,False,2054.8,1735.9,418.9,D,2024,24.11,3.24,8326515.15,16462405.45,25.97,4.45,3910294.12,6134147.18,-1.8599999999999994,-1.21,4416221.03,10328258.27
2024-09-06,Sint Maarten,Aruba,2.0,0.0,CONCACAF Nations League,True,1235.1,1226.2,8.8,H,2024,,,,,,,,,,,,
2024-09-06,Kosovo,Romania,0.0,3.0,UEFA Nations League,False,1562.2,1740.5,-78.3,A,2024,,,,,,,,,,,,
2024-09-06,Grenada,Saint Martin,2.0,0.0,CONCACAF Nations League,False,1253.5,1252.0,101.5,H,2024,,,,,,,,,,,,
2024-09-06,Sierra Leone,Chad,0.0,0.0,African Cup of Nations qualification,True,1450.2,1275.4,174.8,D,2024,,,,,,,,,,,,
2024-09-06,Honduras,Trinidad and Tobago,4.0,0.0,CONCACAF Nations League,False,1637.1,1572.9,164.2,H,2024,,,,,,,,,,,,
2024-09-06,Syria,Mauritius,2.0,0.0,Intercontinental Cup,True,1546.2,1219.6,326.7,H,2024,,,,,,,,,,,,
2024-09-06,Brunei,Macau,3.0,0.0,AFC Asian Cup qualification,False,893.3,913.3,80.0,H,2024,,,,,,,,,,,,
2024-09-06,Morocco,Gabon,4.0,1.0,African Cup of Nations qualification,False,1864.1,1548.6,415.5,H,2024,25.05,4.63,10631944.44,13327598.52,,,,,,,,
2024-09-06,Egypt,Cape Verde,3.0,0.0,African Cup of Nations qualification,False,1741.4,1672.7,168.7,H,2024,27.5,3.82,2920000.0,10072765.26,28.07,4.07,1327564.1,2933563.48,-0.5700000000000003,-0.25000000000000044,1592435.9,7139201.779999999
2024-09-06,Togo,Liberia,1.0,1.0,African Cup of Nations qualification,False,1485.1,1423.4,161.7,D,2024,,,,,,,,,,,,
2024-09-06,Ivory Coast,Zambia,2.0,0.0,African Cup of Nations qualification,False,1728.9,1557.9,271.0,H,2024,26.08,4.37,9739285.71,10784448.6,,,,,,,,
2024-09-06,Saint Lucia,Curaçao,2.0,1.0,CONCACAF Nations League,True,1328.8,1523.7,-194.9,H,2024,,,,,25.76,4.71,741071.43,974798.84,,,,
2024-09-06,Mali,Mozambique,1.0,1.0,African Cup of Nations qualification,False,1706.6,1515.1,291.5,D,2024,,,,,,,,,,,,
2024-09-06,Kenya,Zimbabwe,0.0,0.0,African Cup of Nations qualification,True,1486.9,1411.3,75.6,D,2024,,,,,,,,,,,,
2024-09-06,South Africa,Uganda,2.0,2.0,African Cup of Nations qualification,False,1707.5,1477.6,329.8,D,2024,26.77,3.7,691025.64,440915.68,,,,,,,,
2024-09-06,Senegal,Burkina Faso,1.0,1.0,African Cup of Nations qualification,False,1877.3,1601.7,375.5,D,2024,24.78,4.82,8296052.63,8661153.3,,,,,,,,
2024-09-06,French Guiana,Nicaragua,0.0,1.0,CONCACAF Nations League,False,1493.6,1539.7,53.9,A,2024,,,,,,,,,,,,
2024-09-06,Jamaica,Cuba,0.0,0.0,CONCACAF Nations League,False,1709.7,1447.3,362.4,D,2024,,,,,,,,,,,,
2024-09-06,DR Congo,Guinea,1.0,0.0,African Cup of Nations qualification,False,1667.2,1611.4,155.8,H,2024,25.92,3.27,3641176.47,5018677.92,,,,,,,,
2024-09-07,Moldova,Malta,2.0,0.0,UEFA Nations League,False,1398.4,1308.0,190.4,H,2024,,,,,,,,,,,,
2024-09-07,Armenia,Latvia,4.0,1.0,UEFA Nations League,False,1515.1,1376.1,239.0,H,2024,,,,,,,,,,,,
2024-09-07,Faroe Islands,North Macedonia,1.0,1.0,UEFA Nations League,False,1295.6,1602.1,-206.5,D,2024,,,,,,,,,,,,
2024-09-07,Greece,Finland,3.0,0.0,UEFA Nations League,False,1796.5,1677.8,218.6,H,2024,,,,,,,,,,,,
2024-09-07,Republic of Ireland,England,0.0,2.0,UEFA Nations League,False,1675.0,2043.8,-268.8,A,2024,,,,,26.34,4.57,40442857.14,38121004.98,,,,
2024-09-07,Ukraine,Albania,1.0,2.0,UEFA Nations League,True,1866.1,1681.7,184.5,A,2024,,,,,,,,,,,,
2024-09-07,Georgia,Czech Republic,4.0,1.0,UEFA Nations League,False,1760.8,1783.5,77.3,H,2024,,,,,26.58,3.29,5272500.0,5233019.56,,,,
2024-09-07,Netherlands,Bosnia and Herzegovina,5.0,2.0,UEFA Nations League,False,2031.0,1527.3,603.7,H,2024,25.16,3.95,26594594.59,18764125.43,26.9,4.34,3343589.74,4487677.99,-1.7399999999999984,-0.3899999999999997,23251004.85,14276447.44
2024-09-07,Germany,Hungary,5.0,0.0,UEFA Nations League,False,1995.5,1854.1,241.4,H,2024,27.17,4.51,25833333.33,26399179.28,,,,,,,,
2024-09-07,Cayman Islands,Saint Kitts and Nevis,1.0,4.0,CONCACAF Nations League,False,1078.7,1288.7,-110.0,A,2024,,,,,,,,,,,,
2024-09-07,Turks and Caicos Islands,Belize,0.0,4.0,CONCACAF Nations League,False,958.2,1239.1,-180.9,A,2024,,,,,,,,,,,,
2024-09-07,Bahamas,Barbados,2.0,3.0,CONCACAF Nations League,True,1071.3,1128.2,-56.9,A,2024,,,,,,,,,,,,
2024-09-07,Antigua and Barbuda,Dominica,1.0,2.0,CONCACAF Nations League,False,1198.8,1226.2,72.6,A,2024,,,,,,,,,,,,
2024-09-07,Bermuda,Dominican Republic,2.0,3.0,CONCACAF Nations League,True,1316.2,1411.7,-95.5,A,2024,,,,,,,,,,,,
2024-09-07,Cameroon,Namibia,1.0,0.0,African Cup of Nations qualification,False,1693.0,1545.2,247.7,H,2024,,,,,,,,,,,,
2024-09-07,Nigeria,Benin,3.0,0.0,African Cup of Nations qualification,False,1702.4,1515.4,287.0,H,2024,,,,,,,,,,,,
2024-09-07,Mauritania,Botswana,1.0,0.0,African Cup of Nations qualification,False,1453.6,1438.4,115.2,H,2024,,,,,,,,,,,,
2024-09-07,United States,Canada,1.0,2.0,Friendly,False,1845.7,1857.8,87.9,A,2024,24.08,3.7,6193055.56,6525443.29,24.38,3.48,5783108.11,13522066.62,-0.3000000000000007,0.2200000000000002,409947.44999999925,-6996623.329999999
2024-09-07,Mexico,New Zealand,3.0,0.0,Friendly,True,1888.4,1743.5,144.9,H,2024,24.23,3.93,4553676.47,5774335.12,26.42,4.4,882638.89,1683774.9,-2.1900000000000013,-0.4700000000000002,3671037.5799999996,4090560.22
2024-09-08,Gibraltar,Liechtenstein,2.0,2.0,UEFA Nations League,False,1161.1,1004.9,256.2,D,2024,,,,,,,,,,,,
2024-09-08,Bulgaria,Northern Ireland,1.0,0.0,UEFA Nations League,False,1543.0,1587.4,55.6,H,2024,,,,,,,,,,,,
2024-09-08,Luxembourg,Belarus,0.0,1.0,UEFA Nations League,False,1533.5,1487.6,145.9,A,2024,,,,,,,,,,,,
2024-09-08,Sweden,Estonia,3.0,0.0,UEFA Nations League,False,1752.3,1419.9,432.5,H,2024,25.82,4.04,6963513.51,9761318.09,,,,,,,,
2024-09-08,Slovakia,Azerbaijan,2.0,0.0,UEFA Nations League,False,1746.1,1521.9,324.2,H,2024,,,,,,,,,,,,
2024-09-08,Switzerland,Spain,1.0,4.0,UEFA Nations League,False,1933.5,2193.6,-160.1,A,2024,27.35,3.74,8278378.38,9010328.46,24.97,4.27,29397368.42,22672618.39,2.3800000000000026,-0.5299999999999994,-21118990.040000003,-13662289.93
2024-09-08,Denmark,Serbia,2.0,0.0,UEFA Nations League,False,1901.8,1868.5,133.3,H,2024,,,,,,,,,,,,
2024-09-08,Bhutan,Bangladesh,1.0,0.0,Friendly,False,867.4,1117.0,-149.6,H,2024,,,,,,,,,,,,
2024-09-08,Portugal,Scotland,2.0,1.0,UEFA Nations League,False,2028.1,1760.4,367.7,H,2024,25.46,4.27,29807692.31,24666590.97,27.91,4.42,6661428.57,9997571.75,-2.4499999999999993,-0.15000000000000036,23146263.74,14669019.219999999
2024-09-08,Bonaire,El Salvador,1.0,2.0,CONCACAF Nations League,False,1171.5,1544.5,-273.0,A,2024,,,,,,,,,,,,
2024-09-08,Saint Vincent and the Grenadines,Montserrat,2.0,0.0,CONCACAF Nations League,True,1252.5,1277.2,-24.8,H,2024,,,,,,,,,,,,
2024-09-08,Gambia,Tunisia,1.0,2.0,African Cup of Nations qualification,True,1465.3,1788.8,-323.5,A,2024,,,,,26.08,4.1,1889743.59,3097624.8,,,,
2024-09-08,Malaysia,Lebanon,1.0,0.0,Merdeka Tournament,False,1448.1,1447.3,100.8,H,2024,,,,,,,,,,,,
2024-09-08,Tajikistan,Philippines,0.0,0.0,Merdeka Tournament,True,1490.3,1217.5,272.8,D,2024,,,,,,,,,,,,
2024-09-08,Croatia,Poland,1.0,0.0,UEFA Nations League,False,1961.2,1811.4,249.8,H,2024,26.61,4.35,11324242.42,14363801.94,,,,,,,,
2024-09-09,Puerto Rico,Aruba,1.0,0.0,CONCACAF Nations League,False,1341.6,1197.0,244.6,H,2024,,,,,,,,,,,,
2024-09-09,France,Belgium,2.0,0.0,UEFA Nations League,False,2058.6,1998.9,159.7,H,2024,25.77,3.83,45714285.71,32841238.39,26.05,4.75,15520512.82,12641936.31,-0.28000000000000114,-0.9199999999999999,30193772.89,20199302.08
2024-09-09,Israel,Italy,1.0,2.0,UEFA Nations League,True,1612.1,1997.5,-385.4,A,2024,,,,,,,,,,,,
2024-09-09,Norway,Austria,2.0,1.0,UEFA Nations League,False,1768.7,1928.4,-59.7,H,2024,25.89,2.91,15213513.51,31328556.72,27.39,3.54,6571052.63,6418144.83,-1.5,-0.6299999999999999,8642460.879999999,24910411.89
2024-09-09,Slovenia,Kazakhstan,3.0,0.0,UEFA Nations League,False,1825.0,1521.1,403.9,H,2024,,,,,,,,,,,,
2024-09-09,Cyprus,Kosovo,0.0,4.0,UEFA Nations League,False,1393.8,1535.0,-41.2,A,2024,,,,,,,,,,,,
2024-09-09,Turkey,Iceland,3.0,1.0,UEFA Nations League,False,1856.4,1640.5,315.9,H,2024,26.26,3.38,10855263.16,11453491.71,,,,,,,,
2024-09-09,Romania,Lithuania,3.0,1.0,UEFA Nations League,False,1767.7,1381.0,486.8,H,2024,,,,,,,,,,,,
2024-09-09,Samoa,Tonga,2.0,1.0,FIFA World Cup qualification,False,1273.9,1078.6,295.4,H,2024,,,,,,,,,,,,
2024-09-09,Haiti,Sint Maarten,6.0,0.0,CONCACAF Nations League,True,1674.4,1264.3,410.0,H,2024,25.31,3.98,681481.48,853901.52,,,,,,,,
2024-09-09,Montenegro,Wales,1.0,2.0,UEFA Nations League,False,1584.0,1740.5,-56.5,A,2024,,,,,,,,,,,,
2024-09-09,Grenada,Saint Lucia,1.0,2.0,CONCACAF Nations League,False,1275.0,1359.0,16.0,A,2024,,,,,,,,,,,,
2024-09-09,Niger,Ghana,1.0,1.0,African Cup of Nations qualification,True,1342.5,1628.6,-286.2,D,2024,,,,,25.98,3.35,3496250.0,4006333.07,,,,
2024-09-09,Guatemala,Costa Rica,0.0,0.0,CONCACAF Nations League,False,1643.1,1777.6,-34.5,D,2024,,,,,,,,,,,,
2024-09-09,Curaçao,Saint Martin,4.0,0.0,CONCACAF Nations League,True,1493.5,1230.5,263.0,H,2024,25.76,4.71,741071.43,974798.84,,,,,,,,
2024-09-09,Madagascar,Comoros,1.0,1.0,African Cup of Nations qualification,True,1459.1,1445.0,14.1,D,2024,,,,,,,,,,,,
2024-09-09,Morocco,Lesotho,1.0,0.0,African Cup of Nations qualification,False,1869.9,1351.9,618.1,H,2024,25.05,4.63,10631944.44,13327598.52,,,,,,,,
2024-09-09,Equatorial Guinea,Togo,2.0,2.0,African Cup of Nations qualification,False,1585.2,1476.4,208.8,D,2024,,,,,,,,,,,,
2024-09-09,Angola,Sudan,2.0,1.0,African Cup of Nations qualification,False,1657.3,1521.2,236.1,H,2024,,,,,,,,,,,,
2024-09-09,India,Syria,0.0,3.0,Intercontinental Cup,False,1331.9,1552.2,-120.3,A,2024,,,,,,,,,,,,
2024-09-09,Uganda,Congo,2.0,0.0,African Cup of Nations qualification,False,1492.4,1397.1,195.3,H,2024,,,,,,,,,,,,
2024-09-09,Burundi,Senegal,0.0,1.0,African Cup of Nations qualification,True,1481.2,1861.4,-380.1,A,2024,,,,,24.78,4.82,8296052.63,8661153.3,,,,
2024-09-09,Guadeloupe,Suriname,1.0,0.0,CONCACAF Nations League,False,1526.1,1529.8,96.2,H,2024,,,,,,,,,,,,
2024-09-09,Martinique,Guyana,2.0,2.0,CONCACAF Nations League,False,1551.0,1439.9,211.1,D,2024,,,,,,,,,,,,
2024-09-09,Ethiopia,DR Congo,0.0,2.0,African Cup of Nations qualification,True,1422.9,1678.8,-256.0,A,2024,,,,,25.92,3.27,3641176.47,5018677.92,,,,
2024-09-10,Zimbabwe,Cameroon,0.0,0.0,African Cup of Nations qualification,True,1415.6,1700.7,-285.1,D,2024,,,,,,,,,,,,
2024-09-10,Andorra,Malta,0.0,1.0,UEFA Nations League,False,1163.0,1293.0,-30.0,A,2024,,,,,,,,,,,,
2024-09-10,North Macedonia,Armenia,2.0,0.0,UEFA Nations League,False,1591.4,1529.2,162.2,H,2024,,,,,,,,,,,,
2024-09-10,Latvia,Faroe Islands,1.0,0.0,UEFA Nations League,False,1362.0,1306.3,155.7,H,2024,,,,,,,,,,,,
2024-09-10,Republic of Ireland,Greece,0.0,2.0,UEFA Nations League,False,1664.5,1812.0,-47.5,A,2024,,,,,,,,,,,,
2024-09-10,Czech Republic,Ukraine,3.0,2.0,UEFA Nations League,False,1756.2,1836.4,19.8,H,2024,26.58,3.29,5272500.0,5233019.56,,,,,,,,
2024-09-10,Albania,Georgia,0.0,1.0,UEFA Nations League,False,1711.4,1788.1,23.2,A,2024,,,,,,,,,,,,
2024-09-10,Netherlands,Germany,2.0,2.0,UEFA Nations League,False,2033.1,2011.5,121.6,D,2024,25.16,3.95,26594594.59,18764125.43,27.17,4.51,25833333.33,26399179.28,-2.0100000000000016,-0.5599999999999996,761261.2600000016,-7635053.8500000015
2024-09-10,Hungary,Bosnia and Herzegovina,0.0,0.0,UEFA Nations League,False,1838.2,1525.2,413.0,D,2024,,,,,26.9,4.34,3343589.74,4487677.99,,,,
2024-09-10,Colombia,Argentina,2.0,1.0,FIFA World Cup qualification,False,2113.2,2240.9,-27.6,H,2024,26.62,3.83,7905128.21,11942575.18,26.03,5.32,21604545.45,19802656.55,0.5899999999999999,-1.4900000000000002,-13699417.239999998,-7860081.370000001
2024-09-10,England,Finland,2.0,0.0,UEFA Nations League,False,2054.3,1662.4,492.0,H,2024,26.34,4.57,40442857.14,38121004.98,,,,,,,,
2024-09-10,Ecuador,Peru,1.0,0.0,FIFA World Cup qualification,False,1946.7,1799.5,247.2,H,2024,24.45,4.92,6852631.58,15947318.48,,,,,,,,
2024-09-10,United Arab Emirates,Iran,0.0,1.0,FIFA World Cup qualification,False,1678.3,1890.3,-112.0,A,2024,,,,,26.76,4.22,975000.0,806812.21,,,,
2024-09-10,Venezuela,Uruguay,0.0,0.0,FIFA World Cup qualification,False,1853.6,2038.1,-84.5,D,2024,,,,,24.11,3.24,8326515.15,16462405.45,,,,
2024-09-10,Paraguay,Brazil,1.0,0.0,FIFA World Cup qualification,False,1752.6,2099.0,-246.3,H,2024,25.97,4.45,3910294.12,6134147.18,26.29,3.7,24100000.0,22686845.11,-0.3200000000000003,0.75,-20189705.88,-16552697.93
2024-09-10,North Korea,Qatar,2.0,2.0,FIFA World Cup qualification,True,1529.0,1709.5,-180.4,D,2024,,,,,27.27,4.63,325000.0,180277.56,,,,
2024-09-10,Kyrgyzstan,Uzbekistan,2.0,3.0,FIFA World Cup qualification,False,1435.8,1799.9,-264.0,A,2024,,,,,25.66,3.56,1050000.0,997966.68,,,,
2024-09-10,Oman,South Korea,1.0,3.0,FIFA World Cup qualification,False,1644.4,1831.8,-87.4,A,2024,,,,,27.27,4.06,3181756.76,10155441.64,,,,
2024-09-10,Kuwait,Iraq,0.0,0.0,FIFA World Cup qualification,False,1455.0,1785.3,-230.3,D,2024,,,,,26.62,3.96,525694.44,683548.9,,,,
2024-09-10,Palestine,Jordan,1.0,3.0,FIFA World Cup qualification,True,1556.0,1744.0,-188.0,A,2024,,,,,26.56,4.0,424264.71,978810.15,,,,
2024-09-10,Bahrain,Japan,0.0,5.0,FIFA World Cup qualification,False,1618.1,1955.5,-237.4,A,2024,,,,,25.18,3.3,8880263.16,13162219.36,,,,
2024-09-10,Indonesia,Australia,0.0,0.0,FIFA World Cup qualification,False,1488.6,1845.7,-257.0,D,2024,,,,,26.25,3.83,1424285.71,1872407.6,,,,
2024-09-10,China,Saudi Arabia,1.0,2.0,FIFA World Cup qualification,False,1533.9,1693.4,-59.5,A,2024,,,,,26.74,3.93,834868.42,771715.01,,,,
2024-09-10,Saint Kitts and Nevis,British Virgin Islands,2.0,0.0,CONCACAF Nations League,True,1313.0,944.2,368.8,H,2024,,,,,,,,,,,,
2024-09-10,Chile,Bolivia,1.0,2.0,FIFA World Cup qualification,False,1797.2,1682.7,214.6,A,2024,,,,,,,,,,,,
2024-09-10,Belize,Anguilla,1.0,0.0,CONCACAF Nations League,True,1258.7,910.5,348.2,H,2024,,,,,,,,,,,,
2024-09-10,Honduras,Jamaica,1.0,2.0,CONCACAF Nations League,False,1658.1,1694.1,63.9,A,2024,,,,,,,,,,,,
2024-09-10,Antigua and Barbuda,Bermuda,0.0,1.0,CONCACAF Nations League,False,1174.7,1301.6,-26.8,A,2024,,,,,,,,,,,,
2024-09-10,United States Virgin Islands,Barbados,0.0,3.0,CONCACAF Nations League,False,929.7,1144.9,-115.2,A,2024,,,,,,,,,,,,
2024-09-10,Mexico,Canada,0.0,0.0,Friendly,True,1899.0,1870.3,28.7,D,2024,24.23,3.93,4553676.47,5774335.12,24.38,3.48,5783108.11,13522066.62,-0.14999999999999858,0.4500000000000002,-1229431.6400000006,-7747731.499999999
2024-09-10,Moldova,San Marino,1.0,0.0,Friendly,False,1413.4,884.0,629.4,H,2024,,,,,,,,,,,,
2024-09-10,United States,New Zealand,1.0,1.0,Friendly,False,1833.2,1732.9,200.3,D,2024,24.08,3.7,6193055.56,6525443.29,26.42,4.4,882638.89,1683774.9,-2.3400000000000034,-0.7000000000000002,5310416.67,4841668.390000001
2024-09-10,Vietnam,Thailand,1.0,2.0,Friendly,False,1409.1,1560.4,-51.3,A,2024,,,,,,,,,,,,
2024-09-10,Cambodia,Sri Lanka,2.0,2.0,AFC Asian Cup qualification,False,1049.4,942.2,207.2,D,2024,,,,,,,,,,,,
2024-09-10,Macau,Brunei,0.0,1.0,AFC Asian Cup qualification,False,886.2,920.3,65.8,A,2024,,,,,,,,,,,,
2024-09-10,Mongolia,Timor-Leste,2.0,0.0,AFC Asian Cup qualification,False,1008.3,887.6,220.7,H,2024,,,,,,,,,,,,
2024-09-10,Gabon,Central African Republic,2.0,0.0,African Cup of Nations qualification,False,1542.7,1482.8,160.0,H,2024,,,,,,,,,,,,
2024-09-10,Botswana,Egypt,0.0,4.0,African Cup of Nations qualification,False,1424.8,1760.6,-235.8,A,2024,,,,,27.5,3.82,2920000.0,10072765.26,,,,
2024-09-10,Cape Verde,Mauritania,2.0,0.0,African Cup of Nations qualification,False,1653.5,1467.2,286.3,H,2024,28.07,4.07,1327564.1,2933563.48,,,,,,,,
2024-09-10,Rwanda,Nigeria,0.0,0.0,African Cup of Nations qualification,False,1443.0,1713.7,-170.7,D,2024,,,,,,,,,,,,
2024-09-10,South Sudan,South Africa,2.0,3.0,African Cup of Nations qualification,False,1262.8,1692.7,-329.8,A,2024,,,,,26.77,3.7,691025.64,440915.68,,,,
2024-09-10,Liberia,Algeria,0.0,3.0,African Cup of Nations qualification,False,1432.1,1762.6,-230.5,A,2024,,,,,27.18,4.3,5592763.16,8062745.12,,,,
2024-09-10,Dominican Republic,Dominica,2.0,0.0,CONCACAF Nations League,True,1426.3,1250.4,176.0,H,2024,,,,,,,,,,,,
2024-09-10,Trinidad and Tobago,French Guiana,0.0,0.0,CONCACAF Nations League,False,1551.9,1470.5,181.4,D,2024,,,,,,,,,,,,
2024-09-10,Cuba,Nicaragua,1.0,1.0,CONCACAF Nations League,False,1462.9,1562.8,0.1,D,2024,,,,,,,,,,,,
2024-09-10,Burkina Faso,Malawi,3.0,1.0,African Cup of Nations qualification,True,1617.6,1442.1,175.4,H,2024,,,,,,,,,,,,
2024-09-10,Namibia,Kenya,1.0,2.0,African Cup of Nations qualification,True,1537.5,1482.7,54.8,A,2024,,,,,,,,,,,,
2024-09-10,Benin,Libya,2.0,1.0,African Cup of Nations qualification,True,1504.2,1511.5,-7.3,H,2024,,,,,,,,,,,,
2024-09-10,Mozambique,Guinea-Bissau,2.0,1.0,African Cup of Nations qualification,False,1528.8,1470.7,158.1,H,2024,,,,,,,,,,,,
2024-09-10,Guinea,Tanzania,1.0,2.0,African Cup of Nations qualification,True,1599.8,1493.8,106.0,A,2024,,,,,,,,,,,,
2024-09-10,Chad,Ivory Coast,0.0,2.0,African Cup of Nations qualification,True,1284.7,1739.3,-454.6,A,2024,,,,,26.08,4.37,9739285.71,10784448.6,,,,
2024-09-10,Eswatini,Mali,0.0,1.0,African Cup of Nations qualification,True,1317.7,1692.9,-375.2,A,2024,,,,,,,,,,,,
2024-09-10,Zambia,Sierra Leone,3.0,2.0,African Cup of Nations qualification,False,1547.5,1440.9,206.5,H,2024,,,,,,,,,,,,
2024-10-08,Brunei,Timor-Leste,0.0,1.0,ASEAN Championship qualification,False,944.1,874.5,169.6,A,2024,,,,,,,,,,,,
2024-10-09,Saint Kitts and Nevis,British Virgin Islands,3.0,1.0,CONCACAF Nations League,False,1319.4,937.8,481.6,H,2024,,,,,,,,,,,,
2024-10-09,Barbados,United States Virgin Islands,5.0,0.0,CONCACAF Nations League,False,1168.7,905.9,362.8,H,2024,,,,,,,,,,,,
2024-10-09,Belize,Anguilla,1.0,0.0,CONCACAF Nations League,False,1263.4,905.8,457.7,H,2024,,,,,,,,,,,,
2024-10-10,Venezuela,Argentina,1.0,1.0,FIFA World Cup qualification,False,1858.3,2219.3,-261.0,D,2024,,,,,26.03,5.32,21604545.45,19802656.55,,,,
2024-10-10,Ecuador,Paraguay,0.0,0.0,FIFA World Cup qualification,False,1954.5,1784.8,269.7,D,2024,24.45,4.92,6852631.58,15947318.48,25.97,4.45,3910294.12,6134147.18,-1.5199999999999996,0.46999999999999975,2942337.46,9813171.3
2024-10-10,Saudi Arabia,Japan,0.0,2.0,FIFA World Cup qualification,False,1710.0,1971.8,-161.8,A,2024,26.74,3.93,834868.42,771715.01,25.18,3.3,8880263.16,13162219.36,1.5599999999999987,0.6300000000000003,-8045394.74,-12390504.35
2024-10-10,Moldova,Andorra,2.0,0.0,UEFA Nations League,False,1414.0,1144.7,369.3,H,2024,,,,,,,,,,,,
2024-10-10,Chile,Brazil,1.0,2.0,FIFA World Cup qualification,False,1766.3,2066.8,-200.5,A,2024,,,,,26.29,3.7,24100000.0,22686845.11,,,,
2024-10-10,Gibraltar,San Marino,1.0,0.0,UEFA Nations League,False,1148.5,883.5,365.1,H,2024,,,,,,,,,,,,
2024-10-10,Bolivia,Colombia,1.0,0.0,FIFA World Cup qualification,False,1713.7,2134.8,-321.1,H,2024,,,,,26.62,3.83,7905128.21,11942575.18,,,,
2024-10-10,Papua New Guinea,New Caledonia,1.0,3.0,FIFA World Cup qualification,True,1424.3,1566.9,-142.6,A,2024,,,,,,,,,,,,
2024-10-10,United Arab Emirates,North Korea,1.0,1.0,FIFA World Cup qualification,False,1664.5,1538.6,226.0,D,2024,,,,,,,,,,,,
2024-10-10,Qatar,Kyrgyzstan,3.0,1.0,FIFA World Cup qualification,False,1699.9,1428.6,371.3,H,2024,27.27,4.63,325000.0,180277.56,,,,,,,,
2024-10-10,Uzbekistan,Iran,0.0,0.0,FIFA World Cup qualification,False,1807.0,1904.1,2.9,D,2024,25.66,3.56,1050000.0,997966.68,26.76,4.22,975000.0,806812.21,-1.1000000000000014,-0.6599999999999997,75000.0,191154.4700000001
2024-10-10,Jordan,South Korea,0.0,2.0,FIFA World Cup qualification,False,1759.2,1854.4,4.8,A,2024,26.56,4.0,424264.71,978810.15,27.27,4.06,3181756.76,10155441.64,-0.7100000000000009,-0.05999999999999961,-2757492.05,-9176631.49
2024-10-10,Oman,Kuwait,4.0,0.0,FIFA World Cup qualification,False,1621.8,1466.6,255.2,H,2024,,,,,,,,,,,,
2024-10-10,Iraq,Palestine,1.0,0.0,FIFA World Cup qualification,False,1773.7,1540.8,332.9,H,2024,26.62,3.96,525694.44,683548.9,,,,,,,,
2024-10-10,Faroe Islands,Armenia,2.0,2.0,UEFA Nations League,False,1294.7,1512.3,-117.6,D,2024,,,,,,,,,,,,
2024-10-10,Australia,China,3.0,1.0,FIFA World Cup qualification,False,1833.1,1517.3,415.8,H,2024,26.25,3.83,1424285.71,1872407.6,,,,,,,,
2024-10-10,Fiji,Solomon Islands,1.0,0.0,FIFA World Cup qualification,False,1541.0,1498.8,142.3,H,2024,,,,,,,,,,,,
2024-10-10,Bahrain,Indonesia,2.0,2.0,FIFA World Cup qualification,False,1601.8,1501.2,200.6,D,2024,,,,,,,,,,,,
2024-10-10,Latvia,North Macedonia,0.0,3.0,UEFA Nations League,False,1373.6,1608.4,-134.8,A,2024,,,,,,,,,,,,
2024-10-10,Austria,Kazakhstan,4.0,0.0,UEFA Nations League,False,1905.0,1514.8,490.2,H,2024,27.39,3.54,6571052.63,6418144.83,,,,,,,,
2024-10-10,Norway,Slovenia,3.0,0.0,UEFA Nations League,False,1792.1,1831.2,60.9,H,2024,25.89,2.91,15213513.51,31328556.72,,,,,,,,
2024-10-10,Liechtenstein,Hong Kong,1.0,0.0,Friendly,False,1017.5,1289.7,-172.2,H,2024,,,,,,,,,,,,
2024-10-10,Myanmar,Sri Lanka,2.0,0.0,Friendly,False,1102.5,952.9,249.6,H,2024,,,,,,,,,,,,
2024-10-10,Cape Verde,Botswana,0.0,1.0,African Cup of Nations qualification,False,1663.1,1409.5,353.7,A,2024,28.07,4.07,1327564.1,2933563.48,,,,,,,,
2024-10-10,Algeria,Togo,5.0,1.0,African Cup of Nations qualification,False,1777.3,1487.2,390.1,H,2024,27.18,4.3,5592763.16,8062745.12,,,,,,,,
2024-10-10,Ghana,Sudan,0.0,0.0,African Cup of Nations qualification,False,1615.1,1513.1,202.0,D,2024,25.98,3.35,3496250.0,4006333.07,,,,,,,,
2024-10-10,DR Congo,Tanzania,1.0,0.0,African Cup of Nations qualification,False,1690.0,1519.7,270.3,H,2024,25.92,3.27,3641176.47,5018677.92,,,,,,,,
2024-10-10,Namibia,Zimbabwe,0.0,1.0,African Cup of Nations qualification,True,1514.3,1429.1,85.2,A,2024,,,,,,,,,,,,
2024-10-10,Saint Vincent and the Grenadines,El Salvador,2.0,3.0,CONCACAF Nations League,False,1284.6,1551.4,-166.8,A,2024,,,,,,,,,,,,
2024-10-10,Cuba,Trinidad and Tobago,2.0,2.0,CONCACAF Nations League,False,1462.9,1542.3,20.6,D,2024,,,,,,,,,,,,
2024-10-10,Burkina Faso,Burundi,4.0,1.0,African Cup of Nations qualification,True,1633.6,1477.2,156.4,H,2024,,,,,,,,,,,,
2024-10-10,England,Greece,1.0,2.0,UEFA Nations League,False,2057.7,1837.9,319.8,A,2024,26.34,4.57,40442857.14,38121004.98,,,,,,,,
2024-10-10,Italy,Belgium,2.0,2.0,UEFA Nations League,False,2001.4,1981.8,119.6,D,2024,,,,,26.05,4.75,15520512.82,12641936.31,,,,
2024-10-10,Finland,Republic of Ireland,1.0,2.0,UEFA Nations League,False,1659.0,1638.6,120.5,A,2024,,,,,,,,,,,,
2024-10-10,Bonaire,Montserrat,0.0,1.0,CONCACAF Nations League,True,1164.6,1245.1,-80.5,A,2024,,,,,,,,,,,,
2024-10-10,Nicaragua,Jamaica,0.0,2.0,CONCACAF Nations League,False,1562.8,1717.7,-54.9,A,2024,,,,,,,,,,,,
2024-10-10,French Guiana,Honduras,2.0,3.0,CONCACAF Nations League,False,1480.1,1634.4,-54.3,A,2024,,,,,,,,,,,,
2024-10-10,Israel,France,1.0,4.0,UEFA Nations League,True,1608.2,2075.7,-467.5,A,2024,,,,,25.77,3.83,45714285.71,32841238.39,,,,
2024-10-11,Guyana,Guatemala,1.0,3.0,CONCACAF Nations League,False,1450.7,1645.1,-94.4,A,2024,,,,,,,,,,,,
2024-10-11,Hungary,Netherlands,1.0,1.0,UEFA Nations League,False,1821.6,2026.3,-104.8,D,2024,,,,,25.16,3.95,26594594.59,18764125.43,,,,
2024-10-11,Grenada,Curaçao,0.0,0.0,CONCACAF Nations League,True,1254.0,1507.1,-253.0,D,2024,,,,,25.76,4.71,741071.43,974798.84,,,,
2024-10-11,Saint Lucia,Saint Martin,2.0,1.0,CONCACAF Nations League,False,1379.9,1217.0,262.9,H,2024,,,,,,,,,,,,
2024-10-11,Sint Maarten,Puerto Rico,3.0,2.0,CONCACAF Nations League,True,1257.0,1349.5,-92.5,H,2024,,,,,,,,,,,,
2024-10-11,Aruba,Haiti,1.0,3.0,CONCACAF Nations League,False,1189.2,1681.7,-392.5,A,2024,,,,,25.31,3.98,681481.48,853901.52,,,,
2024-10-11,Bosnia and Herzegovina,Germany,1.0,2.0,UEFA Nations League,False,1541.8,2018.2,-376.4,A,2024,26.9,4.34,3343589.74,4487677.99,27.17,4.51,25833333.33,26399179.28,-0.2700000000000031,-0.16999999999999993,-22489743.589999996,-21911501.29
2024-10-11,Czech Republic,Albania,2.0,0.0,UEFA Nations League,False,1775.0,1690.0,185.0,H,2024,26.58,3.29,5272500.0,5233019.56,,,,,,,,
2024-10-11,Estonia,Azerbaijan,3.0,1.0,UEFA Nations League,False,1414.5,1513.9,0.6,H,2024,,,,,,,,,,,,
2024-10-11,Iceland,Wales,2.0,2.0,UEFA Nations League,False,1632.1,1757.3,-25.1,D,2024,,,,,,,,,,,,
2024-10-11,Turkey,Montenegro,1.0,0.0,UEFA Nations League,False,1864.8,1567.2,397.5,H,2024,26.26,3.38,10855263.16,11453491.71,,,,,,,,
2024-10-11,Slovakia,Sweden,2.0,2.0,UEFA Nations League,False,1754.1,1757.7,96.4,D,2024,,,,,25.82,4.04,6963513.51,9761318.09,,,,
2024-10-11,Peru,Uruguay,1.0,0.0,FIFA World Cup qualification,False,1791.7,2033.3,-141.6,H,2024,,,,,24.11,3.24,8326515.15,16462405.45,,,,
2024-10-11,New Zealand,Tahiti,3.0,0.0,FIFA World Cup qualification,True,1738.1,1516.9,221.2,H,2024,26.42,4.4,882638.89,1683774.9,,,,,,,,
2024-10-11,Syria,Tajikistan,1.0,0.0,King's Cup,True,1569.7,1480.5,89.2,H,2024,,,,,,,,,,,,
2024-10-11,Thailand,Philippines,3.0,1.0,King's Cup,False,1568.9,1227.4,441.5,H,2024,,,,,,,,,,,,
2024-10-11,Ukraine,Georgia,1.0,0.0,UEFA Nations League,True,1817.5,1809.5,8.1,H,2024,,,,,,,,,,,,
2024-10-11,Suriname,Costa Rica,1.0,1.0,CONCACAF Nations League,False,1515.2,1775.6,-160.4,D,2024,,,,,,,,,,,,
2024-10-11,Guadeloupe,Martinique,0.0,1.0,CONCACAF Nations League,False,1540.7,1540.1,100.5,A,2024,,,,,,,,,,,,
2024-10-11,South Africa,Congo,5.0,0.0,African Cup of Nations qualification,False,1697.9,1382.4,415.5,H,2024,26.77,3.7,691025.64,440915.68,,,,,,,,
2024-10-11,Senegal,Malawi,4.0,0.0,African Cup of Nations qualification,False,1865.4,1426.1,539.3,H,2024,24.78,4.82,8296052.63,8661153.3,,,,,,,,
2024-10-11,Cambodia,Taiwan,3.0,2.0,Friendly,False,1038.7,1091.6,47.1,H,2024,,,,,,,,,,,,
2024-10-11,Madagascar,Gambia,1.0,1.0,African Cup of Nations qualification,True,1458.3,1459.9,-1.6,D,2024,,,,,,,,,,,,
2024-10-11,Tunisia,Comoros,0.0,1.0,African Cup of Nations qualification,False,1794.2,1445.8,448.4,A,2024,26.08,4.1,1889743.59,3097624.8,,,,,,,,
2024-10-11,Egypt,Mauritania,2.0,0.0,African Cup of Nations qualification,False,1776.0,1457.5,418.5,H,2024,27.5,3.82,2920000.0,10072765.26,,,,,,,,
2024-10-11,Benin,Rwanda,3.0,0.0,African Cup of Nations qualification,True,1524.6,1452.1,72.4,H,2024,,,,,,,,,,,,
2024-10-11,Nigeria,Libya,1.0,0.0,African Cup of Nations qualification,False,1704.6,1491.1,313.5,H,2024,,,,,,,,,,,,
2024-10-11,Gabon,Lesotho,0.0,0.0,African Cup of Nations qualification,False,1559.8,1350.7,309.1,D,2024,,,,,,,,,,,,
2024-10-11,Angola,Niger,2.0,0.0,African Cup of Nations qualification,False,1665.5,1356.0,409.5,H,2024,,,,,,,,,,,,
2024-10-11,Zambia,Chad,0.0,0.0,African Cup of Nations qualification,False,1556.8,1280.6,376.2,D,2024,,,,,,,,,,,,
2024-10-11,Ivory Coast,Sierra Leone,4.0,1.0,African Cup of Nations qualification,False,1743.4,1431.6,411.8,H,2024,26.08,4.37,9739285.71,10784448.6,,,,,,,,
2024-10-11,Mozambique,Eswatini,1.0,1.0,African Cup of Nations qualification,False,1540.3,1313.6,326.7,D,2024,,,,,,,,,,,,
2024-10-11,Mali,Guinea-Bissau,1.0,0.0,African Cup of Nations qualification,False,1697.1,1459.2,337.8,H,2024,,,,,,,,,,,,
2024-10-11,Cameroon,Kenya,4.0,1.0,African Cup of Nations qualification,False,1687.2,1505.8,281.4,H,2024,,,,,,,,,,,,
2024-10-11,Uganda,South Sudan,1.0,0.0,African Cup of Nations qualification,False,1507.1,1257.6,349.5,H,2024,,,,,,,,,,,,
2024-10-11,Equatorial Guinea,Liberia,1.0,0.0,African Cup of Nations qualification,False,1574.5,1417.4,257.1,H,2024,,,,,,,,,,,,
2024-10-12,Poland,Portugal,1.0,3.0,UEFA Nations League,False,1803.7,2032.4,-128.6,A,2024,,,,,25.46,4.27,29807692.31,24666590.97,,,,
2024-10-12,Vanuatu,Samoa,4.0,1.0,FIFA World Cup qualification,False,1419.8,1280.1,239.7,H,2024,,,,,,,,,,,,
2024-10-12,Belarus,Northern Ireland,0.0,0.0,UEFA Nations League,True,1515.5,1570.6,-55.1,D,2024,,,,,,,,,,,,
2024-10-12,Bulgaria,Luxembourg,0.0,0.0,UEFA Nations League,False,1559.8,1505.5,154.3,D,2024,,,,,,,,,,,,
2024-10-12,Cyprus,Romania,0.0,3.0,UEFA Nations League,False,1360.7,1771.2,-310.5,A,2024,,,,,,,,,,,,
2024-10-12,Spain,Denmark,1.0,0.0,UEFA Nations League,False,2213.5,1920.8,392.7,H,2024,24.97,4.27,29397368.42,22672618.39,,,,,,,,
2024-10-12,Serbia,Switzerland,2.0,0.0,UEFA Nations League,False,1849.5,1913.6,35.9,H,2024,,,,,27.35,3.74,8278378.38,9010328.46,,,,
2024-10-12,Croatia,Scotland,2.0,1.0,UEFA Nations League,False,1968.9,1756.1,312.8,H,2024,26.61,4.35,11324242.42,14363801.94,27.91,4.42,6661428.57,9997571.75,-1.3000000000000007,-0.07000000000000028,4662813.85,4366230.1899999995
2024-10-12,Lithuania,Kosovo,1.0,2.0,UEFA Nations League,False,1377.5,1568.0,-90.5,A,2024,,,,,,,,,,,,
2024-10-12,Turks and Caicos Islands,Anguilla,2.0,1.0,CONCACAF Nations League,True,938.6,903.1,35.6,H,2024,,,,,,,,,,,,
2024-10-12,Bahamas,United States Virgin Islands,3.0,1.0,CONCACAF Nations League,True,1054.5,897.1,157.4,H,2024,,,,,,,,,,,,
2024-10-12,Bermuda,Dominica,6.0,1.0,CONCACAF Nations League,False,1320.0,1234.4,185.6,H,2024,,,,,,,,,,,,
2024-10-12,Antigua and Barbuda,Dominican Republic,0.0,5.0,CONCACAF Nations League,True,1156.3,1442.3,-286.1,A,2024,,,,,,,,,,,,
2024-10-12,Guinea,Ethiopia,4.0,1.0,African Cup of Nations qualification,True,1573.9,1411.7,162.2,H,2024,,,,,,,,,,,,
2024-10-12,Morocco,Central African Republic,5.0,0.0,African Cup of Nations qualification,False,1871.0,1465.7,505.4,H,2024,25.05,4.63,10631944.44,13327598.52,,,,,,,,
2024-10-12,Vietnam,India,1.0,1.0,Friendly,False,1400.6,1314.4,186.2,D,2024,,,,,,,,,,,,
2024-10-12,United States,Panama,2.0,0.0,Friendly,False,1828.0,1845.9,82.1,H,2024,24.08,3.7,6193055.56,6525443.29,26.41,4.02,698611.11,953719.77,-2.330000000000002,-0.3199999999999994,5494444.449999999,5571723.52
2024-10-12,Cayman Islands,British Virgin Islands,1.0,0.0,CONCACAF Nations League,True,1054.5,934.3,120.2,H,2024,,,,,,,,,,,,
2024-10-13,Malta,Moldova,1.0,0.0,UEFA Nations League,False,1311.3,1420.3,-9.1,H,2024,,,,,,,,,,,,
2024-10-13,Liechtenstein,Gibraltar,0.0,0.0,UEFA Nations League,False,1032.1,1152.9,-20.8,D,2024,,,,,,,,,,,,
2024-10-13,Armenia,North Macedonia,0.0,2.0,UEFA Nations League,False,1505.7,1630.4,-24.7,A,2024,,,,,,,,,,,,
2024-10-13,Faroe Islands,Latvia,1.0,1.0,UEFA Nations League,False,1301.2,1351.5,49.7,D,2024,,,,,,,,,,,,
2024-10-13,Kazakhstan,Slovenia,0.0,1.0,UEFA Nations League,False,1510.6,1802.3,-191.7,A,2024,,,,,,,,,,,,
2024-10-13,Greece,Republic of Ireland,2.0,0.0,UEFA Nations League,False,1872.4,1665.2,307.2,H,2024,,,,,,,,,,,,
2024-10-13,Austria,Norway,5.0,1.0,UEFA Nations League,False,1909.2,1821.0,188.2,H,2024,27.39,3.54,6571052.63,6418144.83,25.89,2.91,15213513.51,31328556.72,1.5,0.6299999999999999,-8642460.879999999,-24910411.89
2024-10-13,Saint Vincent and the Grenadines,El Salvador,2.0,1.0,CONCACAF Nations League,False,1273.5,1562.5,-189.0,H,2024,,,,,,,,,,,,
2024-10-13,Montserrat,Bonaire,0.0,1.0,CONCACAF Nations League,True,1260.5,1149.2,111.4,A,2024,,,,,,,,,,,,
2024-10-13,Burundi,Burkina Faso,0.0,2.0,African Cup of Nations qualification,True,1457.0,1653.8,-196.9,A,2024,,,,,,,,,,,,
2024-10-13,Myanmar,Sri Lanka,0.0,0.0,Friendly,False,1108.2,947.1,261.1,D,2024,,,,,,,,,,,,
2024-10-13,Andorra,San Marino,2.0,0.0,Friendly,False,1138.3,879.1,359.2,H,2024,,,,,,,,,,,,
2024-10-13,Finland,England,1.0,3.0,UEFA Nations League,False,1632.4,2023.2,-290.8,A,2024,,,,,26.34,4.57,40442857.14,38121004.98,,,,
2024-10-14,Italy,Israel,4.0,1.0,UEFA Nations League,False,1994.8,1603.7,491.1,H,2024,,,,,,,,,,,,
2024-10-14,Bosnia and Herzegovina,Hungary,0.0,2.0,UEFA Nations League,False,1537.7,1827.4,-189.7,A,2024,26.9,4.34,3343589.74,4487677.99,,,,,,,,
2024-10-14,Germany,Netherlands,1.0,0.0,UEFA Nations League,False,2022.3,2020.5,101.8,H,2024,27.17,4.51,25833333.33,26399179.28,25.16,3.95,26594594.59,18764125.43,2.0100000000000016,0.5599999999999996,-761261.2600000016,7635053.8500000015
2024-10-14,Georgia,Albania,0.0,1.0,UEFA Nations League,False,1789.9,1674.7,215.3,A,2024,,,,,,,,,,,,
2024-10-14,Ukraine,Czech Republic,1.0,1.0,UEFA Nations League,True,1837.1,1790.4,46.7,D,2024,,,,,26.58,3.29,5272500.0,5233019.56,,,,
2024-10-14,Azerbaijan,Slovakia,1.0,3.0,UEFA Nations League,False,1483.9,1748.7,-164.8,A,2024,,,,,,,,,,,,
2024-10-14,Wales,Montenegro,1.0,0.0,UEFA Nations League,False,1755.8,1563.5,292.3,H,2024,,,,,,,,,,,,
2024-10-14,Estonia,Sweden,0.0,3.0,UEFA Nations League,False,1444.4,1763.1,-218.6,A,2024,,,,,25.82,4.04,6963513.51,9761318.09,,,,
2024-10-14,Tajikistan,Philippines,0.0,3.0,King's Cup,True,1469.2,1224.1,245.2,A,2024,,,,,,,,,,,,
2024-10-14,Thailand,Syria,2.0,1.0,King's Cup,False,1572.2,1580.9,91.3,H,2024,,,,,,,,,,,,
2024-10-14,Belgium,France,1.0,2.0,UEFA Nations League,False,1988.4,2080.2,8.3,A,2024,26.05,4.75,15520512.82,12641936.31,25.77,3.83,45714285.71,32841238.39,0.28000000000000114,0.9199999999999999,-30193772.89,-20199302.08
2024-10-14,Iceland,Turkey,2.0,4.0,UEFA Nations League,False,1633.6,1868.5,-134.9,A,2024,,,,,26.26,3.38,10855263.16,11453491.71,,,,
2024-10-14,Aruba,Haiti,3.0,5.0,CONCACAF Nations League,False,1183.5,1687.4,-403.9,A,2024,,,,,25.31,3.98,681481.48,853901.52,,,,
2024-10-14,Gambia,Madagascar,1.0,0.0,African Cup of Nations qualification,True,1459.8,1458.4,1.4,H,2024,,,,,,,,,,,,
2024-10-14,Saint Lucia,Saint Martin,0.0,4.0,CONCACAF Nations League,False,1387.1,1209.8,277.3,A,2024,,,,,,,,,,,,
2024-10-14,Puerto Rico,Sint Maarten,2.0,1.0,CONCACAF Nations League,True,1324.3,1282.2,42.1,H,2024,,,,,,,,,,,,
2024-10-14,Liberia,Equatorial Guinea,1.0,2.0,African Cup of Nations qualification,False,1410.0,1581.9,-71.9,A,2024,,,,,,,,,,,,
2024-10-14,Togo,Algeria,0.0,1.0,African Cup of Nations qualification,False,1480.0,1784.4,-204.4,A,2024,,,,,27.18,4.3,5592763.16,8062745.12,,,,
2024-10-14,Eswatini,Mozambique,0.0,3.0,African Cup of Nations qualification,True,1328.3,1525.6,-197.3,A,2024,,,,,,,,,,,,
2024-10-14,Kenya,Cameroon,0.0,1.0,African Cup of Nations qualification,True,1494.2,1698.8,-204.5,A,2024,,,,,,,,,,,,
2024-10-14,New Zealand,Malaysia,4.0,0.0,Friendly,False,1753.4,1458.9,394.5,H,2024,26.42,4.4,882638.89,1683774.9,,,,,,,,
2024-10-14,Nicaragua,French Guiana,3.0,2.0,CONCACAF Nations League,False,1537.5,1463.2,174.3,H,2024,,,,,,,,,,,,
2024-10-14,Jamaica,Honduras,0.0,0.0,CONCACAF Nations League,False,1743.0,1651.3,191.7,D,2024,,,,,,,,,,,,
2024-10-14,Trinidad and Tobago,Cuba,3.0,1.0,CONCACAF Nations League,False,1543.5,1461.7,181.8,H,2024,,,,,,,,,,,,
2024-10-14,Curaçao,Grenada,1.0,0.0,CONCACAF Nations League,True,1494.6,1266.5,228.1,H,2024,25.76,4.71,741071.43,974798.84,,,,,,,,
2024-10-14,Zimbabwe,Namibia,3.0,1.0,African Cup of Nations qualification,True,1453.9,1489.5,-35.6,H,2024,,,,,,,,,,,,
2024-10-15,Scotland,Portugal,0.0,0.0,UEFA Nations League,False,1750.4,2051.7,-201.3,D,2024,27.91,4.42,6661428.57,9997571.75,25.46,4.27,29807692.31,24666590.97,2.4499999999999993,0.15000000000000036,-23146263.74,-14669019.219999999
2024-10-15,Colombia,Chile,4.0,0.0,FIFA World Cup qualification,False,2100.3,1756.7,443.6,H,2024,26.62,3.83,7905128.21,11942575.18,,,,,,,,
2024-10-15,Poland,Croatia,3.0,3.0,UEFA Nations League,False,1784.4,1974.5,-90.2,D,2024,,,,,26.61,4.35,11324242.42,14363801.94,,,,
2024-10-15,Spain,Serbia,3.0,0.0,UEFA Nations League,False,2217.3,1876.4,440.9,H,2024,24.97,4.27,29397368.42,22672618.39,,,,,,,,
2024-10-15,Switzerland,Denmark,2.0,2.0,UEFA Nations League,False,1886.7,1917.0,69.6,D,2024,27.35,3.74,8278378.38,9010328.46,,,,,,,,
2024-10-15,Timor-Leste,Brunei,0.0,0.0,ASEAN Championship qualification,True,903.5,915.0,-11.5,D,2024,,,,,,,,,,,,
2024-10-15,Kosovo,Cyprus,3.0,0.0,UEFA Nations League,False,1582.9,1350.6,332.3,H,2024,,,,,,,,,,,,
2024-10-15,Lithuania,Romania,1.0,2.0,UEFA Nations League,False,1362.6,1781.2,-318.6,A,2024,,,,,,,,,,,,
2024-10-15,Northern Ireland,Bulgaria,5.0,0.0,UEFA Nations League,False,1567.5,1551.5,116.0,H,2024,,,,,,,,,,,,
2024-10-15,Belarus,Luxembourg,1.0,1.0,UEFA Nations League,True,1518.7,1513.9,4.8,D,2024,,,,,,,,,,,,
2024-10-15,Paraguay,Venezuela,2.0,1.0,FIFA World Cup qualification,False,1797.8,1871.0,26.8,H,2024,25.97,4.45,3910294.12,6134147.18,,,,,,,,
2024-10-15,Kyrgyzstan,North Korea,1.0,0.0,FIFA World Cup qualification,False,1422.3,1550.0,-27.7,H,2024,,,,,,,,,,,,
2024-10-15,Argentina,Bolivia,6.0,0.0,FIFA World Cup qualification,False,2206.6,1748.2,558.3,H,2024,26.03,5.32,21604545.45,19802656.55,,,,,,,,
2024-10-15,Brazil,Peru,4.0,0.0,FIFA World Cup qualification,False,2076.3,1819.4,356.9,H,2024,26.29,3.7,24100000.0,22686845.11,,,,,,,,
2024-10-15,Uzbekistan,United Arab Emirates,1.0,0.0,FIFA World Cup qualification,False,1806.9,1653.1,253.8,H,2024,25.66,3.56,1050000.0,997966.68,,,,,,,,
2024-10-15,Iran,Qatar,4.0,1.0,FIFA World Cup qualification,True,1904.3,1706.3,198.0,H,2024,26.76,4.22,975000.0,806812.21,27.27,4.63,325000.0,180277.56,-0.509999999999998,-0.41000000000000014,650000.0,626534.6499999999
2024-10-15,Jordan,Oman,4.0,0.0,FIFA World Cup qualification,False,1728.8,1635.8,193.0,H,2024,26.56,4.0,424264.71,978810.15,,,,,,,,
2024-10-15,Palestine,Kuwait,2.0,2.0,FIFA World Cup qualification,True,1535.7,1452.6,83.1,D,2024,,,,,,,,,,,,
2024-10-15,South Korea,Iraq,3.0,2.0,FIFA World Cup qualification,False,1884.8,1778.8,206.0,H,2024,27.27,4.06,3181756.76,10155441.64,26.62,3.96,525694.44,683548.9,0.6499999999999986,0.09999999999999964,2656062.32,9471892.74
2024-10-15,Japan,Australia,1.0,1.0,FIFA World Cup qualification,False,1988.7,1838.1,250.6,D,2024,25.18,3.3,8880263.16,13162219.36,26.25,3.83,1424285.71,1872407.6,-1.0700000000000003,-0.5300000000000002,7455977.45,11289811.76
2024-10-15,China,Indonesia,2.0,1.0,FIFA World Cup qualification,False,1512.3,1511.6,100.6,H,2024,,,,,,,,,,,,
2024-10-15,Saudi Arabia,Bahrain,0.0,0.0,FIFA World Cup qualification,False,1693.0,1591.4,201.6,D,2024,26.74,3.93,834868.42,771715.01,,,,,,,,
2024-10-15,Saint Kitts and Nevis,Cayman Islands,1.0,1.0,CONCACAF Nations League,False,1323.0,1067.8,355.2,D,2024,,,,,,,,,,,,
2024-10-15,Uruguay,Ecuador,0.0,0.0,FIFA World Cup qualification,False,2005.6,1941.5,164.1,D,2024,24.11,3.24,8326515.15,16462405.45,24.45,4.92,6852631.58,15947318.48,-0.33999999999999986,-1.6799999999999997,1473883.5700000003,515086.9699999988
2024-10-15,Belize,Turks and Caicos Islands,3.0,0.0,CONCACAF Nations League,False,1266.1,956.6,409.5,H,2024,,,,,,,,,,,,
2024-10-15,Malawi,Senegal,0.0,1.0,African Cup of Nations qualification,False,1422.9,1868.6,-345.7,A,2024,,,,,24.78,4.82,8296052.63,8661153.3,,,,
2024-10-15,Bermuda,Dominica,3.0,2.0,CONCACAF Nations League,False,1340.5,1213.9,226.6,H,2024,,,,,,,,,,,,
2024-10-15,Barbados,Bahamas,6.0,2.0,CONCACAF Nations League,False,1177.5,1071.8,205.7,H,2024,,,,,,,,,,,,
2024-10-15,Canada,Panama,2.0,1.0,Friendly,False,1871.1,1834.4,136.7,H,2024,24.38,3.48,5783108.11,13522066.62,26.41,4.02,698611.11,953719.77,-2.030000000000001,-0.5399999999999996,5084497.0,12568346.85
2024-10-15,Hong Kong,Cambodia,3.0,0.0,Friendly,False,1275.1,1047.3,327.7,H,2024,,,,,,,,,,,,
2024-10-15,Mexico,United States,2.0,0.0,Friendly,False,1898.2,1839.5,158.6,H,2024,24.23,3.93,4553676.47,5774335.12,24.08,3.7,6193055.56,6525443.29,0.15000000000000213,0.22999999999999998,-1639379.0899999999,-751108.1699999999
2024-10-15,Comoros,Tunisia,1.0,1.0,African Cup of Nations qualification,True,1483.0,1757.0,-274.0,D,2024,,,,,26.08,4.1,1889743.59,3097624.8,,,,
2024-10-15,Lesotho,Gabon,0.0,2.0,African Cup of Nations qualification,True,1365.0,1545.6,-180.6,A,2024,,,,,,,,,,,,
2024-10-15,Morocco,Central African Republic,4.0,0.0,African Cup of Nations qualification,False,1875.2,1461.5,513.6,H,2024,25.05,4.63,10631944.44,13327598.52,,,,,,,,
2024-10-15,Mauritania,Egypt,0.0,1.0,African Cup of Nations qualification,False,1452.5,1780.9,-228.4,A,2024,,,,,27.5,3.82,2920000.0,10072765.26,,,,
2024-10-15,Botswana,Cape Verde,1.0,0.0,African Cup of Nations qualification,False,1444.8,1627.8,-82.9,H,2024,,,,,28.07,4.07,1327564.1,2933563.48,,,,
2024-10-15,Rwanda,Benin,2.0,1.0,African Cup of Nations qualification,False,1424.3,1552.4,-28.1,H,2024,,,,,,,,,,,,
2024-10-15,Sudan,Ghana,2.0,0.0,African Cup of Nations qualification,True,1523.5,1604.6,-81.1,H,2024,,,,,25.98,3.35,3496250.0,4006333.07,,,,
2024-10-15,Niger,Angola,0.0,1.0,African Cup of Nations qualification,True,1350.8,1670.6,-319.8,A,2024,,,,,,,,,,,,
2024-10-15,Chad,Zambia,0.0,1.0,African Cup of Nations qualification,True,1296.5,1540.9,-244.4,A,2024,,,,,,,,,,,,
2024-10-15,Sierra Leone,Ivory Coast,1.0,0.0,African Cup of Nations qualification,True,1425.6,1749.4,-323.8,H,2024,,,,,26.08,4.37,9739285.71,10784448.6,,,,
2024-10-15,Tanzania,DR Congo,0.0,2.0,African Cup of Nations qualification,False,1512.8,1697.0,-84.2,A,2024,,,,,25.92,3.27,3641176.47,5018677.92,,,,
2024-10-15,Ethiopia,Guinea,0.0,3.0,African Cup of Nations qualification,True,1391.9,1593.6,-201.7,A,2024,,,,,,,,,,,,
2024-10-15,Guinea-Bissau,Mali,0.0,0.0,African Cup of Nations qualification,False,1454.2,1702.1,-147.8,D,2024,,,,,,,,,,,,
2024-10-15,South Sudan,Uganda,1.0,2.0,African Cup of Nations qualification,False,1252.9,1511.8,-158.9,A,2024,,,,,,,,,,,,
2024-10-15,Congo,South Africa,1.0,1.0,African Cup of Nations qualification,False,1375.7,1704.6,-228.9,D,2024,,,,,26.77,3.7,691025.64,440915.68,,,,
2024-10-15,Costa Rica,Guatemala,3.0,0.0,CONCACAF Nations League,False,1767.0,1667.1,199.8,H,2024,,,,,,,,,,,,
2024-10-15,Guadeloupe,Martinique,0.0,0.0,CONCACAF Nations League,False,1515.0,1565.8,49.3,D,2024,,,,,,,,,,,,
2024-10-15,Suriname,Guyana,5.0,1.0,CONCACAF Nations League,False,1523.9,1428.7,195.2,H,2024,,,,,,,,,,,,
2024-10-15,Dominican Republic,Antigua and Barbuda,5.0,0.0,CONCACAF Nations League,True,1455.3,1143.3,311.9,H,2024,,,,,,,,,,,,
2024-11-13,Namibia,Cameroon,0.0,0.0,African Cup of Nations qualification,True,1456.5,1708.2,-251.7,D,2024,,,,,,,,,,,,
2024-11-13,Chad,Sierra Leone,1.0,1.0,African Cup of Nations qualification,True,1288.6,1460.2,-171.6,D,2024,,,,,,,,,,,,
2024-11-13,Bangladesh,Maldives,0.0,1.0,Friendly,False,1102.9,1092.0,110.9,A,2024,,,,,,,,,,,,
2024-11-13,Tajikistan,Nepal,4.0,0.0,Friendly,False,1427.0,1101.8,425.2,H,2024,,,,,,,,,,,,
2024-11-13,Liberia,Togo,1.0,0.0,African Cup of Nations qualification,False,1394.1,1470.6,23.5,H,2024,,,,,,,,,,,,
2024-11-14,Papua New Guinea,Fiji,3.0,3.0,FIFA World Cup qualification,False,1405.9,1553.3,-47.4,D,2024,,,,,,,,,,,,
2024-11-14,North Korea,Iran,2.0,3.0,FIFA World Cup qualification,True,1528.4,1921.2,-392.8,A,2024,,,,,26.76,4.22,975000.0,806812.21,,,,
2024-11-14,Qatar,Uzbekistan,3.0,2.0,FIFA World Cup qualification,False,1689.3,1814.4,-25.1,H,2024,27.27,4.63,325000.0,180277.56,25.66,3.56,1050000.0,997966.68,1.6099999999999994,1.0699999999999998,-725000.0,-817689.1200000001
2024-11-14,United Arab Emirates,Kyrgyzstan,3.0,0.0,FIFA World Cup qualification,False,1645.6,1443.9,301.7,H,2024,,,,,,,,,,,,
2024-11-14,Burkina Faso,Senegal,0.0,1.0,African Cup of Nations qualification,True,1668.4,1873.4,-205.0,A,2024,,,,,24.78,4.82,8296052.63,8661153.3,,,,
2024-11-14,Kuwait,South Korea,1.0,3.0,FIFA World Cup qualification,False,1457.3,1894.2,-336.9,A,2024,,,,,27.27,4.06,3181756.76,10155441.64,,,,
2024-11-14,Iraq,Jordan,0.0,0.0,FIFA World Cup qualification,False,1769.4,1747.4,122.1,D,2024,26.62,3.96,525694.44,683548.9,26.56,4.0,424264.71,978810.15,0.060000000000002274,-0.040000000000000036,101429.72999999992,-295261.25
2024-11-14,Oman,Palestine,1.0,0.0,FIFA World Cup qualification,False,1617.2,1531.0,186.2,H,2024,,,,,,,,,,,,
2024-11-14,Bahrain,China,0.0,1.0,FIFA World Cup qualification,False,1601.9,1526.6,175.2,A,2024,,,,,,,,,,,,
2024-11-14,Australia,Saudi Arabia,0.0,0.0,FIFA World Cup qualification,False,1850.5,1682.6,267.9,D,2024,26.25,3.83,1424285.71,1872407.6,26.74,3.93,834868.42,771715.01,-0.48999999999999844,-0.10000000000000009,589417.2899999999,1100692.59
2024-11-14,Lesotho,Central African Republic,1.0,0.0,African Cup of Nations qualification,True,1349.3,1457.8,-108.5,H,2024,,,,,,,,,,,,
2024-11-14,Rwanda,Libya,0.0,1.0,African Cup of Nations qualification,False,1446.0,1485.4,60.5,A,2024,,,,,,,,,,,,
2024-11-14,Benin,Nigeria,1.0,1.0,African Cup of Nations qualification,True,1530.8,1710.2,-179.5,D,2024,,,,,,,,,,,,
2024-11-14,Equatorial Guinea,Algeria,0.0,0.0,African Cup of Nations qualification,False,1597.8,1793.9,-96.1,D,2024,,,,,27.18,4.3,5592763.16,8062745.12,,,,
2024-11-14,Niger,Sudan,4.0,0.0,African Cup of Nations qualification,True,1345.3,1560.4,-215.1,H,2024,,,,,,,,,,,,
2024-11-14,South Sudan,Congo,3.0,2.0,African Cup of Nations qualification,False,1241.5,1387.2,-45.8,H,2024,,,,,,,,,,,,
2024-11-14,Burundi,Malawi,0.0,0.0,African Cup of Nations qualification,True,1442.4,1418.1,24.3,D,2024,,,,,,,,,,,,
2024-11-14,Solomon Islands,New Caledonia,2.0,3.0,FIFA World Cup qualification,True,1486.5,1585.2,-98.7,A,2024,,,,,,,,,,,,
2024-11-14,Madagascar,Tunisia,2.0,3.0,African Cup of Nations qualification,True,1438.4,1743.8,-305.4,A,2024,,,,,26.08,4.1,1889743.59,3097624.8,,,,
2024-11-14,Paraguay,Argentina,2.0,1.0,FIFA World Cup qualification,False,1816.3,2209.9,-293.6,H,2024,25.97,4.45,3910294.12,6134147.18,26.03,5.32,21604545.45,19802656.55,-0.060000000000002274,-0.8700000000000001,-17694251.33,-13668509.370000001
2024-11-14,Jamaica,United States,0.0,1.0,CONCACAF Nations League,False,1733.0,1831.0,2.0,A,2024,,,,,24.08,3.7,6193055.56,6525443.29,,,,
2024-11-14,Venezuela,Brazil,1.0,1.0,FIFA World Cup qualification,False,1852.6,2084.9,-132.3,D,2024,,,,,26.29,3.7,24100000.0,22686845.11,,,,
2024-11-14,Belgium,Italy,0.0,1.0,UEFA Nations League,False,1967.9,1998.7,69.2,A,2024,26.05,4.75,15520512.82,12641936.31,,,,,,,,
2024-11-14,Ecuador,Bolivia,4.0,0.0,FIFA World Cup qualification,False,1950.3,1744.9,305.3,H,2024,24.45,4.92,6852631.58,15947318.48,,,,,,,,
2024-11-14,Republic of Ireland,Finland,1.0,0.0,UEFA Nations League,False,1656.5,1622.9,133.6,H,2024,,,,,,,,,,,,
2024-11-14,Greece,England,0.0,3.0,UEFA Nations League,False,1881.2,2032.6,-51.5,A,2024,,,,,26.34,4.57,40442857.14,38121004.98,,,,
2024-11-14,Kazakhstan,Austria,0.0,2.0,UEFA Nations League,False,1500.6,1928.2,-327.5,A,2024,,,,,27.39,3.54,6571052.63,6418144.83,,,,
2024-11-14,Slovenia,Norway,1.0,4.0,UEFA Nations League,False,1812.2,1802.1,110.2,A,2024,,,,,25.89,2.91,15213513.51,31328556.72,,,,
2024-11-14,North Macedonia,Latvia,1.0,0.0,UEFA Nations League,False,1658.3,1354.4,403.9,H,2024,,,,,,,,,,,,
2024-11-14,Armenia,Faroe Islands,0.0,1.0,UEFA Nations League,False,1477.9,1298.4,279.5,A,2024,,,,,,,,,,,,
2024-11-14,Montserrat,Saint Vincent and the Grenadines,1.0,2.0,CONCACAF Nations League,True,1234.3,1303.4,-69.1,A,2024,,,,,,,,,,,,
2024-11-14,France,Israel,0.0,0.0,UEFA Nations League,False,2100.6,1599.8,600.8,D,2024,25.77,3.83,45714285.71,32841238.39,,,,,,,,
2024-11-14,Belize,French Guiana,2.0,1.0,CONCACAF Nations League,False,1272.2,1452.5,-80.3,H,2024,,,,,,,,,,,,
2024-11-14,Saint Kitts and Nevis,Cuba,2.0,1.0,CONCACAF Nations League,False,1307.6,1446.1,-38.5,H,2024,,,,,,,,,,,,
2024-11-14,Costa Rica,Panama,0.0,1.0,CONCACAF Nations League,False,1783.8,1828.1,55.6,A,2024,,,,,26.41,4.02,698611.11,953719.77,,,,
2024-11-14,Hong Kong,Philippines,3.0,1.0,Friendly,False,1279.7,1266.3,113.4,H,2024,,,,,,,,,,,,
2024-11-14,Malaysia,Laos,3.0,1.0,Friendly,True,1455.4,917.6,537.8,H,2024,,,,,,,,,,,,
2024-11-14,Malta,Liechtenstein,2.0,0.0,Friendly,False,1331.8,1033.3,398.5,H,2024,,,,,,,,,,,,
2024-11-14,Singapore,Myanmar,3.0,2.0,Friendly,False,1271.9,1101.9,270.1,H,2024,,,,,,,,,,,,
2024-11-14,Thailand,Lebanon,0.0,0.0,Friendly,False,1583.3,1436.5,246.8,D,2024,,,,,,,,,,,,
2024-11-14,El Salvador,Bonaire,1.0,0.0,CONCACAF Nations League,False,1532.6,1175.4,457.2,H,2024,,,,,,,,,,,,
2024-11-15,Samoa,Tahiti,0.0,3.0,FIFA World Cup qualification,True,1266.0,1501.6,-235.6,A,2024,,,,,,,,,,,,
2024-11-15,New Zealand,Vanuatu,8.0,1.0,FIFA World Cup qualification,False,1756.9,1433.9,423.0,H,2024,26.42,4.4,882638.89,1683774.9,,,,,,,,
2024-11-15,Indonesia,Japan,0.0,4.0,FIFA World Cup qualification,False,1497.3,1976.4,-379.1,A,2024,,,,,25.18,3.3,8880263.16,13162219.36,,,,
2024-11-15,Russia,Brunei,2.0,1.0,Friendly,False,1831.5,914.4,1017.2,H,2024,,,,,,,,,,,,
2024-11-15,Gambia,Comoros,1.0,2.0,African Cup of Nations qualification,True,1479.7,1496.1,-16.4,A,2024,,,,,,,,,,,,
2024-11-15,Gabon,Morocco,1.0,5.0,African Cup of Nations qualification,False,1561.3,1878.9,-217.6,A,2024,,,,,25.05,4.63,10631944.44,13327598.52,,,,
2024-11-15,Botswana,Mauritania,1.0,1.0,African Cup of Nations qualification,False,1469.5,1444.1,125.4,D,2024,,,,,,,,,,,,
2024-11-15,Eswatini,Guinea-Bissau,1.0,1.0,African Cup of Nations qualification,True,1311.3,1462.3,-151.0,D,2024,,,,,,,,,,,,
2024-11-15,Angola,Ghana,1.0,1.0,African Cup of Nations qualification,False,1676.1,1567.7,208.4,D,2024,,,,,25.98,3.35,3496250.0,4006333.07,,,,
2024-11-15,Zambia,Ivory Coast,1.0,0.0,African Cup of Nations qualification,False,1548.8,1714.7,-66.0,H,2024,,,,,26.08,4.37,9739285.71,10784448.6,,,,
2024-11-15,Mozambique,Mali,0.0,1.0,African Cup of Nations qualification,False,1542.6,1694.0,-51.5,A,2024,,,,,,,,,,,,
2024-11-15,Zimbabwe,Kenya,1.0,1.0,African Cup of Nations qualification,True,1487.0,1484.8,2.2,D,2024,,,,,,,,,,,,
2024-11-15,Uganda,South Africa,0.0,2.0,African Cup of Nations qualification,False,1523.3,1693.0,-69.7,A,2024,,,,,26.77,3.7,691025.64,440915.68,,,,
2024-11-15,Uruguay,Colombia,3.0,2.0,FIFA World Cup qualification,False,1996.8,2105.7,-8.9,H,2024,24.11,3.24,8326515.15,16462405.45,26.62,3.83,7905128.21,11942575.18,-2.5100000000000016,-0.5899999999999999,421386.9400000004,4519830.27
2024-11-15,Cape Verde,Egypt,1.0,1.0,African Cup of Nations qualification,False,1603.1,1789.4,-86.3,D,2024,28.07,4.07,1327564.1,2933563.48,27.5,3.82,2920000.0,10072765.26,0.5700000000000003,0.25000000000000044,-1592435.9,-7139201.779999999
2024-11-15,Peru,Chile,0.0,0.0,FIFA World Cup qualification,False,1810.9,1751.2,159.7,D,2024,,,,,,,,,,,,
2024-11-15,Portugal,Poland,5.0,1.0,UEFA Nations League,False,2041.3,1789.4,351.9,H,2024,25.46,4.27,29807692.31,24666590.97,,,,,,,,
2024-11-15,Honduras,Mexico,2.0,0.0,CONCACAF Nations League,False,1661.3,1906.8,-145.4,H,2024,,,,,24.23,3.93,4553676.47,5774335.12,,,,
2024-11-15,Suriname,Canada,0.0,1.0,CONCACAF Nations League,False,1542.3,1877.4,-235.1,A,2024,,,,,24.38,3.48,5783108.11,13522066.62,,,,
2024-11-15,Scotland,Croatia,1.0,0.0,UEFA Nations League,False,1760.9,1969.5,-108.6,H,2024,27.91,4.42,6661428.57,9997571.75,26.61,4.35,11324242.42,14363801.94,1.3000000000000007,0.07000000000000028,-4662813.85,-4366230.1899999995
2024-11-15,Denmark,Spain,1.0,2.0,UEFA Nations League,False,1921.0,2222.4,-201.4,A,2024,,,,,24.97,4.27,29397368.42,22672618.39,,,,
2024-11-15,Switzerland,Serbia,1.0,1.0,UEFA Nations League,False,1882.7,1871.3,111.4,D,2024,27.35,3.74,8278378.38,9010328.46,,,,,,,,
2024-11-15,Romania,Kosovo,0.0,0.0,UEFA Nations League,False,1786.7,1591.9,294.8,D,2024,,,,,,,,,,,,
2024-11-15,Northern Ireland,Belarus,2.0,0.0,UEFA Nations League,False,1594.6,1518.4,176.2,H,2024,,,,,,,,,,,,
2024-11-15,Luxembourg,Bulgaria,0.0,1.0,UEFA Nations League,False,1514.1,1524.4,89.8,A,2024,,,,,,,,,,,,
2024-11-15,Cyprus,Lithuania,2.0,1.0,UEFA Nations League,False,1341.6,1357.1,84.5,H,2024,,,,,,,,,,,,
2024-11-15,Saint Lucia,Grenada,0.0,4.0,CONCACAF Nations League,True,1324.8,1258.0,66.8,A,2024,,,,,,,,,,,,
2024-11-15,Curaçao,Saint Martin,5.0,0.0,CONCACAF Nations League,False,1503.1,1272.2,330.9,H,2024,25.76,4.71,741071.43,974798.84,,,,,,,,
2024-11-15,Puerto Rico,Aruba,5.0,1.0,CONCACAF Nations League,False,1341.9,1178.1,263.8,H,2024,,,,,,,,,,,,
2024-11-15,Sint Maarten,Haiti,0.0,8.0,CONCACAF Nations League,True,1264.6,1692.7,-428.1,A,2024,,,,,25.31,3.98,681481.48,853901.52,,,,
2024-11-15,Barbados,Guyana,1.0,4.0,CONCACAF Nations League,False,1195.1,1410.3,-115.1,A,2024,,,,,,,,,,,,
2024-11-15,Cayman Islands,Guadeloupe,0.0,6.0,CONCACAF Nations League,False,1083.2,1512.2,-329.0,A,2024,,,,,,,,,,,,
2024-11-15,San Marino,Gibraltar,1.0,1.0,UEFA Nations League,False,875.7,1151.7,-176.0,D,2024,,,,,,,,,,,,
2024-11-16,Bermuda,Antigua and Barbuda,2.0,1.0,CONCACAF Nations League,True,1349.0,1132.0,217.1,H,2024,,,,,,,,,,,,
2024-11-16,Guinea,DR Congo,1.0,0.0,African Cup of Nations qualification,True,1610.3,1719.9,-109.5,H,2024,,,,,25.92,3.27,3641176.47,5018677.92,,,,
2024-11-16,Sri Lanka,Yemen,1.0,0.0,Friendly,True,953.5,1258.0,-304.5,H,2024,,,,,,,,,,,,
2024-11-16,Nepal,Afghanistan,2.0,0.0,Friendly,True,1098.8,1302.5,-203.7,H,2024,,,,,,,,,,,,
2024-11-16,Bangladesh,Maldives,2.0,1.0,Friendly,False,1089.9,1105.1,84.8,H,2024,,,,,,,,,,,,
2024-11-16,Dominican Republic,Dominica,6.0,1.0,CONCACAF Nations League,False,1466.6,1205.4,361.3,H,2024,,,,,,,,,,,,
2024-11-16,Andorra,Moldova,0.0,1.0,UEFA Nations League,False,1141.7,1399.8,-158.2,A,2024,,,,,,,,,,,,
2024-11-16,Ethiopia,Tanzania,0.0,2.0,African Cup of Nations qualification,True,1375.2,1489.9,-114.6,A,2024,,,,,,,,,,,,
2024-11-16,Azerbaijan,Estonia,0.0,0.0,UEFA Nations League,False,1467.2,1429.0,138.2,D,2024,,,,,,,,,,,,
2024-11-16,Turkey,Wales,0.0,0.0,UEFA Nations League,False,1887.4,1762.1,225.3,D,2024,26.26,3.38,10855263.16,11453491.71,,,,,,,,
2024-11-16,Montenegro,Iceland,0.0,2.0,UEFA Nations League,False,1557.3,1614.7,42.6,A,2024,,,,,,,,,,,,
2024-11-16,Georgia,Ukraine,1.0,1.0,UEFA Nations League,False,1758.9,1834.4,24.5,D,2024,,,,,,,,,,,,
2024-11-16,Albania,Czech Republic,0.0,0.0,UEFA Nations League,False,1705.7,1793.1,12.6,D,2024,,,,,26.58,3.29,5272500.0,5233019.56,,,,
2024-11-16,Netherlands,Hungary,4.0,0.0,UEFA Nations League,False,2006.2,1842.5,263.7,H,2024,25.16,3.95,26594594.59,18764125.43,,,,,,,,
2024-11-16,Germany,Bosnia and Herzegovina,7.0,0.0,UEFA Nations League,False,2036.6,1522.6,614.0,H,2024,27.17,4.51,25833333.33,26399179.28,26.9,4.34,3343589.74,4487677.99,0.2700000000000031,0.16999999999999993,22489743.589999996,21911501.29
2024-11-16,Sweden,Slovakia,2.0,1.0,UEFA Nations League,False,1778.6,1765.5,113.1,H,2024,25.82,4.04,6963513.51,9761318.09,,,,,,,,
2024-11-17,Togo,Equatorial Guinea,3.0,0.0,African Cup of Nations qualification,False,1451.9,1603.2,-51.3,H,2024,,,,,,,,,,,,
2024-11-17,Algeria,Liberia,5.0,1.0,African Cup of Nations qualification,False,1788.5,1412.7,475.8,H,2024,27.18,4.3,5592763.16,8062745.12,,,,,,,,
2024-11-17,Papua New Guinea,Solomon Islands,1.0,2.0,FIFA World Cup qualification,False,1408.6,1472.1,36.6,A,2024,,,,,,,,,,,,
2024-11-17,Fiji,New Caledonia,1.0,1.0,FIFA World Cup qualification,True,1550.6,1599.7,-49.1,D,2024,,,,,,,,,,,,
2024-11-17,El Salvador,Montserrat,1.0,0.0,CONCACAF Nations League,False,1535.2,1218.2,417.0,H,2024,,,,,,,,,,,,
2024-11-17,Saint Vincent and the Grenadines,Bonaire,3.0,1.0,CONCACAF Nations League,True,1319.5,1172.7,146.8,H,2024,,,,,,,,,,,,
2024-11-17,Latvia,Armenia,1.0,2.0,UEFA Nations League,False,1350.8,1444.5,6.3,A,2024,,,,,,,,,,,,
2024-11-17,Thailand,Laos,1.0,1.0,Friendly,False,1577.2,916.3,760.9,D,2024,,,,,,,,,,,,
2024-11-17,Austria,Slovenia,1.0,1.0,UEFA Nations League,False,1936.1,1766.5,269.6,D,2024,27.39,3.54,6571052.63,6418144.83,,,,,,,,
2024-11-17,Norway,Kazakhstan,5.0,0.0,UEFA Nations League,False,1847.8,1492.7,455.1,H,2024,25.89,2.91,15213513.51,31328556.72,,,,,,,,
2024-11-17,Finland,Greece,0.0,2.0,UEFA Nations League,False,1610.2,1851.3,-141.1,A,2024,,,,,,,,,,,,
2024-11-17,England,Republic of Ireland,5.0,0.0,UEFA Nations League,False,2062.5,1669.2,493.3,H,2024,26.34,4.57,40442857.14,38121004.98,,,,,,,,
2024-11-17,Italy,France,1.0,3.0,UEFA Nations League,False,2022.7,2081.8,40.8,A,2024,,,,,25.77,3.83,45714285.71,32841238.39,,,,
2024-11-17,Israel,Belgium,1.0,0.0,UEFA Nations League,True,1618.6,1944.0,-325.4,H,2024,,,,,26.05,4.75,15520512.82,12641936.31,,,,
2024-11-17,North Macedonia,Faroe Islands,1.0,0.0,UEFA Nations League,False,1661.9,1331.7,430.2,H,2024,,,,,,,,,,,,
2024-11-18,Singapore,Taiwan,2.0,3.0,Friendly,False,1275.4,1083.0,292.5,A,2024,,,,,,,,,,,,
2024-11-18,Tahiti,Vanuatu,2.0,0.0,FIFA World Cup qualification,True,1515.9,1426.7,89.3,H,2024,,,,,,,,,,,,
2024-11-18,New Zealand,Samoa,8.0,0.0,FIFA World Cup qualification,False,1764.2,1251.7,612.5,H,2024,26.42,4.4,882638.89,1683774.9,,,,,,,,
2024-11-18,Tunisia,Gambia,0.0,1.0,African Cup of Nations qualification,False,1749.7,1460.7,389.0,A,2024,26.08,4.1,1889743.59,3097624.8,,,,,,,,
2024-11-18,Comoros,Madagascar,1.0,0.0,African Cup of Nations qualification,True,1515.2,1432.6,82.6,H,2024,,,,,,,,,,,,
2024-11-18,Morocco,Lesotho,7.0,0.0,African Cup of Nations qualification,False,1895.6,1375.3,620.2,H,2024,25.05,4.63,10631944.44,13327598.52,,,,,,,,
2024-11-18,Libya,Benin,0.0,0.0,African Cup of Nations qualification,False,1508.9,1540.3,68.6,D,2024,,,,,,,,,,,,
2024-11-18,Nigeria,Rwanda,1.0,2.0,African Cup of Nations qualification,False,1700.7,1422.5,378.2,A,2024,,,,,,,,,,,,
2024-11-18,Ghana,Niger,1.0,2.0,African Cup of Nations qualification,False,1578.5,1403.5,275.0,A,2024,25.98,3.35,3496250.0,4006333.07,,,,,,,,
2024-11-18,Sudan,Angola,0.0,0.0,African Cup of Nations qualification,True,1502.3,1665.4,-163.1,D,2024,,,,,,,,,,,,
2024-11-18,Malawi,Burkina Faso,3.0,0.0,African Cup of Nations qualification,False,1419.5,1659.0,-139.6,H,2024,,,,,,,,,,,,
2024-11-18,India,Malaysia,1.0,1.0,Friendly,False,1319.3,1456.7,-37.4,D,2024,,,,,,,,,,,,
2024-11-18,Central African Republic,Gabon,0.0,1.0,African Cup of Nations qualification,True,1431.8,1544.6,-112.8,A,2024,,,,,,,,,,,,
2024-11-18,United States,Jamaica,4.0,2.0,CONCACAF Nations League,False,1851.1,1712.9,238.2,H,2024,24.08,3.7,6193055.56,6525443.29,,,,,,,,
2024-11-18,Serbia,Denmark,0.0,0.0,UEFA Nations League,False,1877.5,1911.5,66.0,D,2024,,,,,,,,,,,,
2024-11-18,Cuba,Saint Kitts and Nevis,4.0,0.0,CONCACAF Nations League,False,1423.9,1329.8,194.1,H,2024,,,,,,,,,,,,
2024-11-18,Panama,Costa Rica,2.0,2.0,CONCACAF Nations League,False,1851.3,1760.6,190.7,D,2024,26.41,4.02,698611.11,953719.77,,,,,,,,
2024-11-18,Croatia,Portugal,1.0,1.0,UEFA Nations League,False,1943.4,2050.0,-6.6,D,2024,26.61,4.35,11324242.42,14363801.94,25.46,4.27,29807692.31,24666590.97,1.1499999999999986,0.08000000000000007,-18483449.89,-10302789.03
2024-11-18,Spain,Switzerland,3.0,2.0,UEFA Nations League,False,2232.0,1876.5,455.4,H,2024,24.97,4.27,29397368.42,22672618.39,27.35,3.74,8278378.38,9010328.46,-2.3800000000000026,0.5299999999999994,21118990.040000003,13662289.93
2024-11-18,Kosovo,Lithuania,1.0,0.0,UEFA Nations League,False,1605.8,1341.9,363.9,H,2024,,,,,,,,,,,,
2024-11-18,Romania,Cyprus,4.0,1.0,UEFA Nations League,False,1772.9,1356.9,516.0,H,2024,,,,,,,,,,,,
2024-11-18,Luxembourg,Northern Ireland,2.0,2.0,UEFA Nations League,False,1489.1,1610.6,-21.5,D,2024,,,,,,,,,,,,
2024-11-18,Poland,Scotland,1.0,2.0,UEFA Nations League,False,1780.7,1786.9,93.8,A,2024,,,,,27.91,4.42,6661428.57,9997571.75,,,,
2024-11-18,Liechtenstein,San Marino,1.0,3.0,UEFA Nations League,False,1030.5,885.1,245.4,A,2024,,,,,,,,,,,,
2024-11-18,Grenada,Saint Martin,0.0,3.0,CONCACAF Nations League,True,1302.6,1261.8,40.8,A,2024,,,,,,,,,,,,
2024-11-18,Saint Lucia,Curaçao,1.0,4.0,CONCACAF Nations League,False,1280.2,1513.5,-133.3,A,2024,,,,,25.76,4.71,741071.43,974798.84,,,,
2024-11-18,Aruba,Sint Maarten,0.0,1.0,CONCACAF Nations League,True,1164.7,1257.2,-92.5,A,2024,,,,,,,,,,,,
2024-11-18,Bulgaria,Belarus,1.0,1.0,UEFA Nations League,False,1549.4,1502.4,147.0,D,2024,,,,,,,,,,,,
2024-11-18,Puerto Rico,Haiti,0.0,3.0,CONCACAF Nations League,False,1355.4,1700.2,-244.8,A,2024,,,,,25.31,3.98,681481.48,853901.52,,,,
2024-11-19,China,Japan,1.0,3.0,FIFA World Cup qualification,False,1555.9,1984.0,-328.0,A,2024,,,,,25.18,3.3,8880263.16,13162219.36,,,,
2024-11-19,Indonesia,Saudi Arabia,2.0,0.0,FIFA World Cup qualification,False,1489.7,1695.5,-105.9,H,2024,,,,,26.74,3.93,834868.42,771715.01,,,,
2024-11-19,Bahrain,Australia,2.0,2.0,FIFA World Cup qualification,False,1572.6,1837.5,-164.9,D,2024,,,,,26.25,3.83,1424285.71,1872407.6,,,,
2024-11-19,Kuwait,Jordan,1.0,1.0,FIFA World Cup qualification,False,1449.7,1754.1,-204.4,D,2024,,,,,26.56,4.0,424264.71,978810.15,,,,
2024-11-19,Palestine,South Korea,1.0,1.0,FIFA World Cup qualification,True,1520.8,1901.7,-381.0,D,2024,,,,,27.27,4.06,3181756.76,10155441.64,,,,
2024-11-19,United Arab Emirates,Qatar,5.0,0.0,FIFA World Cup qualification,False,1656.1,1710.8,45.3,H,2024,,,,,27.27,4.63,325000.0,180277.56,,,,
2024-11-19,Kyrgyzstan,Iran,2.0,3.0,FIFA World Cup qualification,False,1433.4,1925.0,-391.6,A,2024,,,,,26.76,4.22,975000.0,806812.21,,,,
2024-11-19,Egypt,Botswana,1.0,1.0,African Cup of Nations qualification,False,1784.5,1462.6,421.9,D,2024,27.5,3.82,2920000.0,10072765.26,,,,,,,,
2024-11-19,North Korea,Uzbekistan,0.0,1.0,FIFA World Cup qualification,True,1524.7,1793.0,-268.3,A,2024,,,,,25.66,3.56,1050000.0,997966.68,,,,
2024-11-19,Oman,Iraq,0.0,1.0,FIFA World Cup qualification,False,1627.4,1762.7,-35.3,A,2024,,,,,26.62,3.96,525694.44,683548.9,,,,
2024-11-19,Mauritania,Cape Verde,1.0,0.0,African Cup of Nations qualification,False,1451.0,1607.9,-56.9,H,2024,,,,,28.07,4.07,1327564.1,2933563.48,,,,
2024-11-19,Cameroon,Zimbabwe,2.0,1.0,African Cup of Nations qualification,False,1695.8,1486.9,308.9,H,2024,,,,,,,,,,,,
2024-11-19,Sierra Leone,Zambia,0.0,2.0,African Cup of Nations qualification,True,1451.1,1572.5,-121.4,A,2024,,,,,,,,,,,,
2024-11-19,DR Congo,Ethiopia,1.0,2.0,African Cup of Nations qualification,False,1693.8,1354.8,438.9,A,2024,25.92,3.27,3641176.47,5018677.92,,,,,,,,
2024-11-19,Tanzania,Guinea,1.0,0.0,African Cup of Nations qualification,False,1510.3,1636.4,-26.1,H,2024,,,,,,,,,,,,
2024-11-19,Mali,Eswatini,6.0,0.0,African Cup of Nations qualification,False,1711.1,1319.4,491.7,H,2024,,,,,,,,,,,,
2024-11-19,Guinea-Bissau,Mozambique,1.0,2.0,African Cup of Nations qualification,False,1454.1,1525.5,28.6,A,2024,,,,,,,,,,,,
2024-11-19,Kenya,Namibia,0.0,0.0,African Cup of Nations qualification,True,1484.9,1468.9,16.1,D,2024,,,,,,,,,,,,
2024-11-19,South Africa,South Sudan,3.0,0.0,African Cup of Nations qualification,False,1717.1,1264.1,553.0,H,2024,26.77,3.7,691025.64,440915.68,,,,,,,,
2024-11-19,Congo,Uganda,0.0,1.0,African Cup of Nations qualification,False,1364.6,1499.2,-34.6,A,2024,,,,,,,,,,,,
2024-11-19,Senegal,Burundi,2.0,0.0,African Cup of Nations qualification,False,1882.8,1441.0,541.9,H,2024,24.78,4.82,8296052.63,8661153.3,,,,,,,,
2024-11-19,Brazil,Uruguay,1.0,1.0,FIFA World Cup qualification,False,2077.6,2017.3,160.3,D,2024,26.29,3.7,24100000.0,22686845.11,24.11,3.24,8326515.15,16462405.45,2.1799999999999997,0.45999999999999996,15773484.85,6224439.66
2024-11-19,Ivory Coast,Chad,4.0,0.0,African Cup of Nations qualification,False,1691.0,1297.8,493.2,H,2024,26.08,4.37,9739285.71,10784448.6,,,,,,,,
2024-11-19,Chile,Venezuela,4.0,2.0,FIFA World Cup qualification,False,1759.8,1859.8,-0.0,H,2024,,,,,,,,,,,,
2024-11-19,Antigua and Barbuda,Dominica,0.0,0.0,CONCACAF Nations League,True,1123.0,1196.5,-73.5,D,2024,,,,,,,,,,,,
2024-11-19,Colombia,Ecuador,0.0,1.0,FIFA World Cup qualification,False,2085.2,1961.3,223.9,A,2024,26.62,3.83,7905128.21,11942575.18,24.45,4.92,6852631.58,15947318.48,2.1700000000000017,-1.0899999999999999,1052496.63,-4004743.3000000007
2024-11-19,Bosnia and Herzegovina,Netherlands,1.0,1.0,UEFA Nations League,False,1520.0,2019.7,-399.6,D,2024,26.9,4.34,3343589.74,4487677.99,25.16,3.95,26594594.59,18764125.43,1.7399999999999984,0.3899999999999997,-23251004.85,-14276447.44
2024-11-19,Hungary,Germany,1.0,1.0,UEFA Nations League,False,1829.0,2039.2,-110.2,D,2024,,,,,27.17,4.51,25833333.33,26399179.28,,,,
2024-11-19,Albania,Ukraine,1.0,2.0,UEFA Nations League,False,1705.0,1835.8,-30.9,A,2024,,,,,,,,,,,,
2024-11-19,Czech Republic,Georgia,2.0,1.0,UEFA Nations League,False,1793.8,1757.5,136.3,H,2024,26.58,3.29,5272500.0,5233019.56,,,,,,,,
2024-11-19,Wales,Iceland,4.0,1.0,UEFA Nations League,False,1773.5,1648.3,225.2,H,2024,,,,,,,,,,,,
2024-11-19,Montenegro,Turkey,3.0,1.0,UEFA Nations League,False,1523.6,1875.9,-252.3,H,2024,,,,,26.26,3.38,10855263.16,11453491.71,,,,
2024-11-19,Slovakia,Estonia,1.0,0.0,UEFA Nations League,False,1751.7,1436.5,415.2,H,2024,,,,,,,,,,,,
2024-11-19,Malta,Andorra,0.0,0.0,UEFA Nations League,False,1334.5,1130.2,304.3,D,2024,,,,,,,,,,,,
2024-11-19,Dominican Republic,Bermuda,6.0,1.0,CONCACAF Nations League,False,1475.5,1357.9,217.6,H,2024,,,,,,,,,,,,
2024-11-19,French Guiana,Belize,2.0,2.0,CONCACAF Nations League,True,1427.9,1296.7,131.2,D,2024,,,,,,,,,,,,
2024-11-19,Sweden,Azerbaijan,6.0,0.0,UEFA Nations League,False,1792.3,1459.6,432.7,H,2024,25.82,4.04,6963513.51,9761318.09,,,,,,,,
2024-11-19,Guyana,Barbados,5.0,3.0,CONCACAF Nations League,False,1434.1,1171.3,362.8,H,2024,,,,,,,,,,,,
2024-11-19,Bolivia,Paraguay,2.0,2.0,FIFA World Cup qualification,False,1733.9,1850.0,-16.1,D,2024,,,,,25.97,4.45,3910294.12,6134147.18,,,,
2024-11-19,Guadeloupe,Cayman Islands,1.0,0.0,CONCACAF Nations League,False,1523.3,1072.1,551.2,H,2024,,,,,,,,,,,,
2024-11-19,Sri Lanka,Yemen,0.0,2.0,Friendly,True,970.5,1240.9,-270.4,A,2024,,,,,,,,,,,,
2024-11-19,Russia,Syria,4.0,0.0,Friendly,False,1831.6,1569.8,361.8,H,2024,,,,,,,,,,,,
2024-11-19,Myanmar,Lebanon,2.0,3.0,Friendly,False,1098.4,1442.6,-244.2,A,2024,,,,,,,,,,,,
2024-11-19,Tajikistan,Afghanistan,3.0,1.0,Friendly,False,1430.0,1279.6,250.4,H,2024,,,,,,,,,,,,
2024-11-19,Gibraltar,Moldova,1.0,1.0,Friendly,False,1142.4,1411.3,-168.9,D,2024,,,,,,,,,,,,
2024-11-19,Mexico,Honduras,4.0,0.0,CONCACAF Nations League,False,1864.9,1703.2,261.7,H,2024,24.23,3.93,4553676.47,5774335.12,,,,,,,,
2024-11-19,Canada,Suriname,3.0,0.0,CONCACAF Nations League,False,1885.6,1534.0,451.5,H,2024,24.38,3.48,5783108.11,13522066.62,,,,,,,,
2024-11-19,Hong Kong,Mauritius,1.0,0.0,Friendly,False,1290.0,1213.6,176.3,H,2024,,,,,,,,,,,,
2024-11-19,Argentina,Peru,1.0,0.0,FIFA World Cup qualification,False,2176.1,1802.3,473.8,H,2024,26.03,5.32,21604545.45,19802656.55,,,,,,,,
2024-12-08,Cambodia,Malaysia,2.0,2.0,ASEAN Championship,False,1042.7,1455.6,-312.9,D,2024,,,,,,,,,,,,
2024-12-08,Timor-Leste,Thailand,0.0,10.0,ASEAN Championship,True,904.2,1567.5,-663.3,A,2024,,,,,,,,,,,,
2024-12-08,Hong Kong,Mongolia,3.0,0.0,EAFF Championship qualification,False,1295.3,1021.5,373.8,H,2024,,,,,,,,,,,,
2024-12-09,Myanmar,Indonesia,0.0,1.0,ASEAN Championship,False,1094.4,1528.5,-334.1,A,2024,,,,,,,,,,,,
2024-12-09,Laos,Vietnam,1.0,4.0,ASEAN Championship,False,926.1,1395.7,-369.6,A,2024,,,,,,,,,,,,
2024-12-09,Solomon Islands,Vanuatu,4.0,1.0,MSG Prime Minister's Cup,False,1494.2,1404.2,190.0,H,2024,,,,,,,,,,,,
2024-12-11,Taiwan,Mongolia,4.0,0.0,EAFF Championship qualification,True,1099.8,1014.2,85.7,H,2024,,,,,,,,,,,,
2024-12-11,Singapore,Cambodia,2.0,1.0,ASEAN Championship,False,1258.5,1053.5,305.1,H,2024,,,,,,,,,,,,
2024-12-11,Malaysia,Timor-Leste,3.0,2.0,ASEAN Championship,False,1444.9,902.5,642.3,H,2024,,,,,,,,,,,,
2024-12-12,Fiji,Vanuatu,1.0,1.0,MSG Prime Minister's Cup,True,1553.4,1391.0,162.4,D,2024,,,,,,,,,,,,
2024-12-12,Indonesia,Laos,3.0,3.0,ASEAN Championship,False,1532.4,920.5,711.9,D,2024,,,,,,,,,,,,
2024-12-12,Philippines,Myanmar,1.0,1.0,ASEAN Championship,False,1256.0,1090.6,265.4,D,2024,,,,,,,,,,,,
2024-12-14,Timor-Leste,Singapore,0.0,3.0,ASEAN Championship,True,901.8,1263.0,-361.2,A,2024,,,,,,,,,,,,
2024-12-14,Thailand,Malaysia,1.0,0.0,ASEAN Championship,False,1569.2,1445.6,223.6,H,2024,,,,,,,,,,,,
2024-12-14,Macau,Guam,1.0,2.0,EAFF Championship qualification,True,862.4,960.8,-98.3,A,2024,,,,,,,,,,,,
2024-12-14,Hong Kong,Taiwan,2.0,1.0,EAFF Championship qualification,False,1302.6,1128.3,274.3,H,2024,,,,,,,,,,,,
2024-12-15,Laos,Philippines,1.0,1.0,ASEAN Championship,False,935.0,1246.4,-211.4,D,2024,,,,,,,,,,,,
2024-12-15,Vietnam,Indonesia,1.0,0.0,ASEAN Championship,False,1401.3,1517.8,-16.6,H,2024,,,,,,,,,,,,
2024-12-15,Papua New Guinea,Fiji,1.0,1.0,MSG Prime Minister's Cup,True,1386.5,1546.8,-160.3,D,2024,,,,,,,,,,,,
2024-12-17,Singapore,Thailand,2.0,4.0,ASEAN Championship,False,1268.8,1575.7,-206.9,A,2024,,,,,,,,,,,,
2024-12-17,Cambodia,Timor-Leste,2.0,1.0,ASEAN Championship,False,1049.1,895.9,253.1,H,2024,,,,,,,,,,,,
2024-12-17,Hong Kong,Guam,5.0,0.0,EAFF Championship qualification,False,1309.4,975.3,434.1,H,2024,,,,,,,,,,,,
2024-12-18,Myanmar,Laos,3.0,2.0,ASEAN Championship,False,1100.3,943.1,257.1,H,2024,,,,,,,,,,,,
2024-12-18,Philippines,Vietnam,1.0,1.0,ASEAN Championship,False,1238.2,1417.0,-78.8,D,2024,,,,,,,,,,,,
2024-12-18,Solomon Islands,Papua New Guinea,2.0,3.0,MSG Prime Minister's Cup,False,1507.3,1393.0,214.3,A,2024,,,,,,,,,,,,
2024-12-20,Malaysia,Singapore,0.0,0.0,ASEAN Championship,False,1439.1,1258.3,280.8,D,2024,,,,,,,,,,,,
2024-12-20,Thailand,Cambodia,3.0,2.0,ASEAN Championship,False,1586.2,1054.7,631.4,H,2024,,,,,,,,,,,,
2024-12-21,Solomon Islands,Fiji,1.0,3.0,MSG Prime Minister's Cup,False,1484.1,1540.4,43.7,A,2024,,,,,,,,,,,,
2024-12-21,Vanuatu,Papua New Guinea,1.0,2.0,MSG Prime Minister's Cup,True,1397.6,1416.2,-18.7,A,2024,,,,,,,,,,,,
2024-12-21,Qatar,United Arab Emirates,1.0,1.0,Gulf Cup,True,1675.9,1690.9,-14.9,D,2024,27.27,4.63,325000.0,180277.56,,,,,,,,
2024-12-21,Indonesia,Philippines,0.0,1.0,ASEAN Championship,False,1502.1,1241.6,360.6,A,2024,,,,,,,,,,,,
2024-12-21,Vietnam,Myanmar,5.0,0.0,ASEAN Championship,False,1413.6,1105.8,407.8,H,2024,,,,,,,,,,,,
2024-12-21,Kuwait,Oman,1.0,1.0,Gulf Cup,False,1460.3,1609.4,-49.1,D,2024,,,,,,,,,,,,
2024-12-22,Iraq,Yemen,1.0,0.0,Gulf Cup,True,1780.7,1246.2,534.5,H,2024,26.62,3.96,525694.44,683548.9,,,,,,,,
2024-12-22,Saudi Arabia,Bahrain,2.0,3.0,Gulf Cup,True,1656.7,1581.4,75.2,A,2024,26.74,3.93,834868.42,771715.01,,,,,,,,
2024-12-24,Oman,Qatar,2.0,1.0,Gulf Cup,True,1607.3,1676.6,-69.2,H,2024,,,,,27.27,4.63,325000.0,180277.56,,,,
2024-12-24,Kuwait,United Arab Emirates,2.0,1.0,Gulf Cup,False,1462.4,1690.2,-127.8,H,2024,,,,,,,,,,,,
2024-12-25,Yemen,Saudi Arabia,2.0,3.0,Gulf Cup,True,1244.8,1638.5,-393.6,A,2024,,,,,26.74,3.93,834868.42,771715.01,,,,
2024-12-25,Bahrain,Iraq,2.0,0.0,Gulf Cup,True,1599.6,1782.0,-182.4,H,2024,,,,,26.62,3.96,525694.44,683548.9,,,,
2024-12-26,Singapore,Vietnam,0.0,2.0,ASEAN Championship,False,1268.3,1418.9,-50.5,A,2024,,,,,,,,,,,,
2024-12-27,Kuwait,Qatar,1.0,1.0,Gulf Cup,False,1482.7,1658.6,-75.9,D,2024,,,,,27.27,4.63,325000.0,180277.56,,,,
2024-12-27,Philippines,Thailand,2.0,1.0,ASEAN Championship,False,1268.2,1586.9,-218.7,H,2024,,,,,,,,,,,,
2024-12-27,United Arab Emirates,Oman,1.0,1.0,Gulf Cup,True,1669.9,1625.3,44.7,D,2024,,,,,,,,,,,,
2024-12-28,Bahrain,Yemen,1.0,2.0,Gulf Cup,True,1632.9,1242.0,390.9,A,2024,,,,,,,,,,,,
2024-12-28,Iraq,Saudi Arabia,1.0,3.0,Gulf Cup,True,1748.7,1641.3,107.4,A,2024,26.62,3.96,525694.44,683548.9,26.74,3.93,834868.42,771715.01,-0.11999999999999744,0.029999999999999805,-309173.9800000001,-88166.10999999999
2024-12-29,Vietnam,Singapore,3.0,1.0,ASEAN Championship,False,1438.1,1249.1,289.0,H,2024,,,,,,,,,,,,
2024-12-30,Thailand,Philippines,3.0,1.0,ASEAN Championship,False,1563.6,1291.6,372.0,H,2024,,,,,,,,,,,,
2024-12-31,Oman,Saudi Arabia,2.0,1.0,Gulf Cup,True,1627.2,1670.5,-43.3,H,2024,,,,,26.74,3.93,834868.42,771715.01,,,,
2024-12-31,Kuwait,Bahrain,0.0,1.0,Gulf Cup,False,1485.9,1605.8,-19.9,A,2024,,,,,,,,,,,,
2025-01-02,Vietnam,Thailand,2.0,1.0,ASEAN Championship,False,1445.3,1568.3,-23.0,H,2025,,,,,,,,,,,,
2025-01-03,Zanzibar,Tanzania,1.0,0.0,Mapinduzi Cup,False,1537.6,1531.8,105.7,H,2025,,,,,,,,,,,,
2025-01-04,Oman,Bahrain,1.0,2.0,Gulf Cup,True,1644.1,1619.9,24.1,A,2025,,,,,,,,,,,,
2025-01-04,Burkina Faso,Kenya,1.0,1.0,Mapinduzi Cup,True,1610.7,1484.0,126.7,D,2025,,,,,,,,,,,,
2025-01-05,Thailand,Vietnam,2.0,3.0,ASEAN Championship,False,1552.3,1461.3,191.0,A,2025,,,,,,,,,,,,
2025-01-06,Zanzibar,Burkina Faso,0.0,1.0,Mapinduzi Cup,False,1548.1,1605.5,42.7,A,2025,,,,,,,,,,,,
2025-01-07,Tanzania,Kenya,0.0,2.0,Mapinduzi Cup,True,1521.3,1489.2,32.0,A,2025,,,,,,,,,,,,
2025-01-09,Tanzania,Burkina Faso,0.0,2.0,Mapinduzi Cup,True,1496.7,1622.3,-125.6,A,2025,,,,,,,,,,,,
2025-01-10,Zanzibar,Kenya,1.0,0.0,Mapinduzi Cup,False,1531.3,1513.8,117.5,H,2025,,,,,,,,,,,,
2025-01-13,Zanzibar,Burkina Faso,2.0,1.0,Mapinduzi Cup,False,1541.4,1637.0,4.4,H,2025,,,,,,,,,,,,
2025-01-18,United States,Venezuela,3.0,1.0,Friendly,False,1863.2,1829.8,133.4,H,2025,24.78,3.69,6175000.0,6648605.74,,,,,,,,
2025-01-22,Uzbekistan,Jordan,0.0,0.0,Friendly,True,1800.0,1743.5,56.5,D,2025,25.84,3.85,1363815.79,2172061.67,25.92,3.95,595370.37,1094896.35,-0.08000000000000185,-0.10000000000000009,768445.42,1077165.3199999998
2025-01-22,United States,Costa Rica,3.0,0.0,Friendly,False,1872.7,1770.6,202.1,H,2025,24.78,3.69,6175000.0,6648605.74,,,,,,,,
2025-02-07,Jamaica,Trinidad and Tobago,1.0,0.0,Friendly,False,1700.7,1559.1,241.7,H,2025,,,,,,,,,,,,
2025-02-08,Chile,Panama,6.0,1.0,Friendly,False,1789.8,1841.3,48.5,H,2025,,,,,25.03,3.75,875694.44,1498952.02,,,,
2025-02-10,Jamaica,Trinidad and Tobago,1.0,1.0,Friendly,False,1704.7,1555.1,249.6,D,2025,,,,,,,,,,,,
2025-02-13,Oman,Sudan,0.0,0.0,Friendly,False,1628.0,1511.0,217.0,D,2025,,,,,,,,,,,,
2025-03-09,Saint Vincent and the Grenadines,Grenada,1.0,1.0,Friendly,False,1337.5,1263.5,174.0,D,2025,,,,,,,,,,,,
2025-03-13,Oman,Sudan,0.0,0.0,Friendly,False,1622.5,1516.6,205.9,D,2025,,,,,,,,,,,,
2025-03-14,Jordan,North Korea,1.0,1.0,Friendly,False,1745.1,1517.6,327.5,D,2025,25.92,3.95,595370.37,1094896.35,,,,,,,,
2025-03-16,Honduras,Guatemala,1.0,2.0,Friendly,True,1689.6,1650.3,39.3,A,2025,,,,,,,,,,,,
2025-03-19,Russia,Grenada,5.0,0.0,Friendly,False,1835.7,1268.2,667.6,H,2025,,,,,,,,,,,,
2025-03-19,Kazakhstan,Curaçao,2.0,0.0,Friendly,True,1487.3,1535.7,-48.3,H,2025,,,,,25.57,4.56,1075781.25,1416497.17,,,,
2025-03-19,Central African Republic,Madagascar,1.0,4.0,FIFA World Cup qualification,True,1418.1,1417.2,0.8,A,2025,,,,,,,,,,,,
2025-03-19,Liberia,Tunisia,0.0,1.0,FIFA World Cup qualification,False,1408.2,1713.6,-205.4,A,2025,,,,,27.03,4.22,1931410.26,2314334.64,,,,
2025-03-19,India,Maldives,3.0,0.0,Friendly,False,1320.3,1097.5,322.9,H,2025,,,,,,,,,,,,
2025-03-19,Vietnam,Cambodia,2.0,1.0,Friendly,False,1483.8,1054.0,529.8,H,2025,,,,,,,,,,,,
2025-03-19,Hong Kong,Macau,2.0,0.0,Friendly,False,1315.5,847.9,567.5,H,2025,,,,,,,,,,,,
2025-03-19,Eswatini,Cameroon,0.0,0.0,FIFA World Cup qualification,True,1314.7,1701.6,-386.9,D,2025,,,,,,,,,,,,
2025-03-20,Qatar,North Korea,5.0,1.0,FIFA World Cup qualification,False,1655.4,1525.0,230.4,H,2025,26.79,4.48,605921.05,1212292.23,,,,,,,,
2025-03-20,South Korea,Oman,1.0,1.0,FIFA World Cup qualification,False,1885.7,1617.2,368.6,D,2025,26.12,3.93,3476515.15,9056459.98,,,,,,,,
2025-03-20,Iraq,Kuwait,2.0,2.0,FIFA World Cup qualification,False,1719.4,1471.8,347.6,D,2025,25.64,3.83,411842.11,241414.2,,,,,,,,
2025-03-20,Jordan,Palestine,3.0,1.0,FIFA World Cup qualification,False,1737.8,1536.8,301.0,H,2025,25.92,3.95,595370.37,1094896.35,,,,,,,,
2025-03-20,Japan,Bahrain,2.0,0.0,FIFA World Cup qualification,False,1991.9,1636.0,455.9,H,2025,25.21,4.01,4232692.31,6095072.5,,,,,,,,
2025-03-20,Australia,Indonesia,5.0,1.0,FIFA World Cup qualification,False,1828.7,1475.5,453.2,H,2025,25.86,4.3,1238571.43,1532741.97,,,,,,,,
2025-03-20,Saudi Arabia,China,1.0,0.0,FIFA World Cup qualification,False,1653.7,1548.1,205.6,H,2025,25.29,3.68,776973.68,724146.08,,,,,,,,
2025-03-20,Sierra Leone,Guinea-Bissau,3.0,1.0,FIFA World Cup qualification,True,1431.2,1432.4,-1.3,H,2025,,,,,,,,,,,,
2025-03-20,Cape Verde,Mauritius,1.0,0.0,FIFA World Cup qualification,False,1584.7,1208.3,476.4,H,2025,26.18,4.51,1246527.78,2503831.46,,,,,,,,
2025-03-20,Libya,Angola,1.0,1.0,FIFA World Cup qualification,False,1505.0,1656.6,-51.7,D,2025,,,,,,,,,,,,
2025-03-20,Gambia,Kenya,3.0,3.0,FIFA World Cup qualification,True,1496.8,1503.7,-6.9,D,2025,,,,,,,,,,,,
2025-03-20,Gabon,Seychelles,3.0,0.0,FIFA World Cup qualification,False,1558.3,1031.7,626.6,H,2025,,,,,,,,,,,,
2025-03-20,Mozambique,Uganda,3.0,1.0,FIFA World Cup qualification,True,1547.2,1517.2,29.9,H,2025,,,,,,,,,,,,
2025-03-20,Malawi,Namibia,0.0,1.0,FIFA World Cup qualification,False,1467.8,1469.8,98.1,A,2025,,,,,,,,,,,,
2025-03-20,Comoros,Mali,0.0,3.0,FIFA World Cup qualification,True,1530.5,1715.8,-185.3,A,2025,,,,,,,,,,,,
2025-03-20,Lebanon,Timor-Leste,4.0,0.0,Friendly,True,1446.6,890.3,556.3,H,2025,,,,,,,,,,,,
2025-03-20,Uzbekistan,Kyrgyzstan,1.0,0.0,FIFA World Cup qualification,False,1798.4,1429.6,468.8,H,2025,25.84,3.85,1363815.79,2172061.67,,,,,,,,
2025-03-20,Zimbabwe,Benin,2.0,2.0,FIFA World Cup qualification,True,1481.1,1544.2,-63.1,D,2025,,,,,,,,,,,,
2025-03-20,Iran,United Arab Emirates,2.0,0.0,FIFA World Cup qualification,False,1928.8,1668.0,360.8,H,2025,27.34,3.92,894736.84,783089.32,,,,,,,,
2025-03-20,Armenia,Georgia,0.0,3.0,UEFA Nations League,False,1464.9,1745.0,-180.1,A,2025,,,,,,,,,,,,
2025-03-20,Peru,Bolivia,3.0,1.0,FIFA World Cup qualification,False,1799.8,1734.8,165.0,H,2025,,,,,,,,,,,,
2025-03-20,Canada,Mexico,0.0,2.0,CONCACAF Nations League,True,1890.4,1878.5,11.9,A,2025,24.86,3.49,5573611.11,10591246.95,25.11,3.76,5862162.16,4774784.63,-0.25,-0.2699999999999996,-288551.0499999998,5816462.319999999
2025-03-20,Brazil,Colombia,2.0,1.0,FIFA World Cup qualification,False,2069.0,2053.8,115.2,H,2025,27.0,3.68,21710810.81,18927368.77,27.32,3.87,10014473.68,14806092.75,-0.3200000000000003,-0.18999999999999995,11696337.129999999,4121276.0199999996
2025-03-20,Croatia,France,2.0,0.0,UEFA Nations League,False,1943.8,2115.4,-71.6,H,2025,26.29,4.5,10882352.94,13128560.48,25.5,3.62,43291666.67,28826679.15,0.7899999999999991,0.8799999999999999,-32409313.730000004,-15698118.669999998
2025-03-20,Denmark,Portugal,1.0,0.0,UEFA Nations League,False,1915.2,2049.7,-34.5,H,2025,,,,,25.22,4.56,36193548.39,19665623.12,,,,
2025-03-20,Italy,Germany,1.0,2.0,UEFA Nations League,False,1989.2,2033.0,56.1,A,2025,,,,,25.62,4.3,25986486.49,30095902.23,,,,
2025-03-20,Netherlands,Spain,2.0,2.0,UEFA Nations League,False,2003.3,2234.7,-131.4,D,2025,24.65,3.36,28932432.43,18455630.56,25.29,4.17,41460526.32,35192400.04,-0.6400000000000006,-0.81,-12528093.89,-16736769.48
2025-03-20,Austria,Serbia,1.0,1.0,UEFA Nations League,False,1923.1,1873.7,149.3,D,2025,26.42,3.91,7405263.16,7328241.96,,,,,,,,
2025-03-20,Greece,Scotland,0.0,1.0,UEFA Nations League,False,1869.8,1812.2,157.5,A,2025,,,,,26.46,4.71,7304054.05,9050252.93,,,,
2025-03-20,United States,Panama,0.0,1.0,CONCACAF Nations League,False,1881.1,1824.1,157.0,A,2025,24.78,3.69,6175000.0,6648605.74,25.03,3.75,875694.44,1498952.02,-0.25,-0.06000000000000005,5299305.5600000005,5149653.720000001
2025-03-20,Ukraine,Belgium,3.0,1.0,UEFA Nations League,True,1854.0,1909.3,-55.3,H,2025,,,,,25.49,4.91,17514285.71,15945212.32,,,,
2025-03-20,Bulgaria,Republic of Ireland,1.0,2.0,UEFA Nations League,False,1541.4,1664.7,-23.3,A,2025,,,,,,,,,,,,
2025-03-20,Kosovo,Iceland,2.0,1.0,UEFA Nations League,False,1610.1,1633.3,76.8,H,2025,,,,,,,,,,,,
2025-03-20,Slovakia,Slovenia,0.0,0.0,UEFA Nations League,False,1755.1,1779.5,75.6,D,2025,,,,,,,,,,,,
2025-03-20,Laos,Sri Lanka,1.0,2.0,Friendly,False,937.6,965.3,72.2,A,2025,,,,,,,,,,,,
2025-03-20,Tajikistan,Belarus,0.0,5.0,Friendly,False,1435.8,1510.4,25.3,A,2025,,,,,,,,,,,,
2025-03-20,Paraguay,Chile,1.0,0.0,FIFA World Cup qualification,False,1849.1,1807.1,142.1,H,2025,26.24,4.49,4102702.7,4796239.32,,,,,,,,
2025-03-20,Turkey,Hungary,3.0,1.0,UEFA Nations League,False,1827.3,1835.1,92.2,H,2025,25.1,3.93,10601282.05,11861867.84,,,,,,,,
2025-03-21,South Africa,Lesotho,0.0,3.0,FIFA World Cup qualification,False,1719.9,1372.9,447.0,A,2025,26.5,3.82,798437.5,571215.04,,,,,,,,
2025-03-21,Morocco,Niger,2.0,1.0,FIFA World Cup qualification,False,1898.0,1436.7,561.4,H,2025,26.36,4.37,6110694.44,12153534.13,,,,,,,,
2025-03-21,Burundi,Ivory Coast,0.0,1.0,FIFA World Cup qualification,True,1438.4,1695.1,-256.7,A,2025,,,,,25.27,4.55,8950000.0,10362707.86,,,,
2025-03-21,Botswana,Algeria,1.0,3.0,FIFA World Cup qualification,False,1479.4,1793.0,-213.7,A,2025,,,,,26.37,3.74,2577941.18,6201010.25,,,,
2025-03-21,Guinea,Somalia,0.0,0.0,FIFA World Cup qualification,True,1614.9,1013.1,601.8,D,2025,,,,,,,,,,,,
2025-03-21,Equatorial Guinea,São Tomé and Príncipe,2.0,0.0,FIFA World Cup qualification,False,1563.1,1168.9,494.2,H,2025,,,,,,,,,,,,
2025-03-21,Cyprus,San Marino,2.0,0.0,FIFA World Cup qualification,False,1353.5,933.3,520.1,H,2025,,,,,,,,,,,,
2025-03-21,Malta,Finland,0.0,1.0,FIFA World Cup qualification,False,1320.4,1591.8,-171.3,A,2025,,,,,,,,,,,,
2025-03-21,Poland,Lithuania,1.0,0.0,FIFA World Cup qualification,False,1755.4,1337.5,517.9,H,2025,,,,,,,,,,,,
2025-03-21,Romania,Bosnia and Herzegovina,0.0,1.0,FIFA World Cup qualification,False,1776.3,1536.4,339.9,A,2025,,,,,25.16,4.47,3268055.56,5052023.15,,,,
2025-03-21,England,Albania,2.0,0.0,FIFA World Cup qualification,False,2066.9,1686.7,480.2,H,2025,24.89,3.94,48597222.22,42835411.66,,,,,,,,
2025-03-21,Andorra,Latvia,0.0,1.0,FIFA World Cup qualification,False,1144.3,1330.4,-86.2,A,2025,,,,,,,,,,,,
2025-03-21,Rwanda,Nigeria,0.0,2.0,FIFA World Cup qualification,False,1458.4,1664.8,-106.4,A,2025,,,,,,,,,,,,
2025-03-21,Ghana,Chad,5.0,0.0,FIFA World Cup qualification,False,1545.3,1293.6,351.6,H,2025,23.95,3.81,7054487.18,9645725.89,,,,,,,,
2025-03-21,DR Congo,South Sudan,1.0,0.0,FIFA World Cup qualification,False,1656.7,1261.3,495.4,H,2025,25.61,4.18,3821000.0,4909366.97,,,,,,,,
2025-03-21,Ethiopia,Egypt,0.0,2.0,FIFA World Cup qualification,True,1391.8,1767.8,-375.9,A,2025,,,,,27.91,3.55,966176.47,935628.18,,,,
2025-03-21,Guadeloupe,Nicaragua,1.0,0.0,Gold Cup qualification,False,1524.9,1548.2,76.7,H,2025,,,,,,,,,,,,
2025-03-21,Guyana,Guatemala,3.0,2.0,Gold Cup qualification,True,1440.7,1661.4,-220.8,H,2025,,,,,,,,,,,,
2025-03-21,Bermuda,Honduras,3.0,5.0,Gold Cup qualification,False,1340.2,1678.5,-238.3,A,2025,,,,,,,,,,,,
2025-03-21,Saint Vincent and the Grenadines,Jamaica,1.0,1.0,Gold Cup qualification,False,1332.9,1698.6,-265.7,D,2025,,,,,,,,,,,,
2025-03-21,Suriname,Martinique,1.0,0.0,Gold Cup qualification,False,1529.2,1568.6,60.6,H,2025,,,,,,,,,,,,
2025-03-21,Cuba,Trinidad and Tobago,1.0,2.0,Gold Cup qualification,False,1442.4,1561.2,-18.9,A,2025,,,,,,,,,,,,
2025-03-21,Belize,Costa Rica,0.0,7.0,Gold Cup qualification,False,1303.9,1762.3,-358.3,A,2025,,,,,,,,,,,,
2025-03-21,Northern Ireland,Switzerland,1.0,1.0,Friendly,False,1609.3,1873.8,-164.5,D,2025,,,,,25.58,3.68,8685526.32,9619490.27,,,,
2025-03-21,Singapore,Nepal,0.0,1.0,Friendly,False,1241.9,1121.7,220.2,A,2025,,,,,,,,,,,,
2025-03-21,Thailand,Afghanistan,2.0,0.0,Friendly,False,1529.8,1273.9,355.9,H,2025,,,,,,,,,,,,
2025-03-21,Ecuador,Venezuela,2.0,1.0,FIFA World Cup qualification,False,1992.6,1820.3,272.3,H,2025,23.67,4.32,7854687.5,16110790.05,,,,,,,,
2025-03-21,Uruguay,Argentina,0.0,1.0,FIFA World Cup qualification,False,2025.9,2178.5,-52.6,A,2025,24.56,4.02,15300000.0,24699732.27,26.23,4.33,19398529.41,19975427.87,-1.6700000000000017,-0.3100000000000005,-4098529.41,4724304.3999999985
2025-03-21,New Caledonia,Tahiti,3.0,0.0,FIFA World Cup qualification,True,1596.9,1538.4,58.5,H,2025,,,,,,,,,,,,
2025-03-21,New Zealand,Fiji,7.0,0.0,FIFA World Cup qualification,False,1766.9,1565.7,301.2,H,2025,25.76,4.65,764583.33,1307063.81,,,,,,,,
2025-03-21,Puerto Rico,Dominican Republic,2.0,2.0,Friendly,False,1341.6,1493.3,-51.7,D,2025,,,,,,,,,,,,
2025-03-21,Burkina Faso,Djibouti,4.0,1.0,FIFA World Cup qualification,True,1622.2,1108.3,513.8,H,2025,,,,,,,,,,,,
2025-03-22,Wales,Kazakhstan,3.0,1.0,FIFA World Cup qualification,False,1788.5,1504.4,384.2,H,2025,,,,,,,,,,,,
2025-03-22,Montenegro,Gibraltar,3.0,1.0,FIFA World Cup qualification,False,1572.2,1146.9,525.4,H,2025,,,,,,,,,,,,
2025-03-22,Liechtenstein,North Macedonia,0.0,3.0,FIFA World Cup qualification,False,982.3,1665.0,-582.7,A,2025,,,,,,,,,,,,
2025-03-22,Czech Republic,Faroe Islands,2.0,1.0,FIFA World Cup qualification,False,1806.4,1328.6,577.8,H,2025,25.38,3.2,5451875.0,5582053.8,,,,,,,,
2025-03-22,Israel,Estonia,2.0,1.0,FIFA World Cup qualification,True,1653.3,1433.2,220.1,H,2025,,,,,,,,,,,,
2025-03-22,Azerbaijan,Haiti,0.0,3.0,Friendly,False,1453.1,1713.9,-160.8,A,2025,,,,,24.82,4.55,1339393.94,3141824.59,,,,
2025-03-22,Sudan,Senegal,0.0,0.0,FIFA World Cup qualification,True,1521.9,1885.4,-363.5,D,2025,,,,,24.35,4.48,7898000.0,9470147.62,,,,
2025-03-22,Togo,Mauritania,2.0,2.0,FIFA World Cup qualification,False,1492.1,1474.2,117.8,D,2025,,,,,,,,,,,,
2025-03-22,Luxembourg,Sweden,1.0,0.0,Friendly,False,1490.3,1798.8,-208.5,H,2025,,,,,24.92,4.28,6623684.21,7812218.31,,,,
2025-03-22,Moldova,Norway,0.0,5.0,FIFA World Cup qualification,False,1406.8,1853.2,-346.5,A,2025,,,,,24.76,3.19,15627027.03,35857930.24,,,,
2025-03-23,Georgia,Armenia,6.0,1.0,UEFA Nations League,False,1763.3,1446.6,416.7,H,2025,,,,,,,,,,,,
2025-03-23,Kenya,Gabon,1.0,2.0,FIFA World Cup qualification,False,1503.3,1560.2,43.1,A,2025,,,,,,,,,,,,
2025-03-23,Eswatini,Mauritius,3.0,3.0,FIFA World Cup qualification,True,1330.8,1205.9,124.9,D,2025,,,,,,,,,,,,
2025-03-23,Slovenia,Slovakia,1.0,0.0,UEFA Nations League,False,1783.8,1750.8,133.0,H,2025,,,,,,,,,,,,
2025-03-23,Republic of Ireland,Bulgaria,2.0,1.0,UEFA Nations League,False,1683.4,1522.8,260.6,H,2025,,,,,,,,,,,,
2025-03-23,Iceland,Kosovo,1.0,3.0,UEFA Nations League,True,1617.6,1625.8,-8.1,A,2025,,,,,,,,,,,,
2025-03-23,Scotland,Greece,0.0,3.0,UEFA Nations League,False,1840.7,1841.3,99.4,A,2025,26.46,4.71,7304054.05,9050252.93,,,,,,,,
2025-03-23,Serbia,Austria,2.0,0.0,UEFA Nations League,False,1881.8,1915.0,66.9,H,2025,,,,,26.42,3.91,7405263.16,7328241.96,,,,
2025-03-23,Belgium,Ukraine,3.0,0.0,UEFA Nations League,False,1874.6,1888.8,85.8,H,2025,25.49,4.91,17514285.71,15945212.32,,,,,,,,
2025-03-23,Spain,Netherlands,3.0,3.0,UEFA Nations League,False,2227.4,2010.5,316.9,D,2025,25.29,4.17,41460526.32,35192400.04,24.65,3.36,28932432.43,18455630.56,0.6400000000000006,0.81,12528093.89,16736769.48
2025-03-23,Portugal,Denmark,5.0,2.0,UEFA Nations League,False,2027.7,1937.2,190.5,H,2025,25.22,4.56,36193548.39,19665623.12,,,,,,,,
2025-03-23,Germany,Italy,3.0,3.0,UEFA Nations League,False,2056.2,1965.9,190.3,D,2025,25.62,4.3,25986486.49,30095902.23,,,,,,,,
2025-03-23,France,Croatia,2.0,0.0,UEFA Nations League,False,2079.3,1979.9,199.4,H,2025,25.5,3.62,43291666.67,28826679.15,26.29,4.5,10882352.94,13128560.48,-0.7899999999999991,-0.8799999999999999,32409313.730000004,15698118.669999998
2025-03-23,Panama,Mexico,1.0,2.0,CONCACAF Nations League,True,1852.6,1909.5,-57.0,A,2025,25.03,3.75,875694.44,1498952.02,25.11,3.76,5862162.16,4774784.63,-0.0799999999999983,-0.009999999999999787,-4986467.720000001,-3275832.61
2025-03-23,United States,Canada,1.0,2.0,CONCACAF Nations League,False,1852.6,1859.4,93.2,A,2025,24.78,3.69,6175000.0,6648605.74,24.86,3.49,5573611.11,10591246.95,-0.0799999999999983,0.19999999999999973,601388.8899999997,-3942641.209999999
2025-03-23,Hungary,Turkey,0.0,3.0,UEFA Nations League,False,1812.9,1849.5,63.4,A,2025,,,,,25.1,3.93,10601282.05,11861867.84,,,,
2025-03-24,Albania,Andorra,3.0,0.0,FIFA World Cup qualification,False,1683.2,1129.1,654.0,H,2025,,,,,,,,,,,,
2025-03-24,England,Latvia,3.0,0.0,FIFA World Cup qualification,False,2070.5,1345.6,824.9,H,2025,24.89,3.94,48597222.22,42835411.66,,,,,,,,
2025-03-24,Lithuania,Finland,2.0,2.0,FIFA World Cup qualification,False,1335.6,1602.6,-167.1,D,2025,,,,,,,,,,,,
2025-03-24,San Marino,Romania,1.0,5.0,FIFA World Cup qualification,False,930.5,1741.3,-710.8,A,2025,,,,,,,,,,,,
2025-03-24,Bosnia and Herzegovina,Cyprus,2.0,1.0,FIFA World Cup qualification,False,1571.4,1356.3,315.1,H,2025,25.16,4.47,3268055.56,5052023.15,,,,,,,,
2025-03-24,Poland,Malta,2.0,0.0,FIFA World Cup qualification,False,1757.4,1309.6,547.8,H,2025,,,,,,,,,,,,
2025-03-24,Madagascar,Ghana,0.0,3.0,FIFA World Cup qualification,True,1452.3,1554.6,-102.3,A,2025,,,,,23.95,3.81,7054487.18,9645725.89,,,,
2025-03-24,Guinea-Bissau,Burkina Faso,1.0,2.0,FIFA World Cup qualification,False,1402.3,1625.6,-123.3,A,2025,,,,,,,,,,,,
2025-03-24,Tunisia,Malawi,2.0,0.0,FIFA World Cup qualification,False,1722.9,1442.3,380.6,H,2025,27.03,4.22,1931410.26,2314334.64,,,,,,,,
2025-03-24,Liberia,São Tomé and Príncipe,2.0,1.0,FIFA World Cup qualification,False,1398.8,1165.6,333.2,H,2025,,,,,,,,,,,,
2025-03-24,Namibia,Equatorial Guinea,1.0,1.0,FIFA World Cup qualification,True,1495.3,1566.4,-71.1,D,2025,,,,,,,,,,,,
2025-03-24,Ivory Coast,Gambia,1.0,0.0,FIFA World Cup qualification,False,1702.6,1497.2,305.4,H,2025,25.27,4.55,8950000.0,10362707.86,,,,,,,,
2025-03-24,Ethiopia,Djibouti,6.0,1.0,FIFA World Cup qualification,True,1385.7,1104.9,280.8,H,2025,,,,,,,,,,,,
2025-03-24,New Zealand,New Caledonia,3.0,0.0,FIFA World Cup qualification,False,1780.4,1626.1,254.3,H,2025,25.76,4.65,764583.33,1307063.81,,,,,,,,
2025-03-24,Central African Republic,Mali,0.0,0.0,FIFA World Cup qualification,True,1383.0,1733.7,-350.8,D,2025,,,,,,,,,,,,
2025-03-25,Sudan,South Sudan,1.0,1.0,FIFA World Cup qualification,True,1537.5,1259.1,278.4,D,2025,,,,,,,,,,,,
2025-03-25,Senegal,Togo,2.0,0.0,FIFA World Cup qualification,False,1869.8,1485.5,484.2,H,2025,24.35,4.48,7898000.0,9470147.62,,,,,,,,
2025-03-25,Mauritania,DR Congo,0.0,2.0,FIFA World Cup qualification,False,1480.8,1658.9,-78.1,A,2025,,,,,25.61,4.18,3821000.0,4909366.97,,,,
2025-03-25,Egypt,Sierra Leone,1.0,0.0,FIFA World Cup qualification,False,1773.9,1461.3,412.6,H,2025,27.91,3.55,966176.47,935628.18,,,,,,,,
2025-03-25,Indonesia,Bahrain,1.0,0.0,FIFA World Cup qualification,False,1470.3,1631.9,-61.6,H,2025,,,,,,,,,,,,
2025-03-25,Japan,Saudi Arabia,0.0,0.0,FIFA World Cup qualification,False,1995.9,1663.0,432.9,D,2025,25.21,4.01,4232692.31,6095072.5,25.29,3.68,776973.68,724146.08,-0.0799999999999983,0.3299999999999996,3455718.6299999994,5370926.42
2025-03-25,Kuwait,Oman,0.0,1.0,FIFA World Cup qualification,False,1487.0,1632.9,-45.9,A,2025,,,,,,,,,,,,
2025-03-25,Palestine,Iraq,2.0,1.0,FIFA World Cup qualification,True,1527.7,1704.2,-176.4,H,2025,,,,,25.64,3.83,411842.11,241414.2,,,,
2025-03-25,South Korea,Jordan,1.0,1.0,FIFA World Cup qualification,False,1870.0,1746.8,223.2,D,2025,26.12,3.93,3476515.15,9056459.98,25.92,3.95,595370.37,1094896.35,0.1999999999999993,-0.020000000000000018,2881144.78,7961563.630000001
2025-03-25,North Korea,United Arab Emirates,1.0,2.0,FIFA World Cup qualification,True,1509.3,1661.3,-152.1,A,2025,,,,,,,,,,,,
2025-03-25,Kyrgyzstan,Qatar,3.0,1.0,FIFA World Cup qualification,False,1427.1,1671.1,-144.1,H,2025,,,,,26.79,4.48,605921.05,1212292.23,,,,
2025-03-25,Benin,South Africa,0.0,2.0,FIFA World Cup qualification,True,1540.6,1654.8,-114.3,A,2025,,,,,26.5,3.82,798437.5,571215.04,,,,
2025-03-25,China,Australia,0.0,2.0,FIFA World Cup qualification,False,1538.7,1833.8,-195.1,A,2025,,,,,25.86,4.3,1238571.43,1532741.97,,,,
2025-03-25,Nigeria,Zimbabwe,1.0,1.0,FIFA World Cup qualification,False,1685.9,1484.7,301.2,D,2025,,,,,,,,,,,,
2025-03-25,Iran,Uzbekistan,2.0,2.0,FIFA World Cup qualification,False,1935.5,1800.9,234.6,D,2025,27.34,3.92,894736.84,783089.32,25.84,3.85,1363815.79,2172061.67,1.5,0.06999999999999984,-469078.95000000007,-1388972.35
2025-03-25,Angola,Cape Verde,1.0,2.0,FIFA World Cup qualification,False,1653.7,1587.1,166.6,A,2025,,,,,26.18,4.51,1246527.78,2503831.46,,,,
2025-03-25,Cameroon,Libya,3.0,1.0,FIFA World Cup qualification,False,1685.5,1507.9,277.5,H,2025,,,,,,,,,,,,
2025-03-25,Morocco,Tanzania,2.0,0.0,FIFA World Cup qualification,False,1899.5,1482.0,517.5,H,2025,26.36,4.37,6110694.44,12153534.13,,,,,,,,
2025-03-25,Burundi,Seychelles,5.0,0.0,FIFA World Cup qualification,True,1431.0,1029.9,401.1,H,2025,,,,,,,,,,,,
2025-03-25,Uganda,Guinea,1.0,0.0,FIFA World Cup qualification,False,1489.8,1596.2,-6.3,H,2025,,,,,,,,,,,,
2025-03-25,Botswana,Somalia,2.0,0.0,FIFA World Cup qualification,False,1465.8,1031.9,533.9,H,2025,,,,,,,,,,,,
2025-03-25,Algeria,Mozambique,5.0,1.0,FIFA World Cup qualification,False,1806.6,1574.6,332.0,H,2025,26.37,3.74,2577941.18,6201010.25,,,,,,,,
2025-03-25,Comoros,Chad,1.0,0.0,FIFA World Cup qualification,True,1512.6,1284.3,228.3,H,2025,,,,,,,,,,,,
2025-03-25,Israel,Norway,2.0,4.0,FIFA World Cup qualification,True,1662.1,1862.8,-200.8,A,2025,,,,,24.76,3.19,15627027.03,35857930.24,,,,
2025-03-25,Liechtenstein,Kazakhstan,0.0,2.0,FIFA World Cup qualification,False,979.9,1498.5,-418.6,A,2025,,,,,,,,,,,,
2025-03-25,North Macedonia,Wales,1.0,1.0,FIFA World Cup qualification,False,1667.3,1794.5,-27.1,D,2025,,,,,,,,,,,,
2025-03-25,Gibraltar,Czech Republic,0.0,4.0,FIFA World Cup qualification,True,1144.1,1807.7,-663.6,A,2025,,,,,25.38,3.2,5451875.0,5582053.8,,,,
2025-03-25,Montenegro,Faroe Islands,1.0,0.0,FIFA World Cup qualification,False,1575.0,1327.2,347.8,H,2025,,,,,,,,,,,,
2025-03-25,Rwanda,Lesotho,1.0,1.0,FIFA World Cup qualification,False,1437.3,1437.9,99.4,D,2025,,,,,,,,,,,,
2025-03-25,Chile,Ecuador,0.0,0.0,FIFA World Cup qualification,False,1794.8,1999.5,-104.7,D,2025,,,,,23.67,4.32,7854687.5,16110790.05,,,,
2025-03-25,Moldova,Estonia,2.0,3.0,FIFA World Cup qualification,False,1397.2,1424.4,72.8,A,2025,,,,,,,,,,,,
2025-03-25,Venezuela,Peru,1.0,0.0,FIFA World Cup qualification,False,1813.4,1816.6,96.8,H,2025,,,,,,,,,,,,
2025-03-25,Tajikistan,Timor-Leste,1.0,0.0,AFC Asian Cup qualification,False,1414.3,888.8,625.5,H,2025,,,,,,,,,,,,
2025-03-25,Philippines,Maldives,4.0,1.0,AFC Asian Cup qualification,False,1286.9,1092.8,294.1,H,2025,,,,,,,,,,,,
2025-03-25,Bhutan,Yemen,0.0,0.0,AFC Asian Cup qualification,False,881.5,1269.2,-287.7,D,2025,,,,,,,,,,,,
2025-03-25,Lebanon,Brunei,5.0,0.0,AFC Asian Cup qualification,True,1448.0,914.3,533.7,H,2025,,,,,,,,,,,,
2025-03-25,India,Bangladesh,0.0,0.0,AFC Asian Cup qualification,False,1325.1,1097.5,327.6,D,2025,,,,,,,,,,,,
2025-03-25,Argentina,Brazil,4.0,1.0,FIFA World Cup qualification,False,2195.5,2082.6,213.0,H,2025,26.23,4.33,19398529.41,19975427.87,27.0,3.68,21710810.81,18927368.77,-0.7699999999999996,0.6499999999999999,-2312281.3999999985,1048059.1000000015
2025-03-25,Singapore,Hong Kong,0.0,0.0,AFC Asian Cup qualification,False,1226.3,1316.6,9.7,D,2025,,,,,,,,,,,,
2025-03-25,Thailand,Sri Lanka,1.0,0.0,AFC Asian Cup qualification,False,1533.2,977.4,655.9,H,2025,,,,,,,,,,,,
2025-03-25,Myanmar,Afghanistan,2.0,1.0,AFC Asian Cup qualification,False,1100.6,1270.5,-69.9,H,2025,,,,,,,,,,,,
2025-03-25,Syria,Pakistan,2.0,0.0,AFC Asian Cup qualification,True,1565.6,1022.6,543.0,H,2025,,,,,,,,,,,,
2025-03-25,Vietnam,Laos,5.0,0.0,AFC Asian Cup qualification,False,1484.7,925.5,659.2,H,2025,,,,,,,,,,,,
2025-03-25,Malaysia,Nepal,2.0,0.0,AFC Asian Cup qualification,False,1429.1,1137.3,391.7,H,2025,,,,,,,,,,,,
2025-03-25,Costa Rica,Belize,6.0,1.0,Gold Cup qualification,False,1772.4,1293.8,578.6,H,2025,,,,,,,,,,,,
2025-03-25,Guatemala,Guyana,2.0,0.0,Gold Cup qualification,False,1630.2,1471.9,258.3,H,2025,,,,,,,,,,,,
2025-03-25,Taiwan,Turkmenistan,1.0,2.0,AFC Asian Cup qualification,False,1121.4,1365.7,-144.2,A,2025,,,,,,,,,,,,
2025-03-25,Jamaica,Saint Vincent and the Grenadines,3.0,0.0,Gold Cup qualification,False,1685.7,1345.8,439.9,H,2025,,,,,,,,,,,,
2025-03-25,Martinique,Suriname,0.0,1.0,Gold Cup qualification,False,1552.0,1545.7,106.3,A,2025,,,,,,,,,,,,
2025-03-25,Nicaragua,Guadeloupe,0.0,1.0,Gold Cup qualification,False,1532.6,1540.6,92.0,A,2025,,,,,,,,,,,,
2025-03-25,Trinidad and Tobago,Cuba,4.0,0.0,Gold Cup qualification,False,1580.2,1423.4,256.7,H,2025,,,,,,,,,,,,
2025-03-25,Azerbaijan,Belarus,0.0,2.0,Friendly,False,1443.2,1531.9,11.3,A,2025,,,,,,,,,,,,
2025-03-25,Russia,Zambia,5.0,0.0,Friendly,False,1836.6,1592.4,344.1,H,2025,,,,,,,,,,,,
2025-03-25,Honduras,Bermuda,2.0,0.0,Gold Cup qualification,False,1690.6,1328.0,462.6,H,2025,,,,,,,,,,,,
2025-03-25,Cambodia,Aruba,1.0,2.0,Friendly,False,1053.1,1149.9,3.2,A,2025,,,,,,,,,,,,
2025-03-25,Dominican Republic,Puerto Rico,2.0,0.0,Friendly,False,1491.8,1343.1,248.7,H,2025,,,,,,,,,,,,
2025-03-25,Niger,Bonaire,6.0,0.0,Friendly,True,1435.1,1154.6,280.5,H,2025,,,,,,,,,,,,
2025-03-25,Sweden,Northern Ireland,5.0,1.0,Friendly,False,1783.4,1613.7,269.7,H,2025,24.92,4.28,6623684.21,7812218.31,,,,,,,,
2025-03-25,Switzerland,Luxembourg,3.0,1.0,Friendly,False,1869.4,1505.7,463.7,H,2025,25.58,3.68,8685526.32,9619490.27,,,,,,,,
2025-03-25,Bolivia,Uruguay,0.0,0.0,FIFA World Cup qualification,False,1718.1,2008.9,-190.8,D,2025,,,,,24.56,4.02,15300000.0,24699732.27,,,,
2025-03-25,Colombia,Paraguay,2.0,2.0,FIFA World Cup qualification,False,2040.2,1861.4,278.8,D,2025,27.32,3.87,10014473.68,14806092.75,26.24,4.49,4102702.7,4796239.32,1.0800000000000018,-0.6200000000000001,5911770.9799999995,10009853.43
2025-05-09,Dominica,Barbados,0.0,0.0,Friendly,False,1192.3,1164.7,127.6,D,2025,,,,,,,,,,,,
2025-05-11,Dominica,Barbados,0.0,0.0,Friendly,False,1188.8,1168.2,120.6,D,2025,,,,,,,,,,,,
2025-05-21,Saint Kitts and Nevis,Saint Vincent and the Grenadines,1.0,3.0,Friendly,False,1311.3,1340.6,70.6,A,2025,,,,,,,,,,,,
2025-05-25,Anguilla,Saint Kitts and Nevis,2.0,4.0,Friendly,True,885.1,1293.3,-408.1,A,2025,,,,,,,,,,,,
2025-05-25,Saint Vincent and the Grenadines,Saint Kitts and Nevis,3.0,0.0,Friendly,False,1358.6,1295.9,162.8,H,2025,,,,,,,,,,,,
2025-05-27,Jamaica,Trinidad and Tobago,3.0,2.0,Unity Cup,True,1690.8,1594.1,96.7,H,2025,,,,,,,,,,,,
2025-05-28,Nigeria,Ghana,2.0,1.0,Unity Cup,True,1671.9,1579.6,92.3,H,2025,,,,,23.95,3.81,7054487.18,9645725.89,,,,
2025-05-28,Oman,Lebanon,1.0,0.0,Friendly,False,1650.3,1451.6,298.7,H,2025,,,,,,,,,,,,
2025-05-29,Malaysia,Cape Verde,1.0,1.0,Friendly,False,1434.8,1616.0,-81.3,D,2025,,,,,26.18,4.51,1246527.78,2503831.46,,,,
2025-05-30,Saint Vincent and the Grenadines,British Virgin Islands,1.0,1.0,Friendly,False,1368.5,920.9,547.5,D,2025,,,,,,,,,,,,
2025-05-30,Saudi Arabia,Jordan,2.0,0.0,Friendly,False,1680.0,1758.1,21.8,H,2025,25.29,3.68,776973.68,724146.08,25.92,3.95,595370.37,1094896.35,-0.6300000000000026,-0.27,181603.31000000006,-370750.27000000014
2025-05-31,Trinidad and Tobago,Ghana,0.0,4.0,Unity Cup,True,1583.2,1568.5,14.7,A,2025,,,,,23.95,3.81,7054487.18,9645725.89,,,,
2025-05-31,Jamaica,Nigeria,2.0,2.0,Unity Cup,True,1701.8,1683.0,18.8,D,2025,,,,,,,,,,,,
2025-06-01,Grenada,Anguilla,2.0,0.0,Friendly,False,1267.3,882.5,484.8,H,2025,,,,,,,,,,,,
2025-06-01,El Salvador,Guatemala,1.0,1.0,Friendly,True,1538.6,1641.3,-102.7,D,2025,,,,,,,,,,,,
2025-06-01,Puerto Rico,Nicaragua,1.0,1.0,Friendly,True,1337.3,1507.4,-170.1,D,2025,,,,,,,,,,,,
2025-06-02,Tunisia,Burkina Faso,2.0,0.0,Friendly,False,1729.0,1638.8,190.2,H,2025,27.03,4.22,1931410.26,2314334.64,,,,,,,,
2025-06-03,Malaysia,Cape Verde,0.0,3.0,Friendly,False,1437.1,1613.7,-76.7,A,2025,,,,,26.18,4.51,1246527.78,2503831.46,,,,
2025-06-04,Dominica,British Virgin Islands,3.0,0.0,FIFA World Cup qualification,False,1185.5,930.1,355.4,H,2025,,,,,,,,,,,,
2025-06-04,Montserrat,Belize,1.0,0.0,FIFA World Cup qualification,True,1214.9,1291.0,-76.1,H,2025,,,,,,,,,,,,
2025-06-04,Barbados,Aruba,1.0,1.0,FIFA World Cup qualification,False,1171.5,1160.0,111.6,D,2025,,,,,,,,,,,,
2025-06-04,Grenada,Bahamas,6.0,0.0,FIFA World Cup qualification,False,1269.1,1054.2,314.8,H,2025,,,,,,,,,,,,
2025-06-04,Saint Vincent and the Grenadines,Anguilla,6.0,0.0,FIFA World Cup qualification,False,1359.3,880.8,578.5,H,2025,,,,,,,,,,,,
2025-06-04,Bangladesh,Bhutan,2.0,0.0,Friendly,False,1112.2,895.1,317.1,H,2025,,,,,,,,,,,,
2025-06-04,Thailand,India,2.0,0.0,Friendly,False,1534.1,1310.3,323.8,H,2025,,,,,,,,,,,,
2025-06-04,Germany,Portugal,1.0,2.0,UEFA Nations League,False,2046.2,2045.2,101.0,A,2025,25.62,4.3,25986486.49,30095902.23,25.22,4.56,36193548.39,19665623.12,0.40000000000000213,-0.2599999999999998,-10207061.900000002,10430279.11
2025-06-04,Bermuda,Cayman Islands,5.0,0.0,FIFA World Cup qualification,False,1324.1,1070.5,353.6,H,2025,,,,,,,,,,,,
2025-06-05,United Arab Emirates,Uzbekistan,0.0,0.0,FIFA World Cup qualification,False,1673.1,1812.7,-39.6,D,2025,,,,,25.84,3.85,1363815.79,2172061.67,,,,
2025-06-05,Sri Lanka,Brunei,1.0,0.0,Friendly,True,976.5,910.8,65.7,H,2025,,,,,,,,,,,,
2025-06-05,Indonesia,China,1.0,0.0,FIFA World Cup qualification,False,1493.8,1524.0,69.9,H,2025,,,,,,,,,,,,
2025-06-05,Australia,Japan,1.0,0.0,FIFA World Cup qualification,False,1848.5,1979.0,-30.5,H,2025,25.86,4.3,1238571.43,1532741.97,25.21,4.01,4232692.31,6095072.5,0.6499999999999986,0.29000000000000004,-2994120.88,-4562330.53
2025-06-05,Bahrain,Saudi Arabia,0.0,2.0,FIFA World Cup qualification,False,1608.4,1694.0,14.4,A,2025,,,,,25.29,3.68,776973.68,724146.08,,,,
2025-06-05,Kuwait,Palestine,0.0,2.0,FIFA World Cup qualification,False,1469.6,1557.1,12.5,A,2025,,,,,,,,,,,,
2025-06-05,Iraq,South Korea,0.0,2.0,FIFA World Cup qualification,False,1674.8,1858.7,-83.9,A,2025,25.64,3.83,411842.11,241414.2,26.12,3.93,3476515.15,9056459.98,-0.4800000000000004,-0.10000000000000009,-3064673.04,-8815045.780000001
2025-06-05,Oman,Jordan,0.0,3.0,FIFA World Cup qualification,False,1653.3,1744.1,9.2,A,2025,,,,,25.92,3.95,595370.37,1094896.35,,,,
2025-06-05,Qatar,Iran,1.0,0.0,FIFA World Cup qualification,False,1629.4,1923.7,-194.4,H,2025,26.79,4.48,605921.05,1212292.23,27.34,3.92,894736.84,783089.32,-0.5500000000000007,0.5600000000000005,-288815.7899999999,429202.91000000003
2025-06-05,Chile,Argentina,0.0,1.0,FIFA World Cup qualification,False,1800.7,2211.4,-310.7,A,2025,,,,,26.23,4.33,19398529.41,19975427.87,,,,
2025-06-05,North Korea,Kyrgyzstan,2.0,2.0,FIFA World Cup qualification,True,1497.5,1468.9,28.6,D,2025,,,,,,,,,,,,
2025-06-05,Ecuador,Brazil,0.0,0.0,FIFA World Cup qualification,False,1993.7,2066.7,27.0,D,2025,23.67,4.32,7854687.5,16110790.05,27.0,3.68,21710810.81,18927368.77,-3.3299999999999983,0.6400000000000001,-13856123.309999999,-2816578.719999999
2025-06-05,Singapore,Maldives,3.0,1.0,Friendly,False,1225.8,1081.9,243.9,H,2025,,,,,,,,,,,,
2025-06-05,Hong Kong,Nepal,0.0,0.0,Friendly,False,1317.1,1131.6,285.5,D,2025,,,,,,,,,,,,
2025-06-05,Georgia,Faroe Islands,1.0,0.0,Friendly,False,1770.0,1322.4,547.5,H,2025,,,,,,,,,,,,
2025-06-05,DR Congo,Mali,1.0,0.0,Friendly,True,1682.3,1718.4,-36.2,H,2025,25.61,4.18,3821000.0,4909366.97,,,,,,,,
2025-06-05,Cambodia,Tajikistan,1.0,2.0,Friendly,False,1043.0,1415.4,-272.4,A,2025,,,,,,,,,,,,
2025-06-05,Belarus,Kazakhstan,4.0,1.0,Friendly,False,1547.4,1503.4,144.0,H,2025,,,,,,,,,,,,
2025-06-05,Algeria,Rwanda,2.0,0.0,Friendly,False,1816.3,1431.8,484.5,H,2025,26.37,3.74,2577941.18,6201010.25,,,,,,,,
2025-06-05,Spain,France,5.0,4.0,UEFA Nations League,True,2213.0,2093.7,119.3,H,2025,25.29,4.17,41460526.32,35192400.04,25.5,3.62,43291666.67,28826679.15,-0.21000000000000085,0.5499999999999998,-1831140.3500000015,6365720.890000001
2025-06-05,Paraguay,Uruguay,2.0,0.0,FIFA World Cup qualification,False,1874.7,1998.9,-24.2,H,2025,26.24,4.49,4102702.7,4796239.32,24.56,4.02,15300000.0,24699732.27,1.6799999999999997,0.47000000000000064,-11197297.3,-19903492.95
2025-06-06,Venezuela,Bolivia,2.0,0.0,FIFA World Cup qualification,False,1828.0,1728.1,199.9,H,2025,,,,,,,,,,,,
2025-06-06,Norway,Italy,3.0,0.0,FIFA World Cup qualification,False,1877.2,1975.9,1.3,H,2025,24.76,3.19,15627027.03,35857930.24,,,,,,,,
2025-06-06,Estonia,Israel,1.0,3.0,FIFA World Cup qualification,False,1448.5,1647.7,-99.2,A,2025,,,,,,,,,,,,
2025-06-06,Wales,Liechtenstein,3.0,0.0,FIFA World Cup qualification,False,1792.9,975.0,918.0,H,2025,,,,,,,,,,,,
2025-06-06,North Macedonia,Belgium,1.0,1.0,FIFA World Cup qualification,False,1668.9,1901.1,-132.2,D,2025,,,,,25.49,4.91,17514285.71,15945212.32,,,,
2025-06-06,Czech Republic,Montenegro,2.0,0.0,FIFA World Cup qualification,False,1809.4,1579.8,329.6,H,2025,25.38,3.2,5451875.0,5582053.8,,,,,,,,
2025-06-06,Nicaragua,Guyana,1.0,0.0,FIFA World Cup qualification,False,1502.9,1460.8,142.0,H,2025,,,,,,,,,,,,
2025-06-06,Antigua and Barbuda,Cuba,0.0,1.0,FIFA World Cup qualification,False,1127.2,1409.5,-182.3,A,2025,,,,,,,,,,,,
2025-06-06,Trinidad and Tobago,Saint Kitts and Nevis,6.0,2.0,FIFA World Cup qualification,False,1553.9,1286.0,367.8,H,2025,,,,,,,,,,,,
2025-06-06,Curaçao,Saint Lucia,4.0,0.0,FIFA World Cup qualification,False,1518.6,1258.0,360.6,H,2025,25.57,4.56,1075781.25,1416497.17,,,,,,,,
2025-06-06,Guatemala,Dominican Republic,4.0,2.0,FIFA World Cup qualification,False,1638.4,1497.6,240.8,H,2025,,,,,,,,,,,,
2025-06-06,Suriname,Puerto Rico,1.0,0.0,FIFA World Cup qualification,False,1571.7,1341.9,329.8,H,2025,,,,,,,,,,,,
2025-06-06,Colombia,Peru,0.0,0.0,FIFA World Cup qualification,False,2026.9,1802.0,324.9,D,2025,27.32,3.87,10014473.68,14806092.75,,,,,,,,
2025-06-06,Gibraltar,Croatia,0.0,7.0,FIFA World Cup qualification,True,1142.5,1965.4,-822.9,A,2025,,,,,26.29,4.5,10882352.94,13128560.48,,,,
2025-06-06,Russia,Nigeria,1.0,1.0,Friendly,False,1841.4,1683.8,257.6,D,2025,,,,,,,,,,,,
2025-06-06,Poland,Moldova,2.0,0.0,Friendly,False,1759.8,1373.1,486.7,H,2025,,,,,,,,,,,,
2025-06-06,Uganda,Cameroon,0.0,3.0,Friendly,True,1510.2,1695.6,-185.4,A,2025,,,,,,,,,,,,
2025-06-06,Bulgaria,Cyprus,2.0,2.0,Friendly,False,1515.5,1350.7,264.8,D,2025,,,,,,,,,,,,
2025-06-06,Burundi,Guinea-Bissau,1.0,0.0,Friendly,True,1438.2,1389.2,49.1,H,2025,,,,,,,,,,,,
2025-06-06,Equatorial Guinea,Gambia,1.0,2.0,Friendly,True,1562.3,1491.3,71.0,A,2025,,,,,,,,,,,,
2025-06-06,Hungary,Sweden,0.0,2.0,Friendly,False,1771.6,1790.0,81.6,A,2025,,,,,24.92,4.28,6623684.21,7812218.31,,,,
2025-06-06,Kosovo,Armenia,5.0,2.0,Friendly,False,1655.1,1439.9,315.2,H,2025,,,,,,,,,,,,
2025-06-06,Luxembourg,Slovenia,0.0,1.0,Friendly,False,1503.8,1796.5,-192.7,A,2025,,,,,,,,,,,,
2025-06-06,Central African Republic,Mauritania,2.0,1.0,Friendly,True,1398.3,1457.4,-59.1,H,2025,,,,,,,,,,,,
2025-06-06,Niger,Gabon,4.0,3.0,Friendly,True,1442.2,1582.6,-140.4,H,2025,,,,,,,,,,,,
2025-06-06,Zimbabwe,Burkina Faso,0.0,2.0,Friendly,True,1498.7,1631.3,-132.6,A,2025,,,,,,,,,,,,
2025-06-06,Republic of Ireland,Senegal,1.0,1.0,Friendly,False,1690.7,1873.3,-82.6,D,2025,,,,,24.35,4.48,7898000.0,9470147.62,,,,
2025-06-06,Scotland,Iceland,1.0,3.0,Friendly,False,1796.0,1588.3,307.6,A,2025,26.46,4.71,7304054.05,9050252.93,,,,,,,,
2025-06-06,South Africa,Tanzania,0.0,0.0,Friendly,False,1675.3,1479.1,296.2,D,2025,26.5,3.82,798437.5,571215.04,,,,,,,,
2025-06-06,Morocco,Tunisia,2.0,0.0,Friendly,False,1902.4,1736.5,265.9,H,2025,26.36,4.37,6110694.44,12153534.13,27.03,4.22,1931410.26,2314334.64,-0.6700000000000017,0.15000000000000036,4179284.1800000006,9839199.49
2025-06-07,Canada,Ukraine,4.0,2.0,Canadian Shield,False,1884.6,1862.3,122.4,H,2025,24.86,3.49,5573611.11,10591246.95,,,,,,,,
2025-06-07,Anguilla,El Salvador,0.0,3.0,FIFA World Cup qualification,False,877.8,1541.4,-563.6,A,2025,,,,,,,,,,,,
2025-06-07,British Virgin Islands,Jamaica,0.0,1.0,FIFA World Cup qualification,False,922.1,1701.0,-678.8,A,2025,,,,,,,,,,,,
2025-06-07,Belize,Panama,0.0,2.0,FIFA World Cup qualification,False,1266.7,1835.8,-469.1,A,2025,,,,,25.03,3.75,875694.44,1498952.02,,,,
2025-06-07,Aruba,Haiti,0.0,5.0,FIFA World Cup qualification,False,1166.2,1723.8,-457.7,A,2025,,,,,24.82,4.55,1339393.94,3141824.59,,,,
2025-06-07,Bahamas,Costa Rica,0.0,8.0,FIFA World Cup qualification,True,1042.3,1775.2,-732.9,A,2025,,,,,,,,,,,,
2025-06-07,Cayman Islands,Honduras,0.0,1.0,FIFA World Cup qualification,False,1061.3,1694.5,-533.3,A,2025,,,,,,,,,,,,
2025-06-07,Kenya,Chad,0.0,0.0,Friendly,True,1480.8,1275.8,205.0,D,2025,,,,,,,,,,,,
2025-06-07,Ivory Coast,New Zealand,0.0,1.0,Canadian Shield,True,1708.4,1793.5,-85.1,A,2025,25.27,4.55,8950000.0,10362707.86,25.76,4.65,764583.33,1307063.81,-0.490000000000002,-0.10000000000000053,8185416.67,9055644.049999999
2025-06-07,Albania,Serbia,0.0,0.0,FIFA World Cup qualification,False,1684.8,1906.1,-121.4,D,2025,,,,,,,,,,,,
2025-06-07,Austria,Romania,2.0,1.0,FIFA World Cup qualification,False,1890.7,1742.5,248.2,H,2025,26.42,3.91,7405263.16,7328241.96,,,,,,,,
2025-06-07,Bosnia and Herzegovina,San Marino,1.0,0.0,FIFA World Cup qualification,False,1577.1,929.2,747.8,H,2025,25.16,4.47,3268055.56,5052023.15,,,,,,,,
2025-06-07,Finland,Netherlands,0.0,2.0,FIFA World Cup qualification,False,1593.7,2025.0,-331.3,A,2025,,,,,24.65,3.36,28932432.43,18455630.56,,,,
2025-06-07,Malta,Lithuania,0.0,0.0,FIFA World Cup qualification,False,1307.1,1344.5,62.6,D,2025,,,,,,,,,,,,
2025-06-07,United States,Turkey,1.0,2.0,Friendly,False,1827.4,1890.9,36.5,A,2025,24.78,3.69,6175000.0,6648605.74,25.1,3.93,10601282.05,11861867.84,-0.3200000000000003,-0.2400000000000002,-4426282.050000001,-5213262.1
2025-06-07,Mexico,Switzerland,2.0,4.0,Friendly,True,1926.3,1871.4,54.9,A,2025,25.11,3.76,5862162.16,4774784.63,25.58,3.68,8685526.32,9619490.27,-0.46999999999999886,0.07999999999999963,-2823364.16,-4844705.64
2025-06-07,Latvia,Azerbaijan,0.0,0.0,Friendly,False,1345.0,1427.7,17.3,D,2025,,,,,,,,,,,,
2025-06-07,Greece,Slovakia,4.0,1.0,Friendly,False,1886.0,1738.1,247.9,H,2025,,,,,,,,,,,,
2025-06-07,Denmark,Northern Ireland,2.0,1.0,Friendly,False,1919.7,1607.2,412.5,H,2025,,,,,,,,,,,,
2025-06-07,Andorra,England,0.0,1.0,FIFA World Cup qualification,True,1127.5,2071.1,-943.5,A,2025,,,,,24.89,3.94,48597222.22,42835411.66,,,,
2025-06-08,Germany,France,0.0,2.0,UEFA Nations League,False,2020.6,2080.3,40.3,A,2025,25.62,4.3,25986486.49,30095902.23,25.5,3.62,43291666.67,28826679.15,0.120000000000001,0.6799999999999997,-17305180.180000003,1269223.080000002
2025-06-08,Portugal,Spain,2.0,2.0,UEFA Nations League,True,2070.9,2226.4,-155.5,D,2025,25.22,4.56,36193548.39,19665623.12,25.29,4.17,41460526.32,35192400.04,-0.07000000000000028,0.3899999999999997,-5266977.93,-15526776.919999998
2025-06-08,DR Congo,Madagascar,3.0,1.0,Friendly,True,1693.3,1427.3,266.0,H,2025,25.61,4.18,3821000.0,4909366.97,,,,,,,,
2025-06-08,Georgia,Cape Verde,1.0,1.0,Friendly,False,1770.8,1627.4,243.3,D,2025,,,,,26.18,4.51,1246527.78,2503831.46,,,,
2025-06-09,Estonia,Norway,0.0,1.0,FIFA World Cup qualification,False,1426.8,1912.1,-385.2,A,2025,,,,,24.76,3.19,15627027.03,35857930.24,,,,
2025-06-09,Kazakhstan,North Macedonia,0.0,1.0,FIFA World Cup qualification,False,1492.8,1676.2,-83.4,A,2025,,,,,,,,,,,,
2025-06-09,Italy,Moldova,2.0,0.0,FIFA World Cup qualification,False,1941.1,1371.4,669.7,H,2025,,,,,,,,,,,,
2025-06-09,Belgium,Wales,4.0,3.0,FIFA World Cup qualification,False,1893.9,1793.3,200.6,H,2025,25.49,4.91,17514285.71,15945212.32,,,,,,,,
2025-06-09,Faroe Islands,Gibraltar,2.0,1.0,FIFA World Cup qualification,False,1321.6,1141.7,279.9,H,2025,,,,,,,,,,,,
2025-06-09,Croatia,Czech Republic,5.0,1.0,FIFA World Cup qualification,False,1966.2,1817.2,249.0,H,2025,26.29,4.5,10882352.94,13128560.48,25.38,3.2,5451875.0,5582053.8,0.9100000000000001,1.2999999999999998,5430477.9399999995,7546506.680000001
2025-06-09,Uganda,Gambia,1.0,1.0,Friendly,True,1501.2,1503.3,-2.1,D,2025,,,,,,,,,,,,
2025-06-09,Gabon,Guinea-Bissau,2.0,0.0,Friendly,True,1568.8,1380.6,188.2,H,2025,,,,,,,,,,,,
2025-06-09,Montenegro,Armenia,2.0,2.0,Friendly,False,1571.9,1435.0,236.9,D,2025,,,,,,,,,,,,
2025-06-09,Liechtenstein,Scotland,0.0,4.0,Friendly,False,974.6,1770.3,-695.7,A,2025,,,,,26.46,4.71,7304054.05,9050252.93,,,,
2025-06-09,Kosovo,Comoros,4.0,2.0,Friendly,False,1660.0,1521.1,238.9,H,2025,,,,,,,,,,,,
2025-06-09,Equatorial Guinea,Cameroon,1.0,1.0,Friendly,True,1550.3,1704.5,-154.2,D,2025,,,,,,,,,,,,
2025-06-09,Algeria,Rwanda,2.0,0.0,Friendly,False,1818.0,1430.0,488.0,H,2025,26.37,3.74,2577941.18,6201010.25,,,,,,,,
2025-06-09,Morocco,Benin,1.0,0.0,Friendly,False,1907.8,1520.1,487.7,H,2025,26.36,4.37,6110694.44,12153534.13,,,,,,,,
2025-06-10,Romania,Cyprus,2.0,0.0,FIFA World Cup qualification,False,1734.8,1357.1,477.6,H,2025,,,,,,,,,,,,
2025-06-10,San Marino,Austria,0.0,4.0,FIFA World Cup qualification,False,928.7,1898.4,-869.7,A,2025,,,,,26.42,3.91,7405263.16,7328241.96,,,,
2025-06-10,Finland,Poland,2.0,1.0,FIFA World Cup qualification,False,1585.9,1761.5,-75.6,H,2025,,,,,,,,,,,,
2025-06-10,Netherlands,Malta,8.0,0.0,FIFA World Cup qualification,False,2032.7,1303.5,829.2,H,2025,24.65,3.36,28932432.43,18455630.56,,,,,,,,
2025-06-10,Saudi Arabia,Australia,1.0,2.0,FIFA World Cup qualification,False,1725.3,1870.3,-45.0,A,2025,25.29,3.68,776973.68,724146.08,25.86,4.3,1238571.43,1532741.97,-0.5700000000000003,-0.6199999999999997,-461597.7499999999,-808595.89
2025-06-10,Palestine,Oman,1.0,1.0,FIFA World Cup qualification,True,1588.2,1617.4,-29.2,D,2025,,,,,,,,,,,,
2025-06-10,China,Bahrain,1.0,0.0,FIFA World Cup qualification,False,1507.9,1577.2,30.7,H,2025,,,,,,,,,,,,
2025-06-10,Serbia,Andorra,3.0,0.0,FIFA World Cup qualification,False,1899.4,1127.4,872.1,H,2025,,,,,,,,,,,,
2025-06-10,Jordan,Iraq,0.0,1.0,FIFA World Cup qualification,False,1780.0,1651.9,228.1,A,2025,25.92,3.95,595370.37,1094896.35,25.64,3.83,411842.11,241414.2,0.28000000000000114,0.1200000000000001,183528.26,853482.1500000001
2025-06-10,South Korea,Kuwait,4.0,0.0,FIFA World Cup qualification,False,1881.6,1438.6,543.0,H,2025,26.12,3.93,3476515.15,9056459.98,,,,,,,,
2025-06-10,Kyrgyzstan,United Arab Emirates,1.0,1.0,FIFA World Cup qualification,False,1470.5,1675.4,-104.9,D,2025,,,,,,,,,,,,
2025-06-10,Iran,North Korea,3.0,0.0,FIFA World Cup qualification,False,1893.6,1495.8,497.7,H,2025,27.34,3.92,894736.84,783089.32,,,,,,,,
2025-06-10,Japan,Indonesia,6.0,0.0,FIFA World Cup qualification,False,1957.2,1509.9,547.4,H,2025,25.21,4.01,4232692.31,6095072.5,,,,,,,,
2025-06-10,Latvia,Albania,1.0,1.0,FIFA World Cup qualification,False,1344.5,1691.5,-247.0,D,2025,,,,,,,,,,,,
2025-06-10,Belarus,Russia,1.0,4.0,Friendly,False,1558.0,1835.1,-177.1,A,2025,,,,,,,,,,,,
2025-06-10,Canada,Ivory Coast,0.0,0.0,Canadian Shield,False,1899.5,1697.1,302.5,D,2025,24.86,3.49,5573611.11,10591246.95,25.27,4.55,8950000.0,10362707.86,-0.41000000000000014,-1.0599999999999996,-3376388.8899999997,228539.08999999985
2025-06-10,Cuba,Bermuda,1.0,2.0,FIFA World Cup qualification,False,1419.9,1333.3,186.5,A,2025,,,,,,,,,,,,
2025-06-10,El Salvador,Suriname,1.0,1.0,FIFA World Cup qualification,False,1544.1,1576.9,67.2,D,2025,,,,,,,,,,,,
2025-06-10,Saint Kitts and Nevis,Grenada,2.0,3.0,FIFA World Cup qualification,False,1278.0,1281.0,97.0,A,2025,,,,,,,,,,,,
2025-06-10,Costa Rica,Trinidad and Tobago,2.0,1.0,FIFA World Cup qualification,False,1776.6,1561.9,314.7,H,2025,,,,,,,,,,,,
2025-06-10,Saint Lucia,Barbados,2.0,1.0,FIFA World Cup qualification,False,1249.6,1165.3,184.3,H,2025,,,,,,,,,,,,
2025-06-10,Haiti,Curaçao,1.0,5.0,FIFA World Cup qualification,True,1729.2,1526.9,202.3,A,2025,24.82,4.55,1339393.94,3141824.59,25.57,4.56,1075781.25,1416497.17,-0.75,-0.009999999999999787,263612.68999999994,1725327.42
2025-06-10,Guyana,Montserrat,3.0,0.0,FIFA World Cup qualification,False,1448.6,1239.2,309.4,H,2025,,,,,,,,,,,,
2025-06-10,Panama,Nicaragua,3.0,0.0,FIFA World Cup qualification,False,1839.6,1515.1,424.5,H,2025,25.03,3.75,875694.44,1498952.02,,,,,,,,
2025-06-10,Dominican Republic,Dominica,5.0,0.0,FIFA World Cup qualification,False,1485.6,1193.5,392.1,H,2025,,,,,,,,,,,,
2025-06-10,Jamaica,Guatemala,3.0,0.0,FIFA World Cup qualification,False,1701.7,1650.4,151.4,H,2025,,,,,,,,,,,,
2025-06-10,Puerto Rico,Saint Vincent and the Grenadines,2.0,1.0,FIFA World Cup qualification,False,1336.6,1362.2,74.4,H,2025,,,,,,,,,,,,
2025-06-10,Uzbekistan,Qatar,3.0,0.0,FIFA World Cup qualification,False,1810.4,1659.5,250.9,H,2025,25.84,3.85,1363815.79,2172061.67,26.79,4.48,605921.05,1212292.23,-0.9499999999999993,-0.6300000000000003,757894.74,959769.44
2025-06-10,New Zealand,Ukraine,1.0,2.0,Canadian Shield,True,1804.9,1847.4,-42.4,A,2025,25.76,4.65,764583.33,1307063.81,,,,,,,,
2025-06-10,Brazil,Paraguay,1.0,0.0,FIFA World Cup qualification,False,2068.2,1906.8,261.5,H,2025,27.0,3.68,21710810.81,18927368.77,26.24,4.49,4102702.7,4796239.32,0.7600000000000016,-0.81,17608108.11,14131129.45
2025-06-10,Honduras,Antigua and Barbuda,2.0,0.0,FIFA World Cup qualification,False,1696.3,1116.8,679.5,H,2025,,,,,,,,,,,,
2025-06-10,Peru,Ecuador,0.0,0.0,FIFA World Cup qualification,False,1816.7,1992.1,-75.5,D,2025,,,,,23.67,4.32,7854687.5,16110790.05,,,,
2025-06-10,Argentina,Colombia,1.0,1.0,FIFA World Cup qualification,False,2217.1,2012.2,304.9,D,2025,26.23,4.33,19398529.41,19975427.87,27.32,3.87,10014473.68,14806092.75,-1.0899999999999999,0.45999999999999996,9384055.73,5169335.120000001
2025-06-10,Timor-Leste,Maldives,1.0,0.0,AFC Asian Cup qualification,True,887.8,1076.0,-188.2,H,2025,,,,,,,,,,,,
2025-06-10,Philippines,Tajikistan,2.0,2.0,AFC Asian Cup qualification,False,1297.7,1418.8,-21.1,D,2025,,,,,,,,,,,,
2025-06-10,Brunei,Bhutan,2.0,1.0,AFC Asian Cup qualification,False,902.6,890.9,111.7,H,2025,,,,,,,,,,,,
2025-06-10,Bangladesh,Singapore,1.0,2.0,AFC Asian Cup qualification,False,1116.4,1231.7,-15.3,A,2025,,,,,,,,,,,,
2025-06-10,Hong Kong,India,1.0,0.0,AFC Asian Cup qualification,False,1310.4,1306.3,104.1,H,2025,,,,,,,,,,,,
2025-06-10,Sri Lanka,Taiwan,3.0,1.0,AFC Asian Cup qualification,False,984.6,1109.3,-24.7,H,2025,,,,,,,,,,,,
2025-06-10,Turkmenistan,Thailand,3.0,1.0,AFC Asian Cup qualification,False,1377.8,1538.1,-60.3,H,2025,,,,,,,,,,,,
2025-06-10,Myanmar,Pakistan,1.0,0.0,AFC Asian Cup qualification,False,1124.6,1020.1,204.4,H,2025,,,,,,,,,,,,
2025-06-10,Afghanistan,Syria,0.0,1.0,AFC Asian Cup qualification,True,1246.5,1568.2,-321.7,A,2025,,,,,,,,,,,,
2025-06-10,Laos,Nepal,2.0,1.0,AFC Asian Cup qualification,False,923.8,1138.4,-114.6,H,2025,,,,,,,,,,,,
2025-06-10,Malaysia,Vietnam,4.0,0.0,AFC Asian Cup qualification,False,1423.4,1486.4,36.9,H,2025,,,,,,,,,,,,
2025-06-10,Azerbaijan,Hungary,1.0,2.0,Friendly,False,1428.2,1753.1,-225.0,A,2025,,,,,,,,,,,,
2025-06-10,Burundi,Mauritania,0.0,0.0,Friendly,True,1446.8,1445.7,1.1,D,2025,,,,,,,,,,,,
2025-06-10,Yemen,Lebanon,0.0,0.0,AFC Asian Cup qualification,True,1255.6,1448.5,-193.0,D,2025,,,,,,,,,,,,
2025-06-10,Denmark,Lithuania,5.0,0.0,Friendly,False,1921.4,1348.1,673.3,H,2025,,,,,,,,,,,,
2025-06-10,Uruguay,Venezuela,2.0,0.0,FIFA World Cup qualification,False,1966.8,1842.4,224.4,H,2025,24.56,4.02,15300000.0,24699732.27,,,,,,,,
2025-06-10,Bolivia,Chile,2.0,0.0,FIFA World Cup qualification,False,1713.7,1794.9,18.7,H,2025,,,,,,,,,,,,
2025-06-10,United States,Switzerland,0.0,4.0,Friendly,False,1816.3,1888.7,27.6,A,2025,24.78,3.69,6175000.0,6648605.74,25.58,3.68,8685526.32,9619490.27,-0.7999999999999972,0.009999999999999787,-2510526.3200000003,-2970884.5299999993
2025-06-10,Sweden,Algeria,4.0,3.0,Friendly,False,1808.4,1819.7,88.7,H,2025,24.92,4.28,6623684.21,7812218.31,26.37,3.74,2577941.18,6201010.25,-1.4499999999999993,0.54,4045743.03,1611208.0599999996
2025-06-10,Chad,Kenya,1.0,2.0,Friendly,True,1281.1,1475.5,-194.4,A,2025,,,,,,,,,,,,
2025-06-10,South Africa,Mozambique,2.0,0.0,Friendly,False,1668.4,1564.9,203.5,H,2025,26.5,3.82,798437.5,571215.04,,,,,,,,
2025-06-10,Slovenia,Bosnia and Herzegovina,2.0,1.0,Friendly,False,1801.5,1577.6,323.9,H,2025,,,,,25.16,4.47,3268055.56,5052023.15,,,,
2025-06-10,Niger,Zimbabwe,1.0,1.0,Friendly,True,1456.0,1489.1,-33.1,D,2025,,,,,,,,,,,,
2025-06-10,Mexico,Turkey,1.0,0.0,Friendly,True,1908.9,1901.9,7.0,H,2025,25.11,3.76,5862162.16,4774784.63,25.1,3.93,10601282.05,11861867.84,0.00999999999999801,-0.17000000000000037,-4739119.890000001,-7087083.21
2025-06-10,Luxembourg,Republic of Ireland,0.0,0.0,Friendly,False,1498.8,1693.0,-94.2,D,2025,,,,,,,,,,,,
2025-06-10,Israel,Slovakia,1.0,0.0,Friendly,True,1669.4,1731.3,-62.0,H,2025,,,,,,,,,,,,
2025-06-10,Greece,Bulgaria,4.0,0.0,Friendly,False,1892.8,1509.1,483.7,H,2025,,,,,,,,,,,,
2025-06-10,England,Senegal,1.0,3.0,Friendly,False,2071.2,1870.9,300.3,A,2025,24.89,3.94,48597222.22,42835411.66,24.35,4.48,7898000.0,9470147.62,0.5399999999999991,-0.5400000000000005,40699222.22,33365264.04
2025-06-10,Northern Ireland,Iceland,1.0,0.0,Friendly,False,1605.5,1614.0,91.5,H,2025,,,,,,,,,,,,
2025-06-14,Mexico,Dominican Republic,3.0,2.0,Gold Cup,True,1918.7,1493.2,425.5,H,2025,25.11,3.76,5862162.16,4774784.63,,,,,,,,
2025-06-15,United States,Trinidad and Tobago,5.0,0.0,Gold Cup,False,1796.1,1556.3,339.8,H,2025,24.78,3.69,6175000.0,6648605.74,,,,,,,,
2025-06-15,Haiti,Saudi Arabia,0.0,1.0,Gold Cup,True,1672.0,1707.8,-35.8,A,2025,24.82,4.55,1339393.94,3141824.59,25.29,3.68,776973.68,724146.08,-0.46999999999999886,0.8699999999999997,562420.2599999999,2417678.51
2025-06-15,Costa Rica,Suriname,4.0,3.0,Gold Cup,True,1782.2,1580.7,201.5,H,2025,,,,,,,,,,,,
2025-06-16,Panama,Guadeloupe,5.0,2.0,Gold Cup,True,1845.2,1565.8,279.4,H,2025,25.03,3.75,875694.44,1498952.02,,,,,,,,
2025-06-16,Jamaica,Guatemala,0.0,1.0,Gold Cup,True,1722.4,1629.7,92.7,A,2025,,,,,,,,,,,,
2025-06-17,Curaçao,El Salvador,0.0,0.0,Gold Cup,True,1584.1,1540.2,43.8,D,2025,25.57,4.56,1075781.25,1416497.17,,,,,,,,
2025-06-17,Canada,Honduras,6.0,0.0,Gold Cup,False,1889.0,1697.5,291.5,H,2025,24.86,3.49,5573611.11,10591246.95,,,,,,,,
2025-06-18,Costa Rica,Dominican Republic,2.0,1.0,Gold Cup,True,1794.1,1489.2,304.9,H,2025,,,,,,,,,,,,
2025-06-18,Suriname,Mexico,0.0,2.0,Gold Cup,True,1568.8,1922.7,-353.9,A,2025,,,,,25.11,3.76,5862162.16,4774784.63,,,,
2025-06-19,United States,Saudi Arabia,1.0,0.0,Gold Cup,False,1808.5,1730.3,178.2,H,2025,24.78,3.69,6175000.0,6648605.74,25.29,3.68,776973.68,724146.08,-0.509999999999998,0.009999999999999787,5398026.32,5924459.66
2025-06-19,Trinidad and Tobago,Haiti,1.0,1.0,Gold Cup,True,1543.9,1649.6,-105.7,D,2025,,,,,24.82,4.55,1339393.94,3141824.59,,,,
2025-06-20,Guatemala,Panama,0.0,1.0,Gold Cup,True,1661.3,1859.8,-198.5,A,2025,,,,,25.03,3.75,875694.44,1498952.02,,,,
2025-06-20,Jamaica,Guadeloupe,2.0,1.0,Gold Cup,True,1690.9,1551.2,139.7,H,2025,,,,,,,,,,,,
2025-06-21,Curaçao,Canada,1.0,1.0,Gold Cup,True,1581.0,1905.7,-324.8,D,2025,25.57,4.56,1075781.25,1416497.17,24.86,3.49,5573611.11,10591246.95,0.7100000000000009,1.0699999999999994,-4497829.86,-9174749.78
2025-06-21,Honduras,El Salvador,2.0,0.0,Gold Cup,True,1680.8,1543.4,137.4,H,2025,,,,,,,,,,,,
2025-06-22,Mexico,Costa Rica,0.0,0.0,Gold Cup,True,1931.4,1801.5,129.9,D,2025,25.11,3.76,5862162.16,4774784.63,,,,,,,,
2025-06-22,Dominican Republic,Suriname,0.0,0.0,Gold Cup,True,1481.9,1560.1,-78.3,D,2025,,,,,,,,,,,,
2025-06-22,Saudi Arabia,Trinidad and Tobago,1.0,1.0,Gold Cup,True,1717.1,1551.3,165.8,D,2025,25.29,3.68,776973.68,724146.08,,,,,,,,
2025-06-22,United States,Haiti,2.0,1.0,Gold Cup,False,1821.7,1642.2,279.4,H,2025,24.78,3.69,6175000.0,6648605.74,24.82,4.55,1339393.94,3141824.59,-0.03999999999999915,-0.8599999999999999,4835606.0600000005,3506781.1500000004
2025-06-24,Guadeloupe,Guatemala,2.0,3.0,Gold Cup,True,1535.7,1649.2,-113.4,A,2025,,,,,,,,,,,,
2025-06-24,Panama,Jamaica,4.0,1.0,Gold Cup,True,1871.9,1706.3,165.5,H,2025,25.03,3.75,875694.44,1498952.02,,,,,,,,
2025-06-24,Honduras,Curaçao,2.0,1.0,Gold Cup,True,1704.2,1599.3,104.9,H,2025,,,,,25.57,4.56,1075781.25,1416497.17,,,,
2025-06-24,Canada,El Salvador,2.0,0.0,Gold Cup,True,1887.4,1520.0,367.4,H,2025,24.86,3.49,5573611.11,10591246.95,,,,,,,,
2025-06-28,Panama,Honduras,1.0,1.0,Gold Cup,True,1896.2,1721.8,174.4,D,2025,25.03,3.75,875694.44,1498952.02,,,,,,,,
2025-06-28,Mexico,Saudi Arabia,2.0,0.0,Gold Cup,True,1922.4,1706.0,216.4,H,2025,25.11,3.76,5862162.16,4774784.63,25.29,3.68,776973.68,724146.08,-0.17999999999999972,0.07999999999999963,5085188.48,4050638.55
2025-06-29,Canada,Guatemala,1.0,1.0,Gold Cup,True,1895.5,1666.3,229.2,D,2025,24.86,3.49,5573611.11,10591246.95,,,,,,,,
2025-06-29,United States,Costa Rica,2.0,2.0,Gold Cup,False,1830.0,1810.4,119.6,D,2025,24.78,3.69,6175000.0,6648605.74,,,,,,,,
2025-07-01,Tamil Eelam,Tibet,4.0,0.0,CONIFA Asia Cup,True,1534.9,1289.1,245.9,H,2025,,,,,,,,,,,,
2025-07-02,United States,Guatemala,2.0,1.0,Gold Cup,False,1821.7,1680.7,241.0,H,2025,24.78,3.69,6175000.0,6648605.74,,,,,,,,
2025-07-02,Mexico,Honduras,1.0,0.0,Gold Cup,True,1939.2,1733.4,205.8,H,2025,25.11,3.76,5862162.16,4774784.63,,,,,,,,
2025-07-02,Tamil Eelam,East Turkestan,2.0,1.0,CONIFA Asia Cup,True,1545.9,1477.5,68.4,H,2025,,,,,,,,,,,,
2025-07-03,Tibet,East Turkestan,4.0,6.0,CONIFA Asia Cup,True,1278.1,1465.4,-187.3,A,2025,,,,,,,,,,,,
2025-07-04,Tamil Eelam,East Turkestan,5.0,0.0,CONIFA Asia Cup,True,1558.0,1476.8,81.2,H,2025,,,,,,,,,,,,
2025-07-06,United States,Mexico,1.0,2.0,Gold Cup,False,1831.7,1950.9,-19.2,A,2025,24.78,3.69,6175000.0,6648605.74,25.11,3.76,5862162.16,4774784.63,-0.3299999999999983,-0.06999999999999984,312837.83999999985,1873821.1100000003
2025-07-13,Hitra,Isle of Man,2.0,7.0,Island Games,True,1313.2,1684.9,-371.8,A,2025,,,,,,,,,,,,
2025-07-13,Orkney,Frøya,3.0,0.0,Island Games,False,1371.3,1255.8,215.5,H,2025,,,,,,,,,,,,
2025-07-13,Gozo,Shetland,0.0,0.0,Island Games,True,1420.1,1510.2,-90.1,D,2025,,,,,,,,,,,,
2025-07-14,Orkney,Hitra,3.0,2.0,Island Games,False,1383.1,1306.8,176.2,H,2025,,,,,,,,,,,,
2025-07-14,Isle of Man,Frøya,10.0,1.0,Island Games,True,1691.2,1244.0,447.2,H,2025,,,,,,,,,,,,
2025-07-14,Jersey,Gozo,2.0,0.0,Island Games,True,1831.0,1423.9,407.0,H,2025,,,,,,,,,,,,
2025-07-14,Ynys Môn,Western Isles,1.0,0.0,Island Games,True,1612.9,1442.7,170.2,H,2025,,,,,,,,,,,,
2025-07-15,Frøya,Hitra,0.0,6.0,Island Games,True,1238.7,1298.9,-60.2,A,2025,,,,,,,,,,,,
2025-07-15,Jersey,Shetland,2.0,2.0,Island Games,True,1834.9,1506.4,328.5,D,2025,,,,,,,,,,,,
2025-07-15,Orkney,Isle of Man,1.0,3.0,Island Games,False,1391.1,1696.6,-205.5,A,2025,,,,,,,,,,,,
2025-07-17,Isle of Man,Ynys Môn,0.0,1.0,Island Games,True,1707.1,1621.1,86.0,A,2025,,,,,,,,,,,,
2025-07-17,Orkney,Shetland,3.0,2.0,Island Games,False,1380.5,1517.5,-37.0,H,2025,,,,,,,,,,,,
2025-07-17,Hitra,Frøya,3.0,0.0,Island Games,True,1325.3,1212.3,113.0,H,2025,,,,,,,,,,,,
2025-07-17,Gozo,Western Isles,3.0,3.0,Island Games,True,1420.0,1434.5,-14.5,D,2025,,,,,,,,,,,,
2025-07-18,Isle of Man,Jersey,3.0,2.0,Island Games,True,1688.5,1823.8,-135.4,H,2025,,,,,,,,,,,,
2025-08-13,United States Virgin Islands,Turks and Caicos Islands,1.0,1.0,Outrigger Challenge Cup,True,879.8,950.5,-70.7,D,2025,,,,,,,,,,,,
2025-08-14,Marshall Islands,United States Virgin Islands,0.0,4.0,Outrigger Challenge Cup,True,1500.0,882.8,617.2,A,2025,,,,,,,,,,,,
2025-08-16,Turks and Caicos Islands,Marshall Islands,3.0,2.0,Outrigger Challenge Cup,True,947.5,1445.3,-497.8,H,2025,,,,,,,,,,,,
2025-08-24,Qatar,Lebanon,2.0,2.0,Friendly,False,1646.2,1438.4,307.7,D,2025,26.79,4.48,605921.05,1212292.23,,,,,,,,
2025-09-03,Qatar,Bahrain,2.0,2.0,Friendly,False,1639.1,1558.9,180.1,D,2025,26.79,4.48,605921.05,1212292.23,,,,,,,,
2025-09-03,Seychelles,Gabon,0.0,4.0,FIFA World Cup qualification,True,1022.6,1576.4,-553.8,A,2025,,,,,,,,,,,,
2025-09-04,Georgia,Turkey,2.0,3.0,FIFA World Cup qualification,False,1764.7,1892.1,-27.4,A,2025,,,,,25.1,3.93,10601282.05,11861867.84,,,,
2025-09-04,Chad,Ghana,1.0,1.0,FIFA World Cup qualification,False,1276.2,1597.8,-221.6,D,2025,,,,,23.95,3.81,7054487.18,9645725.89,,,,
2025-09-04,Madagascar,Central African Republic,2.0,0.0,FIFA World Cup qualification,True,1422.0,1410.0,12.0,H,2025,,,,,,,,,,,,
2025-09-04,Mali,Comoros,3.0,0.0,FIFA World Cup qualification,True,1707.4,1515.0,192.4,H,2025,,,,,,,,,,,,
2025-09-04,Guatemala,El Salvador,0.0,1.0,FIFA World Cup qualification,False,1670.7,1511.9,258.8,A,2025,,,,,,,,,,,,
2025-09-04,Slovakia,Germany,2.0,0.0,FIFA World Cup qualification,False,1719.6,1987.1,-167.6,H,2025,,,,,25.62,4.3,25986486.49,30095902.23,,,,
2025-09-04,Bulgaria,Spain,0.0,3.0,FIFA World Cup qualification,False,1506.9,2218.0,-611.1,A,2025,,,,,25.29,4.17,41460526.32,35192400.04,,,,
2025-09-04,Tunisia,Liberia,3.0,0.0,FIFA World Cup qualification,False,1731.2,1403.9,427.3,H,2025,27.03,4.22,1931410.26,2314334.64,,,,,,,,
2025-09-04,Netherlands,Poland,1.0,1.0,FIFA World Cup qualification,False,2033.5,1737.2,396.3,D,2025,24.65,3.36,28932432.43,18455630.56,,,,,,,,
2025-09-04,Kazakhstan,Wales,0.0,1.0,FIFA World Cup qualification,False,1477.5,1783.7,-206.2,A,2025,,,,,,,,,,,,
2025-09-04,Liechtenstein,Belgium,0.0,6.0,FIFA World Cup qualification,False,973.9,1903.5,-829.5,A,2025,,,,,25.49,4.91,17514285.71,15945212.32,,,,
2025-09-04,Iraq,Hong Kong,2.0,1.0,King's Cup,True,1683.4,1324.6,358.9,H,2025,25.64,3.83,411842.11,241414.2,,,,,,,,
2025-09-04,Thailand,Fiji,3.0,0.0,King's Cup,False,1503.0,1552.2,50.8,H,2025,,,,,,,,,,,,
2025-09-04,Suriname,Panama,0.0,0.0,FIFA World Cup qualification,False,1554.6,1884.6,-230.1,D,2025,,,,,25.03,3.75,875694.44,1498952.02,,,,
2025-09-04,Lithuania,Malta,1.0,1.0,FIFA World Cup qualification,False,1347.3,1302.8,144.5,D,2025,,,,,,,,,,,,
2025-09-04,São Tomé and Príncipe,Equatorial Guinea,2.0,3.0,FIFA World Cup qualification,True,1160.5,1554.5,-394.0,A,2025,,,,,,,,,,,,
2025-09-04,Luxembourg,Northern Ireland,1.0,3.0,FIFA World Cup qualification,False,1501.4,1612.9,-11.5,A,2025,,,,,,,,,,,,
2025-09-04,Mauritius,Cape Verde,0.0,2.0,FIFA World Cup qualification,False,1212.8,1633.5,-320.7,A,2025,,,,,26.18,4.51,1246527.78,2503831.46,,,,
2025-09-04,Gibraltar,Albania,0.0,1.0,Friendly,False,1135.0,1679.2,-444.2,A,2025,,,,,,,,,,,,
2025-09-04,Malaysia,Singapore,2.0,1.0,Friendly,False,1456.9,1250.8,306.1,H,2025,,,,,,,,,,,,
2025-09-04,Norway,Finland,1.0,0.0,Friendly,False,1916.0,1610.2,405.8,H,2025,24.76,3.19,15627027.03,35857930.24,,,,,,,,
2025-09-04,Russia,Jordan,0.0,0.0,Friendly,False,1844.4,1748.5,195.9,D,2025,,,,,25.92,3.95,595370.37,1094896.35,,,,
2025-09-04,Saudi Arabia,North Macedonia,2.0,1.0,Friendly,True,1689.2,1691.4,-2.2,H,2025,25.29,3.68,776973.68,724146.08,,,,,,,,
2025-09-04,United Arab Emirates,Syria,3.0,1.0,Friendly,False,1669.5,1573.6,195.9,H,2025,,,,,,,,,,,,
2025-09-04,Colombia,Bolivia,3.0,0.0,FIFA World Cup qualification,False,2026.3,1742.1,384.3,H,2025,27.32,3.87,10014473.68,14806092.75,,,,,,,,
2025-09-04,Algeria,Botswana,3.0,1.0,FIFA World Cup qualification,False,1812.2,1468.4,443.8,H,2025,26.37,3.74,2577941.18,6201010.25,,,,,,,,
2025-09-04,Paraguay,Ecuador,0.0,0.0,FIFA World Cup qualification,False,1899.5,1987.9,11.6,D,2025,26.24,4.49,4102702.7,4796239.32,23.67,4.32,7854687.5,16110790.05,2.5699999999999967,0.16999999999999993,-3751984.8,-11314550.73
2025-09-04,Uruguay,Peru,3.0,0.0,FIFA World Cup qualification,False,1979.8,1821.0,258.8,H,2025,24.56,4.02,15300000.0,24699732.27,,,,,,,,
2025-09-04,Brazil,Chile,3.0,0.0,FIFA World Cup qualification,False,2075.5,1766.6,408.9,H,2025,27.0,3.68,21710810.81,18927368.77,,,,,,,,
2025-09-04,Guinea-Bissau,Sierra Leone,1.0,1.0,FIFA World Cup qualification,False,1373.0,1457.9,15.1,D,2025,,,,,,,,,,,,
2025-09-04,Angola,Libya,0.0,1.0,FIFA World Cup qualification,False,1624.8,1497.8,226.9,A,2025,,,,,,,,,,,,
2025-09-04,Cameroon,Eswatini,3.0,0.0,FIFA World Cup qualification,False,1700.4,1323.9,476.4,H,2025,,,,,,,,,,,,
2025-09-04,Argentina,Venezuela,3.0,0.0,FIFA World Cup qualification,False,2203.0,1829.5,473.6,H,2025,26.23,4.33,19398529.41,19975427.87,,,,,,,,
2025-09-05,Switzerland,Kosovo,4.0,0.0,FIFA World Cup qualification,False,1908.9,1666.0,342.9,H,2025,25.58,3.68,8685526.32,9619490.27,,,,,,,,
2025-09-05,Denmark,Scotland,0.0,0.0,FIFA World Cup qualification,False,1922.2,1771.0,251.2,D,2025,,,,,26.46,4.71,7304054.05,9050252.93,,,,
2025-09-05,Greece,Belarus,5.0,1.0,FIFA World Cup qualification,False,1895.0,1548.7,446.2,H,2025,,,,,,,,,,,,
2025-09-05,Iceland,Azerbaijan,5.0,0.0,FIFA World Cup qualification,False,1606.6,1423.9,282.7,H,2025,,,,,,,,,,,,
2025-09-05,Ukraine,France,0.0,2.0,FIFA World Cup qualification,True,1860.5,2113.8,-253.2,A,2025,,,,,25.5,3.62,43291666.67,28826679.15,,,,
2025-09-05,Italy,Estonia,5.0,0.0,FIFA World Cup qualification,False,1942.3,1422.9,619.4,H,2025,,,,,,,,,,,,
2025-09-05,Bermuda,Jamaica,0.0,4.0,FIFA World Cup qualification,False,1363.2,1682.0,-218.8,A,2025,,,,,,,,,,,,
2025-09-05,Faroe Islands,Croatia,0.0,1.0,FIFA World Cup qualification,False,1328.3,1980.7,-552.4,A,2025,,,,,26.29,4.5,10882352.94,13128560.48,,,,
2025-09-05,Montenegro,Czech Republic,0.0,2.0,FIFA World Cup qualification,False,1566.0,1802.7,-136.7,A,2025,,,,,25.38,3.2,5451875.0,5582053.8,,,,
2025-09-05,Trinidad and Tobago,Curaçao,0.0,0.0,FIFA World Cup qualification,False,1562.4,1581.6,80.8,D,2025,,,,,25.57,4.56,1075781.25,1416497.17,,,,
2025-09-05,Haiti,Honduras,0.0,0.0,FIFA World Cup qualification,True,1633.9,1721.7,-87.8,D,2025,24.82,4.55,1339393.94,3141824.59,,,,,,,,
2025-09-05,Nicaragua,Costa Rica,1.0,1.0,FIFA World Cup qualification,False,1509.5,1818.7,-209.2,D,2025,,,,,,,,,,,,
2025-09-05,Slovenia,Sweden,2.0,2.0,FIFA World Cup qualification,False,1804.1,1815.9,88.2,D,2025,,,,,24.92,4.28,6623684.21,7812218.31,,,,
2025-09-05,Moldova,Israel,0.0,4.0,FIFA World Cup qualification,False,1370.1,1681.1,-211.0,A,2025,,,,,,,,,,,,
2025-09-05,Namibia,Malawi,1.0,2.0,FIFA World Cup qualification,True,1499.3,1436.3,63.0,A,2025,,,,,,,,,,,,
2025-09-05,South Africa,Lesotho,3.0,0.0,FIFA World Cup qualification,False,1675.5,1443.5,332.0,H,2025,26.5,3.82,798437.5,571215.04,,,,,,,,
2025-09-05,Somalia,Guinea,0.0,3.0,FIFA World Cup qualification,True,1029.2,1575.8,-546.6,A,2025,,,,,,,,,,,,
2025-09-05,Australia,New Zealand,1.0,0.0,Soccer Ashes,False,1887.7,1791.8,195.9,H,2025,25.86,4.3,1238571.43,1532741.97,25.76,4.65,764583.33,1307063.81,0.09999999999999787,-0.35000000000000053,473988.1,225678.15999999992
2025-09-05,Indonesia,Taiwan,6.0,0.0,Friendly,False,1506.4,1077.2,529.2,H,2025,,,,,,,,,,,,
2025-09-05,Romania,Canada,0.0,3.0,Friendly,False,1738.4,1881.0,-42.6,A,2025,,,,,24.86,3.49,5573611.11,10591246.95,,,,
2025-09-05,Djibouti,Burkina Faso,0.0,6.0,FIFA World Cup qualification,True,1091.6,1640.8,-549.2,A,2025,,,,,,,,,,,,
2025-09-05,Egypt,Ethiopia,2.0,0.0,FIFA World Cup qualification,False,1777.3,1398.9,478.4,H,2025,27.91,3.55,966176.47,935628.18,,,,,,,,
2025-09-05,Uganda,Mozambique,4.0,0.0,FIFA World Cup qualification,False,1501.3,1557.8,43.5,H,2025,,,,,,,,,,,,
2025-09-05,Mauritania,Togo,2.0,0.0,FIFA World Cup qualification,False,1445.8,1482.1,63.7,H,2025,,,,,,,,,,,,
2025-09-05,South Sudan,DR Congo,1.0,4.0,FIFA World Cup qualification,False,1272.4,1698.6,-326.2,A,2025,,,,,25.61,4.18,3821000.0,4909366.97,,,,
2025-09-05,Benin,Zimbabwe,1.0,0.0,FIFA World Cup qualification,True,1519.0,1488.2,30.8,H,2025,,,,,,,,,,,,
2025-09-05,Congo,Tanzania,1.0,1.0,FIFA World Cup qualification,False,1346.6,1486.0,-39.4,D,2025,,,,,,,,,,,,
2025-09-05,Morocco,Niger,5.0,0.0,FIFA World Cup qualification,False,1908.9,1457.0,551.9,H,2025,26.36,4.37,6110694.44,12153534.13,,,,,,,,
2025-09-05,Kenya,Gambia,1.0,3.0,FIFA World Cup qualification,False,1480.5,1503.3,77.2,A,2025,,,,,,,,,,,,
2025-09-05,Ivory Coast,Burundi,1.0,0.0,FIFA World Cup qualification,False,1707.6,1446.8,360.8,H,2025,25.27,4.55,8950000.0,10362707.86,,,,,,,,
2025-09-05,Senegal,Sudan,2.0,0.0,FIFA World Cup qualification,False,1896.4,1524.2,472.2,H,2025,24.35,4.48,7898000.0,9470147.62,,,,,,,,
2025-09-06,Armenia,Portugal,0.0,5.0,FIFA World Cup qualification,False,1440.9,2079.3,-538.3,A,2025,,,,,25.22,4.56,36193548.39,19665623.12,,,,
2025-09-06,England,Andorra,2.0,0.0,FIFA World Cup qualification,False,2045.8,1126.9,1018.8,H,2025,24.89,3.94,48597222.22,42835411.66,,,,,,,,
2025-09-06,San Marino,Bosnia and Herzegovina,0.0,6.0,FIFA World Cup qualification,False,928.2,1574.9,-546.7,A,2025,,,,,25.16,4.47,3268055.56,5052023.15,,,,
2025-09-06,Austria,Cyprus,1.0,0.0,FIFA World Cup qualification,False,1898.9,1353.5,645.4,H,2025,26.42,3.91,7405263.16,7328241.96,,,,,,,,
2025-09-06,Republic of Ireland,Hungary,2.0,2.0,FIFA World Cup qualification,False,1690.4,1757.4,32.9,D,2025,,,,,,,,,,,,
2025-09-06,Latvia,Serbia,0.0,1.0,FIFA World Cup qualification,False,1356.7,1899.9,-443.2,A,2025,,,,,,,,,,,,
2025-09-06,United States,South Korea,0.0,2.0,Friendly,False,1808.1,1884.7,23.3,A,2025,24.78,3.69,6175000.0,6648605.74,26.12,3.93,3476515.15,9056459.98,-1.3399999999999999,-0.2400000000000002,2698484.85,-2407854.24
2025-09-06,Nepal,Bangladesh,0.0,0.0,Friendly,False,1112.0,1097.2,114.8,D,2025,,,,,,,,,,,,
2025-09-06,Mexico,Japan,0.0,0.0,Friendly,True,1974.5,1960.7,13.8,D,2025,25.11,3.76,5862162.16,4774784.63,25.21,4.01,4232692.31,6095072.5,-0.10000000000000142,-0.25,1629469.8500000006,-1320287.87
2025-09-06,Sri Lanka,Maldives,0.0,3.0,South Asian Super Cup,False,1016.7,1046.1,70.6,A,2025,,,,,,,,,,,,
2025-09-06,Nigeria,Rwanda,1.0,0.0,FIFA World Cup qualification,False,1690.1,1428.3,361.8,H,2025,,,,,,,,,,,,
2025-09-07,Thailand,Iraq,0.0,1.0,King's Cup,False,1525.4,1686.8,-61.4,A,2025,,,,,25.64,3.83,411842.11,241414.2,,,,
2025-09-07,Fiji,Hong Kong,0.0,8.0,King's Cup,True,1529.7,1321.2,208.6,A,2025,,,,,,,,,,,,
2025-09-07,Qatar,Russia,1.0,4.0,Friendly,False,1634.3,1839.3,-105.0,A,2025,26.79,4.48,605921.05,1212292.23,,,,,,,,
2025-09-07,North Macedonia,Liechtenstein,5.0,0.0,FIFA World Cup qualification,False,1681.4,973.2,808.2,H,2025,,,,,,,,,,,,
2025-09-07,Poland,Finland,3.0,1.0,FIFA World Cup qualification,False,1753.5,1608.5,245.1,H,2025,,,,,,,,,,,,
2025-09-07,Belgium,Kazakhstan,6.0,0.0,FIFA World Cup qualification,False,1904.2,1468.1,536.0,H,2025,25.49,4.91,17514285.71,15945212.32,,,,,,,,
2025-09-07,Turkey,Spain,0.0,6.0,FIFA World Cup qualification,False,1910.5,2220.0,-209.5,A,2025,25.1,3.93,10601282.05,11861867.84,25.29,4.17,41460526.32,35192400.04,-0.18999999999999773,-0.23999999999999977,-30859244.27,-23330532.2
2025-09-07,Georgia,Bulgaria,3.0,0.0,FIFA World Cup qualification,False,1746.3,1504.9,341.5,H,2025,,,,,,,,,,,,
2025-09-07,Luxembourg,Slovakia,0.0,1.0,FIFA World Cup qualification,False,1472.4,1763.0,-190.6,A,2025,,,,,,,,,,,,
2025-09-07,Germany,Northern Ireland,3.0,1.0,FIFA World Cup qualification,False,1943.7,1641.9,401.8,H,2025,25.62,4.3,25986486.49,30095902.23,,,,,,,,
2025-09-07,Central African Republic,Comoros,0.0,2.0,FIFA World Cup qualification,True,1381.0,1497.6,-116.6,A,2025,,,,,,,,,,,,
2025-09-07,Lithuania,Netherlands,2.0,3.0,FIFA World Cup qualification,False,1339.4,2017.2,-577.8,A,2025,,,,,24.65,3.36,28932432.43,18455630.56,,,,
2025-09-08,Ghana,Mali,1.0,0.0,FIFA World Cup qualification,False,1586.5,1724.8,-38.2,H,2025,23.95,3.81,7054487.18,9645725.89,,,,,,,,
2025-09-08,Kosovo,Sweden,2.0,0.0,FIFA World Cup qualification,False,1656.9,1820.9,-64.0,H,2025,,,,,24.92,4.28,6623684.21,7812218.31,,,,
2025-09-08,Switzerland,Slovenia,3.0,0.0,FIFA World Cup qualification,False,1918.1,1799.2,218.9,H,2025,25.58,3.68,8685526.32,9619490.27,,,,,,,,
2025-09-08,Belarus,Scotland,0.0,2.0,FIFA World Cup qualification,True,1543.4,1783.4,-240.0,A,2025,,,,,26.46,4.71,7304054.05,9050252.93,,,,
2025-09-08,Croatia,Montenegro,4.0,0.0,FIFA World Cup qualification,False,1982.3,1547.2,535.0,H,2025,26.29,4.5,10882352.94,13128560.48,,,,,,,,
2025-09-08,Israel,Italy,4.0,5.0,FIFA World Cup qualification,True,1698.3,1944.5,-246.2,A,2025,,,,,,,,,,,,
2025-09-08,Gibraltar,Faroe Islands,0.0,1.0,FIFA World Cup qualification,False,1133.6,1326.7,-93.1,A,2025,,,,,,,,,,,,
2025-09-08,El Salvador,Suriname,1.0,2.0,FIFA World Cup qualification,False,1544.6,1566.2,78.4,A,2025,,,,,,,,,,,,
2025-09-08,Panama,Guatemala,1.0,1.0,FIFA World Cup qualification,False,1873.0,1638.1,334.9,D,2025,25.03,3.75,875694.44,1498952.02,,,,,,,,
2025-09-08,Greece,Denmark,0.0,3.0,FIFA World Cup qualification,False,1900.3,1909.8,90.5,A,2025,,,,,,,,,,,,
2025-09-08,Malawi,Liberia,2.0,2.0,FIFA World Cup qualification,False,1459.9,1398.4,161.5,D,2025,,,,,,,,,,,,
2025-09-08,Madagascar,Chad,3.0,1.0,FIFA World Cup qualification,True,1451.0,1287.5,163.5,H,2025,,,,,,,,,,,,
2025-09-08,Uganda,Somalia,2.0,0.0,FIFA World Cup qualification,False,1534.1,1026.3,607.8,H,2025,,,,,,,,,,,,
2025-09-08,Equatorial Guinea,Tunisia,0.0,1.0,FIFA World Cup qualification,False,1558.2,1736.7,-78.4,A,2025,,,,,27.03,4.22,1931410.26,2314334.64,,,,
2025-09-08,Indonesia,Lebanon,0.0,0.0,Friendly,False,1508.3,1445.5,162.8,D,2025,,,,,,,,,,,,
2025-09-08,Malaysia,Palestine,1.0,0.0,Friendly,False,1459.8,1589.9,-30.0,H,2025,,,,,,,,,,,,
2025-09-08,Syria,Kuwait,2.0,2.0,Friendly,True,1566.3,1435.4,130.8,D,2025,,,,,,,,,,,,
2025-09-08,United Arab Emirates,Bahrain,1.0,0.0,Friendly,False,1676.9,1563.7,213.1,H,2025,,,,,,,,,,,,
2025-09-08,Czech Republic,Saudi Arabia,1.0,1.0,Friendly,False,1821.5,1699.3,222.2,D,2025,25.38,3.2,5451875.0,5582053.8,25.29,3.68,776973.68,724146.08,0.08999999999999986,-0.48,4674901.32,4857907.72
2025-09-08,Libya,Eswatini,2.0,0.0,FIFA World Cup qualification,False,1529.3,1319.7,309.6,H,2025,,,,,,,,,,,,
2025-09-08,Zambia,Morocco,0.0,2.0,FIFA World Cup qualification,False,1587.6,1912.1,-224.5,A,2025,,,,,26.36,4.37,6110694.44,12153534.13,,,,
2025-09-08,Mozambique,Botswana,2.0,0.0,FIFA World Cup qualification,False,1525.0,1464.1,160.9,H,2025,,,,,,,,,,,,
2025-09-08,Guinea,Algeria,0.0,0.0,FIFA World Cup qualification,True,1578.7,1816.5,-237.9,D,2025,,,,,26.37,3.74,2577941.18,6201010.25,,,,
2025-09-08,Guinea-Bissau,Djibouti,2.0,0.0,FIFA World Cup qualification,False,1372.1,1088.2,383.9,H,2025,,,,,,,,,,,,
2025-09-09,France,Iceland,2.0,1.0,FIFA World Cup qualification,False,2125.1,1619.7,605.4,H,2025,25.5,3.62,43291666.67,28826679.15,,,,,,,,
2025-09-09,Angola,Mauritius,3.0,1.0,FIFA World Cup qualification,False,1593.3,1204.6,488.7,H,2025,,,,,,,,,,,,
2025-09-09,Tanzania,Niger,0.0,1.0,FIFA World Cup qualification,False,1483.8,1453.8,130.0,A,2025,,,,,,,,,,,,
2025-09-09,Kenya,Seychelles,5.0,0.0,FIFA World Cup qualification,False,1443.9,1019.7,524.2,H,2025,,,,,,,,,,,,
2025-09-09,Gabon,Ivory Coast,0.0,0.0,FIFA World Cup qualification,False,1579.4,1712.0,-32.7,D,2025,,,,,25.27,4.55,8950000.0,10362707.86,,,,
2025-09-09,Gambia,Burundi,2.0,0.0,FIFA World Cup qualification,True,1539.8,1442.3,97.5,H,2025,,,,,,,,,,,,
2025-09-09,Namibia,São Tomé and Príncipe,3.0,0.0,FIFA World Cup qualification,True,1475.7,1156.7,319.0,H,2025,,,,,,,,,,,,
2025-09-09,Azerbaijan,Ukraine,1.0,1.0,FIFA World Cup qualification,False,1410.7,1849.2,-338.5,D,2025,,,,,,,,,,,,
2025-09-09,Armenia,Republic of Ireland,2.0,1.0,FIFA World Cup qualification,False,1437.5,1688.5,-151.0,H,2025,,,,,,,,,,,,
2025-09-09,Serbia,England,0.0,5.0,FIFA World Cup qualification,False,1902.8,2045.9,-43.1,A,2025,,,,,24.89,3.94,48597222.22,42835411.66,,,,
2025-09-09,Bosnia and Herzegovina,Austria,1.0,2.0,FIFA World Cup qualification,False,1578.4,1899.8,-221.4,A,2025,25.16,4.47,3268055.56,5052023.15,26.42,3.91,7405263.16,7328241.96,-1.2600000000000016,0.5599999999999996,-4137207.6,-2276218.8099999996
2025-09-09,Cyprus,Romania,2.0,2.0,FIFA World Cup qualification,False,1352.6,1723.0,-270.4,D,2025,,,,,,,,,,,,
2025-09-09,Norway,Moldova,11.0,1.0,FIFA World Cup qualification,False,1917.8,1352.9,664.8,H,2025,24.76,3.19,15627027.03,35857930.24,,,,,,,,
2025-09-09,Albania,Latvia,1.0,0.0,FIFA World Cup qualification,False,1680.7,1353.8,426.9,H,2025,,,,,,,,,,,,
2025-09-09,Jamaica,Trinidad and Tobago,2.0,0.0,FIFA World Cup qualification,False,1698.6,1557.8,240.8,H,2025,,,,,,,,,,,,
2025-09-09,Honduras,Nicaragua,2.0,0.0,FIFA World Cup qualification,False,1716.8,1520.3,296.5,H,2025,,,,,,,,,,,,
2025-09-09,Costa Rica,Haiti,3.0,3.0,FIFA World Cup qualification,False,1807.9,1638.8,269.1,D,2025,,,,,24.82,4.55,1339393.94,3141824.59,,,,
2025-09-09,Cape Verde,Cameroon,1.0,0.0,FIFA World Cup qualification,False,1641.7,1704.6,37.1,H,2025,26.18,4.51,1246527.78,2503831.46,,,,,,,,
2025-09-09,Hungary,Portugal,2.0,3.0,FIFA World Cup qualification,False,1759.3,2082.7,-223.4,A,2025,,,,,25.22,4.56,36193548.39,19665623.12,,,,
2025-09-09,Benin,Lesotho,4.0,0.0,FIFA World Cup qualification,True,1537.2,1434.5,102.7,H,2025,,,,,,,,,,,,
2025-09-09,Curaçao,Bermuda,3.0,2.0,FIFA World Cup qualification,False,1586.2,1346.6,339.6,H,2025,25.57,4.56,1075781.25,1416497.17,,,,,,,,
2025-09-09,Zimbabwe,Rwanda,0.0,1.0,FIFA World Cup qualification,True,1469.9,1423.9,46.1,A,2025,,,,,,,,,,,,
2025-09-09,Estonia,Andorra,0.0,0.0,Friendly,False,1420.7,1126.7,394.0,D,2025,,,,,,,,,,,,
2025-09-09,Jordan,Dominican Republic,3.0,0.0,Friendly,False,1753.6,1487.4,366.2,H,2025,25.92,3.95,595370.37,1094896.35,,,,,,,,
2025-09-09,Malta,San Marino,3.0,1.0,Friendly,False,1310.6,924.7,485.9,H,2025,,,,,,,,,,,,
2025-09-09,Mexico,South Korea,2.0,2.0,Friendly,True,1974.1,1900.8,73.4,D,2025,25.11,3.76,5862162.16,4774784.63,26.12,3.93,3476515.15,9056459.98,-1.0100000000000016,-0.17000000000000037,2385647.0100000002,-4281675.350000001
2025-09-09,New Zealand,Australia,1.0,3.0,Soccer Ashes,False,1784.4,1895.0,-10.6,A,2025,25.76,4.65,764583.33,1307063.81,25.86,4.3,1238571.43,1532741.97,-0.09999999999999787,0.35000000000000053,-473988.1,-225678.15999999992
2025-09-09,Singapore,Myanmar,1.0,1.0,Friendly,False,1247.9,1134.0,213.9,D,2025,,,,,,,,,,,,
2025-09-09,Sri Lanka,Maldives,1.0,1.0,Friendly,False,985.2,1077.6,7.6,D,2025,,,,,,,,,,,,
2025-09-09,United States,Japan,2.0,0.0,Friendly,False,1792.1,1961.1,-69.0,H,2025,24.78,3.69,6175000.0,6648605.74,25.21,4.01,4232692.31,6095072.5,-0.4299999999999997,-0.31999999999999984,1942307.6900000004,553533.2400000002
2025-09-09,Wales,Canada,0.0,1.0,Friendly,False,1793.0,1896.4,-3.4,A,2025,,,,,24.86,3.49,5573611.11,10591246.95,,,,
2025-09-09,South Africa,Nigeria,1.0,1.0,FIFA World Cup qualification,False,1684.5,1694.6,90.0,D,2025,26.5,3.82,798437.5,571215.04,,,,,,,,
2025-09-09,Peru,Paraguay,0.0,1.0,FIFA World Cup qualification,False,1808.1,1898.8,9.2,A,2025,,,,,26.24,4.49,4102702.7,4796239.32,,,,
2025-09-09,Mauritania,South Sudan,0.0,0.0,FIFA World Cup qualification,False,1470.3,1263.1,307.2,D,2025,,,,,,,,,,,,
2025-09-09,DR Congo,Senegal,2.0,3.0,FIFA World Cup qualification,False,1707.9,1900.1,-92.2,A,2025,25.61,4.18,3821000.0,4909366.97,24.35,4.48,7898000.0,9470147.62,1.259999999999998,-0.3000000000000007,-4077000.0,-4560780.649999999
2025-09-09,Togo,Sudan,1.0,0.0,FIFA World Cup qualification,False,1457.5,1520.5,37.0,H,2025,,,,,,,,,,,,
2025-09-09,Burkina Faso,Egypt,0.0,0.0,FIFA World Cup qualification,False,1644.3,1780.9,-36.6,D,2025,,,,,27.91,3.55,966176.47,935628.18,,,,
2025-09-09,Ecuador,Argentina,1.0,0.0,FIFA World Cup qualification,False,1988.5,2207.3,-118.8,H,2025,23.67,4.32,7854687.5,16110790.05,26.23,4.33,19398529.41,19975427.87,-2.5599999999999987,-0.009999999999999787,-11543841.91,-3864637.8200000003
2025-09-09,Chile,Uruguay,0.0,0.0,FIFA World Cup qualification,False,1760.5,1992.6,-132.2,D,2025,,,,,24.56,4.02,15300000.0,24699732.27,,,,
2025-09-09,Venezuela,Colombia,3.0,6.0,FIFA World Cup qualification,False,1825.2,2033.2,-108.1,A,2025,,,,,27.32,3.87,10014473.68,14806092.75,,,,
2025-09-09,Bolivia,Brazil,1.0,0.0,FIFA World Cup qualification,False,1735.2,2081.6,-246.4,H,2025,,,,,27.0,3.68,21710810.81,18927368.77,,,,
2025-09-09,Sierra Leone,Ethiopia,2.0,0.0,FIFA World Cup qualification,True,1458.8,1395.3,63.4,H,2025,,,,,,,,,,,,
2025-10-04,Saint Kitts and Nevis,Saint Martin,5.0,0.0,Friendly,False,1252.5,1300.9,51.6,H,2025,,,,,,,,,,,,
2025-10-05,Saint Kitts and Nevis,Saint Martin,2.0,1.0,Friendly,False,1269.6,1283.8,85.7,H,2025,,,,,,,,,,,,
2025-10-05,Saint Vincent and the Grenadines,Cuba,7.0,0.0,Friendly,False,1346.5,1390.1,56.4,H,2025,,,,,,,,,,,,
2025-10-08,Tanzania,Zambia,0.0,1.0,FIFA World Cup qualification,False,1456.6,1574.7,-18.1,A,2025,,,,,,,,,,,,
2025-10-08,Saint Vincent and the Grenadines,Cuba,1.0,0.0,Friendly,False,1365.3,1371.2,94.1,H,2025,,,,,,,,,,,,
2025-10-08,Gibraltar,New Caledonia,0.0,2.0,Friendly,False,1118.8,1612.9,-394.1,A,2025,,,,,,,,,,,,
2025-10-08,Chad,Mali,0.0,2.0,FIFA World Cup qualification,False,1270.6,1702.6,-332.0,A,2025,,,,,,,,,,,,
2025-10-08,Central African Republic,Ghana,0.0,5.0,FIFA World Cup qualification,True,1360.7,1608.7,-248.0,A,2025,,,,,23.95,3.81,7054487.18,9645725.89,,,,
2025-10-08,Comoros,Madagascar,1.0,2.0,FIFA World Cup qualification,True,1517.9,1467.8,50.1,A,2025,,,,,,,,,,,,
2025-10-08,Mauritius,Cameroon,0.0,2.0,FIFA World Cup qualification,False,1201.2,1686.7,-385.5,A,2025,,,,,,,,,,,,
2025-10-08,Niger,Congo,3.0,1.0,FIFA World Cup qualification,True,1480.9,1348.9,132.1,H,2025,,,,,,,,,,,,
2025-10-08,Libya,Cape Verde,3.0,3.0,FIFA World Cup qualification,False,1537.9,1659.5,-21.6,D,2025,,,,,26.18,4.51,1246527.78,2503831.46,,,,
2025-10-08,Djibouti,Egypt,0.0,3.0,FIFA World Cup qualification,True,1082.2,1778.8,-696.6,A,2025,,,,,27.91,3.55,966176.47,935628.18,,,,
2025-10-08,Sierra Leone,Burkina Faso,0.0,1.0,FIFA World Cup qualification,True,1483.3,1646.4,-163.1,A,2025,,,,,,,,,,,,
2025-10-08,Ethiopia,Guinea-Bissau,1.0,0.0,FIFA World Cup qualification,True,1370.7,1378.0,-7.3,H,2025,,,,,,,,,,,,
2025-10-08,Saudi Arabia,Indonesia,3.0,2.0,FIFA World Cup qualification,False,1704.9,1503.9,301.0,H,2025,25.29,3.68,776973.68,724146.08,,,,,,,,
2025-10-08,Qatar,Oman,0.0,0.0,FIFA World Cup qualification,False,1621.9,1615.7,106.2,D,2025,26.79,4.48,605921.05,1212292.23,,,,,,,,
2025-10-08,Eswatini,Angola,2.0,2.0,FIFA World Cup qualification,False,1311.0,1596.7,-185.6,D,2025,,,,,,,,,,,,
2025-10-09,Tajikistan,Maldives,2.0,0.0,AFC Asian Cup qualification,False,1417.6,1077.8,439.8,H,2025,,,,,,,,,,,,
2025-10-09,Timor-Leste,Philippines,1.0,4.0,AFC Asian Cup qualification,True,917.6,1298.9,-381.3,A,2025,,,,,,,,,,,,
2025-10-09,Brunei,Yemen,0.0,2.0,AFC Asian Cup qualification,False,916.4,1265.7,-249.2,A,2025,,,,,,,,,,,,
2025-10-09,Lebanon,Bhutan,2.0,0.0,AFC Asian Cup qualification,True,1449.9,877.1,572.8,H,2025,,,,,,,,,,,,
2025-10-09,Singapore,India,1.0,1.0,AFC Asian Cup qualification,False,1242.4,1292.1,50.3,D,2025,,,,,,,,,,,,
2025-10-09,Bangladesh,Hong Kong,3.0,4.0,AFC Asian Cup qualification,False,1100.4,1376.0,-175.5,A,2025,,,,,,,,,,,,
2025-10-09,Sri Lanka,Turkmenistan,1.0,0.0,AFC Asian Cup qualification,False,985.0,1413.0,-328.0,H,2025,,,,,,,,,,,,
2025-10-09,Laos,Malaysia,0.0,3.0,AFC Asian Cup qualification,False,950.1,1470.7,-420.6,A,2025,,,,,,,,,,,,
2025-10-09,Pakistan,Afghanistan,0.0,0.0,AFC Asian Cup qualification,False,1010.7,1241.1,-130.4,D,2025,,,,,,,,,,,,
2025-10-09,Syria,Myanmar,5.0,1.0,AFC Asian Cup qualification,True,1562.7,1139.5,423.2,H,2025,,,,,,,,,,,,
2025-10-09,Vietnam,Nepal,3.0,1.0,AFC Asian Cup qualification,False,1452.9,1108.8,444.1,H,2025,,,,,,,,,,,,
2025-10-09,Liberia,Namibia,3.0,1.0,FIFA World Cup qualification,False,1407.1,1485.4,21.7,H,2025,,,,,,,,,,,,
2025-10-09,Nicaragua,Haiti,0.0,3.0,FIFA World Cup qualification,False,1511.1,1651.8,-40.7,A,2025,,,,,24.82,4.55,1339393.94,3141824.59,,,,
2025-10-09,Honduras,Costa Rica,0.0,0.0,FIFA World Cup qualification,False,1726.0,1794.9,31.0,D,2025,,,,,,,,,,,,
2025-10-09,Thailand,Taiwan,2.0,0.0,AFC Asian Cup qualification,False,1513.1,1075.2,537.8,H,2025,,,,,,,,,,,,
2025-10-09,Czech Republic,Croatia,0.0,0.0,FIFA World Cup qualification,False,1815.9,1985.5,-69.7,D,2025,25.38,3.2,5451875.0,5582053.8,26.29,4.5,10882352.94,13128560.48,-0.9100000000000001,-1.2999999999999998,-5430477.9399999995,-7546506.680000001
2025-10-09,Malawi,Equatorial Guinea,3.0,0.0,FIFA World Cup qualification,False,1451.2,1542.7,8.5,H,2025,,,,,,,,,,,,
2025-10-09,Cyprus,Bosnia and Herzegovina,2.0,2.0,FIFA World Cup qualification,False,1365.6,1569.7,-104.1,D,2025,,,,,25.16,4.47,3268055.56,5052023.15,,,,
2025-10-09,Faroe Islands,Montenegro,4.0,0.0,FIFA World Cup qualification,False,1341.4,1544.0,-102.5,H,2025,,,,,,,,,,,,
2025-10-09,Poland,New Zealand,1.0,0.0,Friendly,False,1765.3,1762.6,102.7,H,2025,,,,,25.76,4.65,764583.33,1307063.81,,,,
2025-10-09,Romania,Moldova,2.0,1.0,Friendly,False,1710.0,1350.7,459.3,H,2025,,,,,,,,,,,,
2025-10-09,Morocco,Bahrain,1.0,0.0,Friendly,False,1925.0,1559.2,465.9,H,2025,26.36,4.37,6110694.44,12153534.13,,,,,,,,
2025-10-09,Grenada,British Virgin Islands,4.0,1.0,Friendly,False,1306.4,921.3,485.1,H,2025,,,,,,,,,,,,
2025-10-09,Burundi,Kenya,0.0,1.0,FIFA World Cup qualification,False,1420.5,1447.6,72.9,A,2025,,,,,,,,,,,,
2025-10-09,Algeria,Somalia,3.0,0.0,FIFA World Cup qualification,False,1804.6,1024.6,880.1,H,2025,26.37,3.74,2577941.18,6201010.25,,,,,,,,
2025-10-09,England,Wales,3.0,0.0,Friendly,False,2081.0,1783.1,397.9,H,2025,24.89,3.94,48597222.22,42835411.66,,,,,,,,
2025-10-09,Mozambique,Guinea,1.0,2.0,FIFA World Cup qualification,False,1542.0,1590.6,51.4,A,2025,,,,,,,,,,,,
2025-10-09,Scotland,Greece,3.0,1.0,FIFA World Cup qualification,False,1795.4,1856.4,39.0,H,2025,26.46,4.71,7304054.05,9050252.93,,,,,,,,
2025-10-09,Belarus,Denmark,0.0,6.0,FIFA World Cup qualification,True,1531.3,1953.7,-422.4,A,2025,,,,,,,,,,,,
2025-10-09,Malta,Netherlands,0.0,4.0,FIFA World Cup qualification,False,1312.3,2018.6,-606.3,A,2025,,,,,24.65,3.36,28932432.43,18455630.56,,,,
2025-10-09,Finland,Lithuania,2.0,1.0,FIFA World Cup qualification,False,1596.7,1338.0,358.7,H,2025,,,,,,,,,,,,
2025-10-09,Austria,San Marino,10.0,0.0,FIFA World Cup qualification,False,1908.6,923.0,1085.6,H,2025,26.42,3.91,7405263.16,7328241.96,,,,,,,,
2025-10-09,Botswana,Uganda,0.0,1.0,FIFA World Cup qualification,False,1447.1,1535.9,11.2,A,2025,,,,,,,,,,,,
2025-10-10,Seychelles,Ivory Coast,0.0,7.0,FIFA World Cup qualification,True,1015.9,1710.2,-694.2,A,2025,,,,,25.27,4.55,8950000.0,10362707.86,,,,
2025-10-10,Tunisia,São Tomé and Príncipe,6.0,0.0,FIFA World Cup qualification,False,1752.2,1147.1,705.1,H,2025,27.03,4.22,1931410.26,2314334.64,,,,,,,,
2025-10-10,Northern Ireland,Slovakia,2.0,0.0,FIFA World Cup qualification,False,1636.5,1773.0,-36.5,H,2025,,,,,,,,,,,,
2025-10-10,Kosovo,Slovenia,0.0,0.0,FIFA World Cup qualification,False,1692.4,1783.7,8.7,D,2025,,,,,,,,,,,,
2025-10-10,Sweden,Switzerland,0.0,2.0,FIFA World Cup qualification,False,1785.4,1933.6,-48.1,A,2025,24.92,4.28,6623684.21,7812218.31,25.58,3.68,8685526.32,9619490.27,-0.6599999999999966,0.6000000000000001,-2061842.1100000003,-1807271.96
2025-10-10,Iceland,Ukraine,3.0,5.0,FIFA World Cup qualification,False,1618.5,1834.2,-115.7,A,2025,,,,,,,,,,,,
2025-10-10,Suriname,Guatemala,1.0,1.0,FIFA World Cup qualification,False,1590.6,1653.0,37.6,D,2025,,,,,,,,,,,,
2025-10-10,Kazakhstan,Liechtenstein,4.0,0.0,FIFA World Cup qualification,False,1464.4,972.5,591.9,H,2025,,,,,,,,,,,,
2025-10-10,Belgium,North Macedonia,0.0,0.0,FIFA World Cup qualification,False,1907.9,1682.1,325.7,D,2025,25.49,4.91,17514285.71,15945212.32,,,,,,,,
2025-10-10,El Salvador,Panama,0.0,1.0,FIFA World Cup qualification,False,1520.1,1858.1,-238.0,A,2025,,,,,25.03,3.75,875694.44,1498952.02,,,,
2025-10-10,Bermuda,Trinidad and Tobago,0.0,3.0,FIFA World Cup qualification,False,1341.6,1545.8,-104.2,A,2025,,,,,,,,,,,,
2025-10-10,Curaçao,Jamaica,2.0,0.0,FIFA World Cup qualification,False,1591.1,1710.6,-19.4,H,2025,25.57,4.56,1075781.25,1416497.17,,,,,,,,
2025-10-10,Gambia,Gabon,3.0,4.0,FIFA World Cup qualification,True,1561.6,1581.2,-19.6,A,2025,,,,,,,,,,,,
2025-10-10,France,Azerbaijan,3.0,0.0,FIFA World Cup qualification,False,2126.3,1425.8,800.6,H,2025,25.5,3.62,43291666.67,28826679.15,,,,,,,,
2025-10-10,South Africa,Zimbabwe,0.0,0.0,FIFA World Cup qualification,False,1679.4,1447.3,332.1,D,2025,26.5,3.82,798437.5,571215.04,,,,,,,,
2025-10-10,Germany,Luxembourg,4.0,0.0,FIFA World Cup qualification,False,1949.1,1462.4,586.7,H,2025,25.62,4.3,25986486.49,30095902.23,,,,,,,,
2025-10-10,Lesotho,Nigeria,1.0,2.0,FIFA World Cup qualification,True,1407.7,1699.6,-291.9,A,2025,,,,,,,,,,,,
2025-10-10,Argentina,Venezuela,1.0,0.0,Friendly,True,2180.8,1800.7,380.0,H,2025,26.23,4.33,19398529.41,19975427.87,,,,,,,,
2025-10-10,Chile,Peru,2.0,1.0,Friendly,False,1767.7,1787.5,80.2,H,2025,,,,,,,,,,,,
2025-10-10,Canada,Australia,0.0,1.0,Friendly,False,1906.3,1916.9,89.4,A,2025,24.86,3.49,5573611.11,10591246.95,25.86,4.3,1238571.43,1532741.97,-1.0,-0.8099999999999996,4335039.680000001,9058504.979999999
2025-10-10,Russia,Iran,2.0,1.0,Friendly,False,1851.7,1897.4,54.3,H,2025,,,,,27.34,3.92,894736.84,783089.32,,,,
2025-10-10,Uzbekistan,Kuwait,2.0,0.0,Friendly,False,1823.8,1439.0,484.8,H,2025,25.84,3.85,1363815.79,2172061.67,,,,,,,,
2025-10-10,Jordan,Bolivia,0.0,1.0,Friendly,True,1757.4,1767.4,-10.0,A,2025,25.92,3.95,595370.37,1094896.35,,,,,,,,
2025-10-10,Japan,Paraguay,2.0,2.0,Kirin Cup,False,1943.2,1919.4,123.8,D,2025,25.21,4.01,4232692.31,6095072.5,26.24,4.49,4102702.7,4796239.32,-1.0299999999999976,-0.4800000000000004,129989.6099999994,1298833.1799999997
2025-10-10,Uruguay,Dominican Republic,1.0,0.0,Friendly,True,1985.4,1483.6,501.8,H,2025,24.56,4.02,15300000.0,24699732.27,,,,,,,,
2025-10-10,United States,Ecuador,1.0,1.0,Friendly,False,1810.0,2015.1,-105.1,D,2025,24.78,3.69,6175000.0,6648605.74,23.67,4.32,7854687.5,16110790.05,1.1099999999999994,-0.6300000000000003,-1679687.5,-9462184.31
2025-10-10,Rwanda,Benin,0.0,1.0,FIFA World Cup qualification,False,1446.5,1563.9,-17.4,A,2025,,,,,,,,,,,,
2025-10-10,Togo,DR Congo,0.0,1.0,FIFA World Cup qualification,False,1475.4,1693.1,-117.7,A,2025,,,,,25.61,4.18,3821000.0,4909366.97,,,,
2025-10-10,South Sudan,Senegal,0.0,5.0,FIFA World Cup qualification,False,1277.3,1914.9,-537.6,A,2025,,,,,24.35,4.48,7898000.0,9470147.62,,,,
2025-10-10,Sudan,Mauritania,0.0,0.0,FIFA World Cup qualification,True,1502.6,1456.1,46.5,D,2025,,,,,,,,,,,,
2025-10-10,South Korea,Brazil,0.0,5.0,Friendly,False,1902.8,2049.4,-46.5,A,2025,26.12,3.93,3476515.15,9056459.98,27.0,3.68,21710810.81,18927368.77,-0.879999999999999,0.25,-18234295.66,-9870908.79
2025-10-11,Portugal,Republic of Ireland,1.0,0.0,FIFA World Cup qualification,False,2091.4,1660.3,531.1,H,2025,25.22,4.56,36193548.39,19665623.12,,,,,,,,
2025-10-11,Serbia,Albania,0.0,1.0,FIFA World Cup qualification,False,1867.7,1683.8,283.9,A,2025,,,,,,,,,,,,
2025-10-11,Latvia,Andorra,2.0,2.0,FIFA World Cup qualification,False,1350.7,1134.9,315.8,D,2025,,,,,,,,,,,,
2025-10-11,Estonia,Italy,1.0,3.0,FIFA World Cup qualification,False,1412.6,1952.3,-439.7,A,2025,,,,,,,,,,,,
2025-10-11,Norway,Israel,5.0,0.0,FIFA World Cup qualification,False,1920.0,1690.5,329.5,H,2025,24.76,3.19,15627027.03,35857930.24,,,,,,,,
2025-10-11,Hungary,Armenia,2.0,0.0,FIFA World Cup qualification,False,1750.7,1465.7,385.0,H,2025,,,,,,,,,,,,
2025-10-11,Mexico,Colombia,0.0,4.0,Friendly,True,1972.0,2057.7,-85.7,A,2025,25.11,3.76,5862162.16,4774784.63,27.32,3.87,10014473.68,14806092.75,-2.210000000000001,-0.11000000000000032,-4152311.5199999996,-10031308.120000001
2025-10-11,Spain,Georgia,2.0,0.0,FIFA World Cup qualification,False,2239.6,1754.9,584.7,H,2025,25.29,4.17,41460526.32,35192400.04,,,,,,,,
2025-10-11,Iraq,Indonesia,1.0,0.0,FIFA World Cup qualification,True,1699.2,1497.9,201.3,H,2025,25.64,3.83,411842.11,241414.2,,,,,,,,
2025-10-11,United Arab Emirates,Oman,2.0,1.0,FIFA World Cup qualification,True,1681.4,1621.6,59.8,H,2025,,,,,,,,,,,,
2025-10-11,Grenada,Cuba,2.0,0.0,Friendly,False,1308.5,1363.8,44.6,H,2025,,,,,,,,,,,,
2025-10-11,Bulgaria,Turkey,1.0,6.0,FIFA World Cup qualification,False,1496.3,1890.9,-294.7,A,2025,,,,,25.1,3.93,10601282.05,11861867.84,,,,
2025-10-12,Denmark,Greece,3.0,1.0,FIFA World Cup qualification,False,1960.6,1829.7,230.8,H,2025,,,,,,,,,,,,
2025-10-12,Faroe Islands,Czech Republic,2.0,1.0,FIFA World Cup qualification,False,1389.7,1819.8,-330.1,H,2025,,,,,25.38,3.2,5451875.0,5582053.8,,,,
2025-10-12,Romania,Austria,1.0,0.0,FIFA World Cup qualification,False,1711.3,1908.8,-97.5,H,2025,,,,,26.42,3.91,7405263.16,7328241.96,,,,
2025-10-12,San Marino,Cyprus,0.0,4.0,FIFA World Cup qualification,False,922.8,1371.4,-348.6,A,2025,,,,,,,,,,,,
2025-10-12,Lithuania,Poland,0.0,2.0,FIFA World Cup qualification,False,1333.5,1772.4,-338.9,A,2025,,,,,,,,,,,,
2025-10-12,Netherlands,Finland,4.0,0.0,FIFA World Cup qualification,False,2020.8,1601.2,519.6,H,2025,24.65,3.36,28932432.43,18455630.56,,,,,,,,
2025-10-12,Scotland,Belarus,2.0,1.0,FIFA World Cup qualification,False,1822.1,1524.5,397.6,H,2025,26.46,4.71,7304054.05,9050252.93,,,,,,,,
2025-10-12,Croatia,Gibraltar,3.0,0.0,FIFA World Cup qualification,False,1981.6,1116.0,965.6,H,2025,26.29,4.5,10882352.94,13128560.48,,,,,,,,
2025-10-12,Ghana,Comoros,1.0,0.0,FIFA World Cup qualification,False,1624.2,1495.1,229.2,H,2025,23.95,3.81,7054487.18,9645725.89,,,,,,,,
2025-10-12,Chad,Central African Republic,2.0,3.0,FIFA World Cup qualification,False,1262.9,1345.2,17.7,A,2025,,,,,,,,,,,,
2025-10-12,Zambia,Niger,0.0,1.0,FIFA World Cup qualification,False,1593.6,1500.0,193.6,A,2025,,,,,,,,,,,,
2025-10-12,Egypt,Guinea-Bissau,1.0,0.0,FIFA World Cup qualification,False,1780.1,1357.6,522.5,H,2025,27.91,3.55,966176.47,935628.18,,,,,,,,
2025-10-12,Djibouti,Sierra Leone,1.0,2.0,FIFA World Cup qualification,True,1081.0,1472.1,-391.1,A,2025,,,,,,,,,,,,
2025-10-12,Burkina Faso,Ethiopia,3.0,1.0,FIFA World Cup qualification,False,1657.6,1391.2,366.5,H,2025,,,,,,,,,,,,
2025-10-12,Malta,Bosnia and Herzegovina,1.0,4.0,Friendly,False,1310.1,1563.8,-153.7,A,2025,,,,,25.16,4.47,3268055.56,5052023.15,,,,
2025-10-12,Mali,Madagascar,4.0,1.0,FIFA World Cup qualification,False,1710.3,1490.7,319.7,H,2025,,,,,,,,,,,,
2025-10-13,Slovenia,Switzerland,0.0,0.0,FIFA World Cup qualification,False,1784.2,1959.4,-75.2,D,2025,,,,,25.58,3.68,8685526.32,9619490.27,,,,
2025-10-13,Sweden,Kosovo,0.0,1.0,FIFA World Cup qualification,False,1759.6,1691.9,167.7,A,2025,24.92,4.28,6623684.21,7812218.31,,,,,,,,
2025-10-13,Iceland,France,2.0,2.0,FIFA World Cup qualification,False,1598.1,2127.0,-428.9,D,2025,,,,,25.5,3.62,43291666.67,28826679.15,,,,
2025-10-13,Honduras,Haiti,3.0,0.0,FIFA World Cup qualification,False,1724.2,1682.7,141.5,H,2025,,,,,24.82,4.55,1339393.94,3141824.59,,,,
2025-10-13,Wales,Belgium,2.0,4.0,FIFA World Cup qualification,False,1779.9,1893.2,-13.3,A,2025,,,,,25.49,4.91,17514285.71,15945212.32,,,,
2025-10-13,Slovakia,Luxembourg,2.0,0.0,FIFA World Cup qualification,False,1739.9,1459.9,379.9,H,2025,,,,,,,,,,,,
2025-10-13,Costa Rica,Nicaragua,4.0,1.0,FIFA World Cup qualification,False,1796.7,1480.2,416.6,H,2025,,,,,,,,,,,,
2025-10-13,Ukraine,Azerbaijan,2.0,1.0,FIFA World Cup qualification,True,1854.6,1425.1,429.5,H,2025,,,,,,,,,,,,
2025-10-13,Northern Ireland,Germany,0.0,1.0,FIFA World Cup qualification,False,1669.7,1951.6,-181.9,A,2025,,,,,25.62,4.3,25986486.49,30095902.23,,,,
2025-10-13,North Macedonia,Kazakhstan,1.0,1.0,FIFA World Cup qualification,False,1696.8,1466.8,330.0,D,2025,,,,,,,,,,,,
2025-10-13,São Tomé and Príncipe,Malawi,1.0,0.0,FIFA World Cup qualification,True,1145.7,1485.4,-339.7,H,2025,,,,,,,,,,,,
2025-10-13,Equatorial Guinea,Liberia,1.0,1.0,FIFA World Cup qualification,False,1508.5,1435.2,173.3,D,2025,,,,,,,,,,,,
2025-10-13,Mauritius,Libya,0.0,0.0,FIFA World Cup qualification,False,1195.3,1539.2,-243.9,D,2025,,,,,,,,,,,,
2025-10-13,Cameroon,Angola,0.0,0.0,FIFA World Cup qualification,False,1692.6,1586.9,205.7,D,2025,,,,,,,,,,,,
2025-10-13,Cape Verde,Eswatini,3.0,0.0,FIFA World Cup qualification,False,1658.3,1320.8,437.5,H,2025,26.18,4.51,1246527.78,2503831.46,,,,,,,,
2025-10-13,Lesotho,Zimbabwe,1.0,0.0,FIFA World Cup qualification,True,1401.5,1462.2,-60.7,H,2025,,,,,,,,,,,,
2025-10-13,South Sudan,Togo,0.0,0.0,FIFA World Cup qualification,False,1273.8,1461.9,-88.1,D,2025,,,,,,,,,,,,
2025-10-13,Uzbekistan,Uruguay,1.0,2.0,Friendly,True,1825.5,1986.4,-160.9,A,2025,25.84,3.85,1363815.79,2172061.67,24.56,4.02,15300000.0,24699732.27,1.2800000000000011,-0.16999999999999948,-13936184.21,-22527670.6
2025-10-13,Montenegro,Liechtenstein,2.0,1.0,Friendly,False,1495.7,970.1,625.6,H,2025,,,,,,,,,,,,
2025-10-13,Tunisia,Namibia,3.0,0.0,FIFA World Cup qualification,False,1753.7,1457.2,396.5,H,2025,27.03,4.22,1931410.26,2314334.64,,,,,,,,
2025-10-14,Philippines,Timor-Leste,3.0,1.0,AFC Asian Cup qualification,False,1306.0,910.6,495.3,H,2025,,,,,,,,,,,,
2025-10-14,Maldives,Tajikistan,0.0,3.0,AFC Asian Cup qualification,False,1073.4,1422.0,-248.6,A,2025,,,,,,,,,,,,
2025-10-14,Latvia,England,0.0,5.0,FIFA World Cup qualification,False,1336.2,2084.2,-648.0,A,2025,,,,,24.89,3.94,48597222.22,42835411.66,,,,
2025-10-14,Portugal,Hungary,2.0,2.0,FIFA World Cup qualification,False,2093.2,1756.6,436.6,D,2025,25.22,4.56,36193548.39,19665623.12,,,,,,,,
2025-10-14,Italy,Israel,3.0,0.0,FIFA World Cup qualification,False,1956.7,1680.1,376.7,H,2025,,,,,,,,,,,,
2025-10-14,Estonia,Moldova,1.0,1.0,FIFA World Cup qualification,False,1408.2,1349.4,158.8,D,2025,,,,,,,,,,,,
2025-10-14,Republic of Ireland,Armenia,1.0,0.0,FIFA World Cup qualification,False,1658.5,1459.8,298.7,H,2025,,,,,,,,,,,,
2025-10-14,Bhutan,Lebanon,0.0,4.0,AFC Asian Cup qualification,True,875.0,1452.0,-577.1,A,2025,,,,,,,,,,,,
2025-10-14,Andorra,Serbia,1.0,3.0,FIFA World Cup qualification,False,1149.3,1834.2,-585.0,A,2025,,,,,,,,,,,,
2025-10-14,Yemen,Brunei,9.0,0.0,AFC Asian Cup qualification,True,1277.2,904.9,372.3,H,2025,,,,,,,,,,,,
2025-10-14,Myanmar,Syria,0.0,3.0,AFC Asian Cup qualification,False,1133.4,1568.7,-335.3,A,2025,,,,,,,,,,,,
2025-10-14,Hong Kong,Bangladesh,1.0,1.0,AFC Asian Cup qualification,False,1386.6,1089.8,396.9,D,2025,,,,,,,,,,,,
2025-10-14,Taiwan,Thailand,1.0,6.0,AFC Asian Cup qualification,False,1072.6,1515.6,-343.0,A,2025,,,,,,,,,,,,
2025-10-14,Turkmenistan,Sri Lanka,2.0,1.0,AFC Asian Cup qualification,False,1378.2,1019.7,458.5,H,2025,,,,,,,,,,,,
2025-10-14,Afghanistan,Pakistan,1.0,1.0,AFC Asian Cup qualification,True,1233.9,1017.9,216.0,D,2025,,,,,,,,,,,,
2025-10-14,Vietnam,Nepal,1.0,0.0,AFC Asian Cup qualification,False,1457.2,1104.5,452.7,H,2025,,,,,,,,,,,,
2025-10-14,Malaysia,Laos,5.0,1.0,AFC Asian Cup qualification,False,1476.4,944.4,632.0,H,2025,,,,,,,,,,,,
2025-10-14,El Salvador,Guatemala,0.0,1.0,FIFA World Cup qualification,False,1512.0,1655.2,-43.2,A,2025,,,,,,,,,,,,
2025-10-14,Curaçao,Trinidad and Tobago,1.0,1.0,FIFA World Cup qualification,False,1622.8,1570.6,152.2,D,2025,25.57,4.56,1075781.25,1416497.17,,,,,,,,
2025-10-14,Jamaica,Bermuda,4.0,0.0,FIFA World Cup qualification,False,1678.9,1316.8,462.1,H,2025,,,,,,,,,,,,
2025-10-14,Turkey,Georgia,4.0,1.0,FIFA World Cup qualification,False,1903.3,1752.9,250.4,H,2025,25.1,3.93,10601282.05,11861867.84,,,,,,,,
2025-10-14,India,Singapore,1.0,2.0,AFC Asian Cup qualification,False,1295.0,1239.5,155.5,A,2025,,,,,,,,,,,,
2025-10-14,Spain,Bulgaria,4.0,0.0,FIFA World Cup qualification,False,2241.6,1483.9,857.7,H,2025,25.29,4.17,41460526.32,35192400.04,,,,,,,,
2025-10-14,Panama,Suriname,1.0,1.0,FIFA World Cup qualification,False,1866.2,1588.5,377.8,D,2025,25.03,3.75,875694.44,1498952.02,,,,,,,,
2025-10-14,Guinea,Botswana,2.0,2.0,FIFA World Cup qualification,True,1613.5,1426.4,187.1,D,2025,,,,,,,,,,,,
2025-10-14,Albania,Jordan,4.0,2.0,Friendly,False,1717.3,1747.7,69.6,H,2025,,,,,25.92,3.95,595370.37,1094896.35,,,,
2025-10-14,Japan,Brazil,3.0,2.0,Kirin Cup,False,1938.0,2066.7,-28.7,H,2025,25.21,4.01,4232692.31,6095072.5,27.0,3.68,21710810.81,18927368.77,-1.7899999999999991,0.3299999999999996,-17478118.5,-12832296.27
2025-10-14,Iran,Tanzania,2.0,0.0,Friendly,True,1888.9,1437.6,451.3,H,2025,27.34,3.92,894736.84,783089.32,,,,,,,,
2025-10-14,Somalia,Mozambique,0.0,1.0,FIFA World Cup qualification,True,1024.1,1519.1,-494.9,A,2025,,,,,,,,,,,,
2025-10-14,Canada,Colombia,0.0,0.0,Friendly,True,1893.8,2071.9,-178.1,D,2025,24.86,3.49,5573611.11,10591246.95,27.32,3.87,10014473.68,14806092.75,-2.460000000000001,-0.3799999999999999,-4440862.569999999,-4214845.800000001
2025-10-14,South Korea,Paraguay,2.0,0.0,Friendly,False,1885.5,1924.5,61.0,H,2025,26.12,3.93,3476515.15,9056459.98,26.24,4.49,4102702.7,4796239.32,-0.11999999999999744,-0.56,-626187.5500000003,4260220.66
2025-10-14,Mexico,Ecuador,1.0,1.0,Friendly,False,1957.8,2012.2,45.6,D,2025,25.11,3.76,5862162.16,4774784.63,23.67,4.32,7854687.5,16110790.05,1.4399999999999977,-0.5600000000000005,-1992525.3399999999,-11336005.420000002
2025-10-14,Norway,New Zealand,1.0,1.0,Friendly,False,1930.4,1755.5,274.9,D,2025,24.76,3.19,15627027.03,35857930.24,25.76,4.65,764583.33,1307063.81,-1.0,-1.4600000000000004,14862443.7,34550866.43
2025-10-14,Puerto Rico,Argentina,0.0,6.0,Friendly,True,1352.4,2182.8,-830.4,A,2025,,,,,26.23,4.33,19398529.41,19975427.87,,,,
2025-10-14,United States,Australia,2.0,1.0,Friendly,False,1813.0,1929.4,-16.4,H,2025,24.78,3.69,6175000.0,6648605.74,25.86,4.3,1238571.43,1532741.97,-1.0799999999999983,-0.6099999999999999,4936428.57,5115863.7700000005
2025-10-14,Russia,Bolivia,3.0,0.0,Friendly,False,1860.1,1777.1,183.0,H,2025,,,,,,,,,,,,
2025-10-14,Saudi Arabia,Iraq,0.0,0.0,FIFA World Cup qualification,False,1710.9,1708.8,102.2,D,2025,25.29,3.68,776973.68,724146.08,25.64,3.83,411842.11,241414.2,-0.3500000000000014,-0.1499999999999999,365131.57000000007,482731.87999999995
2025-10-14,Senegal,Mauritania,4.0,0.0,FIFA World Cup qualification,False,1918.4,1458.8,559.6,H,2025,24.35,4.48,7898000.0,9470147.62,,,,,,,,
2025-10-14,DR Congo,Sudan,1.0,0.0,FIFA World Cup qualification,False,1706.6,1499.9,306.6,H,2025,25.61,4.18,3821000.0,4909366.97,,,,,,,,
2025-10-14,Nigeria,Benin,4.0,0.0,FIFA World Cup qualification,False,1705.9,1582.9,223.0,H,2025,,,,,,,,,,,,
2025-10-14,South Africa,Rwanda,3.0,0.0,FIFA World Cup qualification,False,1664.6,1427.5,337.1,H,2025,26.5,3.82,798437.5,571215.04,,,,,,,,
2025-10-14,Morocco,Congo,1.0,0.0,FIFA World Cup qualification,False,1926.3,1329.7,696.6,H,2025,26.36,4.37,6110694.44,12153534.13,,,,,,,,
2025-10-14,Seychelles,Gambia,0.0,7.0,FIFA World Cup qualification,True,1014.3,1542.8,-528.5,A,2025,,,,,,,,,,,,
2025-10-14,Ivory Coast,Kenya,3.0,0.0,FIFA World Cup qualification,False,1711.8,1471.8,340.0,H,2025,25.27,4.55,8950000.0,10362707.86,,,,,,,,
2025-10-14,Gabon,Burundi,2.0,0.0,FIFA World Cup qualification,False,1600.1,1396.4,303.7,H,2025,,,,,,,,,,,,
2025-10-14,Algeria,Uganda,2.0,1.0,FIFA World Cup qualification,False,1805.1,1556.5,348.6,H,2025,26.37,3.74,2577941.18,6201010.25,,,,,,,,
2025-10-14,Qatar,United Arab Emirates,2.0,1.0,FIFA World Cup qualification,False,1616.0,1698.0,18.0,H,2025,26.79,4.48,605921.05,1212292.23,,,,,,,,
2025-11-12,Barbados,Bonaire,3.0,2.0,CONCACAF Series,True,1155.0,1147.6,7.4,H,2025,,,,,,,,,,,,
2025-11-12,Cayman Islands,British Virgin Islands,1.0,2.0,CONCACAF Series,False,1059.5,919.3,240.2,A,2025,,,,,,,,,,,,
2025-11-12,Bahamas,Anguilla,1.0,2.0,CONCACAF Series,True,1040.9,875.2,165.7,A,2025,,,,,,,,,,,,
2025-11-12,Antigua and Barbuda,Aruba,0.0,0.0,CONCACAF Series,False,1115.7,1160.8,54.8,D,2025,,,,,,,,,,,,
2025-11-12,Saint Kitts and Nevis,Sint Maarten,0.0,0.0,CONCACAF Series,False,1277.2,1272.0,105.2,D,2025,,,,,,,,,,,,
2025-11-12,Cuba,Saint Lucia,3.0,0.0,CONCACAF Series,True,1350.8,1259.9,90.9,H,2025,,,,,,,,,,,,
2025-11-12,Dominican Republic,Saint Vincent and the Grenadines,2.0,0.0,CONCACAF Series,False,1482.5,1372.7,209.8,H,2025,,,,,,,,,,,,
2025-11-12,Dominica,Saint Martin,1.0,2.0,CONCACAF Series,True,1185.9,1276.3,-90.4,A,2025,,,,,,,,,,,,
2025-11-12,Russia,Peru,1.0,1.0,Friendly,False,1869.2,1779.8,189.3,D,2025,,,,,,,,,,,,
2025-11-12,Tunisia,Mauritania,1.0,1.0,Friendly,False,1760.2,1455.9,404.2,D,2025,27.03,4.22,1931410.26,2314334.64,,,,,,,,
2025-11-13,Moldova,Italy,0.0,2.0,FIFA World Cup qualification,False,1357.9,1963.9,-506.0,A,2025,,,,,,,,,,,,
2025-11-13,England,Serbia,2.0,0.0,FIFA World Cup qualification,False,2086.1,1836.2,349.8,H,2025,24.89,3.94,48597222.22,42835411.66,,,,,,,,
2025-11-13,Andorra,Albania,0.0,1.0,FIFA World Cup qualification,False,1147.3,1729.3,-482.1,A,2025,,,,,,,,,,,,
2025-11-13,Iran,Cape Verde,0.0,0.0,Al Ain International Cup,True,1891.0,1663.5,227.5,D,2025,27.34,3.92,894736.84,783089.32,26.18,4.51,1246527.78,2503831.46,1.1600000000000001,-0.5899999999999999,-351790.94000000006,-1720742.1400000001
2025-11-13,Papua New Guinea,Solomon Islands,1.0,0.0,MSG Prime Minister's Cup,False,1430.4,1458.8,71.6,H,2025,,,,,,,,,,,,
2025-11-13,Guatemala,Panama,2.0,3.0,FIFA World Cup qualification,False,1672.7,1850.3,-77.6,A,2025,,,,,25.03,3.75,875694.44,1498952.02,,,,
2025-11-13,Armenia,Hungary,0.0,1.0,FIFA World Cup qualification,False,1453.7,1773.6,-219.9,A,2025,,,,,,,,,,,,
2025-11-13,Bermuda,Curaçao,0.0,7.0,FIFA World Cup qualification,False,1311.9,1614.6,-202.7,A,2025,,,,,25.57,4.56,1075781.25,1416497.17,,,,
2025-11-13,Trinidad and Tobago,Jamaica,1.0,1.0,FIFA World Cup qualification,False,1578.9,1683.8,-4.9,D,2025,,,,,,,,,,,,
2025-11-13,Haiti,Costa Rica,1.0,0.0,FIFA World Cup qualification,True,1661.2,1802.6,-141.3,H,2025,24.82,4.55,1339393.94,3141824.59,,,,,,,,
2025-11-13,Nicaragua,Honduras,2.0,0.0,FIFA World Cup qualification,False,1474.3,1745.7,-171.4,H,2025,,,,,,,,,,,,
2025-11-13,Suriname,El Salvador,4.0,0.0,FIFA World Cup qualification,False,1604.4,1494.5,209.9,H,2025,,,,,,,,,,,,
2025-11-13,Republic of Ireland,Portugal,2.0,0.0,FIFA World Cup qualification,False,1664.6,2076.2,-311.6,H,2025,,,,,25.22,4.56,36193548.39,19665623.12,,,,
2025-11-13,Norway,Estonia,4.0,1.0,FIFA World Cup qualification,False,1923.8,1399.6,624.2,H,2025,24.76,3.19,15627027.03,35857930.24,,,,,,,,
2025-11-13,France,Ukraine,4.0,0.0,FIFA World Cup qualification,False,2110.1,1857.7,352.4,H,2025,25.5,3.62,43291666.67,28826679.15,,,,,,,,
2025-11-13,Algeria,Zimbabwe,3.0,1.0,Friendly,True,1809.8,1438.7,371.1,H,2025,26.37,3.74,2577941.18,6201010.25,,,,,,,,
2025-11-13,Bangladesh,Nepal,2.0,2.0,Friendly,False,1106.1,1101.8,104.3,D,2025,,,,,,,,,,,,
2025-11-13,Azerbaijan,Iceland,0.0,2.0,FIFA World Cup qualification,False,1422.0,1615.0,-93.1,A,2025,,,,,,,,,,,,
2025-11-13,Czech Republic,San Marino,1.0,0.0,Friendly,False,1785.0,913.9,971.1,H,2025,25.38,3.2,5451875.0,5582053.8,,,,,,,,
2025-11-13,Hong Kong,Cambodia,1.0,1.0,Friendly,False,1370.3,1039.5,430.8,D,2025,,,,,,,,,,,,
2025-11-13,Lithuania,Israel,0.0,0.0,Friendly,False,1326.0,1672.9,-246.8,D,2025,,,,,,,,,,,,
2025-11-13,Canada,Ecuador,0.0,0.0,Friendly,False,1898.5,2013.5,-15.0,D,2025,24.86,3.49,5573611.11,10591246.95,23.67,4.32,7854687.5,16110790.05,1.1899999999999977,-0.8300000000000001,-2281076.3899999997,-5519543.1000000015
2025-11-13,Thailand,Singapore,3.0,2.0,Friendly,False,1525.4,1267.9,357.5,H,2025,,,,,,,,,,,,
2025-11-13,United Arab Emirates,Iraq,1.0,1.0,FIFA World Cup qualification,False,1679.0,1714.5,64.5,D,2025,,,,,25.64,3.83,411842.11,241414.2,,,,
2025-11-13,Cameroon,DR Congo,0.0,1.0,FIFA World Cup qualification,True,1682.0,1712.4,-30.5,A,2025,,,,,25.61,4.18,3821000.0,4909366.97,,,,
2025-11-13,Nigeria,Gabon,4.0,1.0,FIFA World Cup qualification,True,1722.2,1609.0,113.2,H,2025,,,,,,,,,,,,
2025-11-13,North Macedonia,Latvia,0.0,0.0,Friendly,False,1682.0,1334.4,447.7,D,2025,,,,,,,,,,,,
2025-11-14,Luxembourg,Germany,0.0,2.0,FIFA World Cup qualification,False,1453.9,1962.0,-408.1,A,2025,,,,,25.62,4.3,25986486.49,30095902.23,,,,
2025-11-14,Uzbekistan,Egypt,2.0,0.0,Al Ain International Cup,True,1819.8,1782.0,37.9,H,2025,25.84,3.85,1363815.79,2172061.67,27.91,3.55,966176.47,935628.18,-2.0700000000000003,0.30000000000000027,397639.32000000007,1236433.4899999998
2025-11-14,Gibraltar,Montenegro,1.0,2.0,FIFA World Cup qualification,False,1115.8,1496.2,-280.5,A,2025,,,,,,,,,,,,
2025-11-14,Croatia,Faroe Islands,3.0,1.0,FIFA World Cup qualification,False,1981.9,1424.5,657.4,H,2025,26.29,4.5,10882352.94,13128560.48,,,,,,,,
2025-11-14,Poland,Netherlands,1.0,1.0,FIFA World Cup qualification,False,1779.9,2024.4,-144.5,D,2025,,,,,24.65,3.36,28932432.43,18455630.56,,,,
2025-11-14,Finland,Malta,0.0,1.0,FIFA World Cup qualification,False,1597.6,1299.9,397.7,A,2025,,,,,,,,,,,,
2025-11-14,Slovakia,Northern Ireland,1.0,0.0,FIFA World Cup qualification,False,1745.9,1659.3,186.7,H,2025,,,,,,,,,,,,
2025-11-14,Tunisia,Jordan,3.0,2.0,Friendly,False,1751.9,1735.6,116.3,H,2025,27.03,4.22,1931410.26,2314334.64,25.92,3.95,595370.37,1094896.35,1.1099999999999994,0.2699999999999996,1336039.8900000001,1219438.29
2025-11-14,Saudi Arabia,Ivory Coast,1.0,0.0,Friendly,False,1705.2,1720.4,84.8,H,2025,25.29,3.68,776973.68,724146.08,25.27,4.55,8950000.0,10362707.86,0.019999999999999574,-0.8699999999999997,-8173026.32,-9638561.78
2025-11-14,Burkina Faso,Niger,3.0,2.0,Friendly,True,1664.1,1530.2,134.0,H,2025,,,,,,,,,,,,
2025-11-14,Uganda,Chad,2.0,1.0,Friendly,True,1551.8,1241.9,309.9,H,2025,,,,,,,,,,,,
2025-11-14,Comoros,Namibia,1.0,0.0,Friendly,False,1486.6,1450.7,135.9,H,2025,,,,,,,,,,,,
2025-11-14,Oman,Sudan,2.0,0.0,Friendly,False,1605.0,1494.1,210.9,H,2025,,,,,,,,,,,,
2025-11-14,Morocco,Mozambique,1.0,0.0,Friendly,False,1927.0,1521.3,505.8,H,2025,26.36,4.37,6110694.44,12153534.13,,,,,,,,
2025-11-14,South Korea,Bolivia,2.0,0.0,Friendly,False,1897.9,1768.0,229.9,H,2025,26.12,3.93,3476515.15,9056459.98,,,,,,,,
2025-11-14,Australia,Venezuela,0.0,1.0,Friendly,True,1918.9,1798.7,120.2,A,2025,25.86,4.3,1238571.43,1532741.97,,,,,,,,
2025-11-14,Angola,Argentina,0.0,2.0,Friendly,False,1597.5,2183.1,-485.6,A,2025,,,,,26.23,4.33,19398529.41,19975427.87,,,,
2025-11-14,Japan,Ghana,2.0,0.0,Kirin Cup,False,1954.3,1632.6,421.6,H,2025,25.21,4.01,4232692.31,6095072.5,23.95,3.81,7054487.18,9645725.89,1.2600000000000016,0.19999999999999973,-2821794.87,-3550653.3900000006
2025-11-15,Switzerland,Sweden,4.0,1.0,FIFA World Cup qualification,False,1955.2,1730.6,324.6,H,2025,25.58,3.68,8685526.32,9619490.27,24.92,4.28,6623684.21,7812218.31,0.6599999999999966,-0.6000000000000001,2061842.1100000003,1807271.96
2025-11-15,Bosnia and Herzegovina,Romania,3.0,1.0,FIFA World Cup qualification,False,1574.1,1736.8,-62.7,H,2025,25.16,4.47,3268055.56,5052023.15,,,,,,,,
2025-11-15,Liechtenstein,Wales,0.0,1.0,FIFA World Cup qualification,False,969.5,1751.1,-681.5,A,2025,,,,,,,,,,,,
2025-11-15,Kazakhstan,Belgium,1.0,1.0,FIFA World Cup qualification,False,1481.6,1922.0,-340.4,D,2025,,,,,25.49,4.91,17514285.71,15945212.32,,,,
2025-11-15,Martinique,Cuba,0.0,2.0,CONCACAF Series,True,1526.1,1370.3,155.8,A,2025,,,,,,,,,,,,
2025-11-15,Saint Vincent and the Grenadines,Saint Lucia,3.0,1.0,CONCACAF Series,True,1362.3,1240.4,122.0,H,2025,,,,,,,,,,,,
2025-11-15,Guyana,Bonaire,2.0,1.0,CONCACAF Series,True,1458.7,1132.9,325.8,H,2025,,,,,,,,,,,,
2025-11-15,Saint Martin,Belize,0.0,1.0,CONCACAF Series,True,1287.5,1262.9,24.5,A,2025,,,,,,,,,,,,
2025-11-15,Barbados,Aruba,0.0,3.0,CONCACAF Series,True,1169.7,1163.2,6.6,A,2025,,,,,,,,,,,,
2025-11-15,Cyprus,Austria,0.0,2.0,FIFA World Cup qualification,False,1380.3,1883.3,-403.0,A,2025,,,,,26.42,3.91,7405263.16,7328241.96,,,,
2025-11-15,Bahamas,British Virgin Islands,0.0,6.0,CONCACAF Series,True,1019.3,943.3,76.0,A,2025,,,,,,,,,,,,
2025-11-15,Cayman Islands,Anguilla,4.0,0.0,CONCACAF Series,False,1035.5,896.9,238.6,H,2025,,,,,,,,,,,,
2025-11-15,Dominica,Sint Maarten,2.0,3.0,CONCACAF Series,True,1174.7,1276.4,-101.6,A,2025,,,,,,,,,,,,
2025-11-15,Georgia,Spain,0.0,4.0,FIFA World Cup qualification,False,1739.5,2242.1,-402.6,A,2025,,,,,25.29,4.17,41460526.32,35192400.04,,,,
2025-11-15,Slovenia,Kosovo,0.0,2.0,FIFA World Cup qualification,False,1788.5,1720.8,167.6,A,2025,,,,,,,,,,,,
2025-11-15,Greece,Scotland,3.0,2.0,FIFA World Cup qualification,False,1817.2,1825.7,91.4,H,2025,,,,,26.46,4.71,7304054.05,9050252.93,,,,
2025-11-15,Denmark,Belarus,2.0,2.0,FIFA World Cup qualification,False,1973.1,1520.8,552.4,D,2025,,,,,,,,,,,,
2025-11-15,Basque Country,Palestine,3.0,0.0,Friendly,False,1793.2,1579.0,314.2,H,2025,,,,,,,,,,,,
2025-11-15,United States,Paraguay,2.0,1.0,Friendly,False,1823.4,1912.1,11.3,H,2025,24.78,3.69,6175000.0,6648605.74,26.24,4.49,4102702.7,4796239.32,-1.4599999999999973,-0.8000000000000003,2072297.2999999998,1852366.42
2025-11-15,South Africa,Zambia,3.0,1.0,Friendly,False,1673.4,1563.5,209.9,H,2025,26.5,3.82,798437.5,571215.04,,,,,,,,
2025-11-15,Mexico,Uruguay,0.0,0.0,Friendly,False,1956.5,1992.1,64.4,D,2025,25.11,3.76,5862162.16,4774784.63,24.56,4.02,15300000.0,24699732.27,0.5500000000000007,-0.2599999999999998,-9437837.84,-19924947.64
2025-11-15,Colombia,New Zealand,2.0,1.0,Friendly,True,2067.2,1762.1,305.1,H,2025,27.32,3.87,10014473.68,14806092.75,25.76,4.65,764583.33,1307063.81,1.5599999999999987,-0.7800000000000002,9249890.35,13499028.94
2025-11-15,Brazil,Senegal,2.0,0.0,Friendly,True,2050.5,1921.3,129.2,H,2025,27.0,3.68,21710810.81,18927368.77,24.35,4.48,7898000.0,9470147.62,2.6499999999999986,-0.8000000000000003,13812810.809999999,9457221.15
2025-11-15,Guinea,Liberia,2.0,0.0,Friendly,True,1603.7,1444.4,159.2,H,2025,,,,,,,,,,,,
2025-11-15,Lesotho,Malawi,0.0,0.0,Friendly,True,1424.9,1450.3,-25.4,D,2025,,,,,,,,,,,,
2025-11-15,Kuwait,Tanzania,4.0,3.0,Friendly,True,1437.3,1435.6,1.7,H,2025,,,,,,,,,,,,
2025-11-15,Libya,Mauritania,1.0,0.0,Friendly,False,1527.1,1464.2,162.9,H,2025,,,,,,,,,,,,
2025-11-15,Russia,Chile,0.0,2.0,Friendly,False,1864.2,1775.5,188.7,A,2025,,,,,,,,,,,,
2025-11-15,Turkey,Bulgaria,2.0,0.0,FIFA World Cup qualification,False,1916.7,1483.3,533.4,H,2025,25.1,3.93,10601282.05,11861867.84,,,,,,,,
2025-11-16,Albania,England,0.0,2.0,FIFA World Cup qualification,False,1731.7,2093.1,-261.4,A,2025,,,,,24.89,3.94,48597222.22,42835411.66,,,,
2025-11-16,Italy,Norway,1.0,4.0,FIFA World Cup qualification,False,1967.0,1925.7,141.3,A,2025,,,,,24.76,3.19,15627027.03,35857930.24,,,,
2025-11-16,Serbia,Latvia,2.0,1.0,FIFA World Cup qualification,False,1829.2,1343.0,586.2,H,2025,,,,,,,,,,,,
2025-11-16,Moldova,Israel,1.0,4.0,FIFA World Cup qualification,False,1354.8,1666.8,-211.9,A,2025,,,,,,,,,,,,
2025-11-16,Nigeria,DR Congo,1.0,1.0,FIFA World Cup qualification,True,1746.2,1730.7,15.5,D,2025,,,,,25.61,4.18,3821000.0,4909366.97,,,,
2025-11-16,Portugal,Armenia,9.0,1.0,FIFA World Cup qualification,False,2024.7,1444.9,679.8,H,2025,25.22,4.56,36193548.39,19665623.12,,,,,,,,
2025-11-16,Azerbaijan,France,1.0,3.0,FIFA World Cup qualification,False,1399.8,2118.8,-619.0,A,2025,,,,,25.5,3.62,43291666.67,28826679.15,,,,
2025-11-16,Ukraine,Iceland,2.0,0.0,FIFA World Cup qualification,True,1849.0,1637.2,211.8,H,2025,,,,,,,,,,,,
2025-11-16,Hungary,Republic of Ireland,2.0,3.0,FIFA World Cup qualification,False,1782.4,1716.0,166.3,A,2025,,,,,,,,,,,,
2025-11-17,Vanuatu,Fiji,2.0,0.0,MSG Prime Minister's Cup,True,1383.4,1475.0,-91.6,H,2025,,,,,,,,,,,,
2025-11-17,Cape Verde,Egypt,1.0,1.0,Al Ain International Cup,True,1672.1,1761.9,-89.8,D,2025,26.18,4.51,1246527.78,2503831.46,27.91,3.55,966176.47,935628.18,-1.7300000000000004,0.96,280351.31000000006,1568203.2799999998
2025-11-17,Montenegro,Croatia,2.0,3.0,FIFA World Cup qualification,False,1502.9,1983.2,-380.3,A,2025,,,,,26.29,4.5,10882352.94,13128560.48,,,,
2025-11-17,Czech Republic,Gibraltar,6.0,0.0,FIFA World Cup qualification,False,1785.1,1109.1,776.0,H,2025,25.38,3.2,5451875.0,5582053.8,,,,,,,,
2025-11-17,Netherlands,Lithuania,4.0,0.0,FIFA World Cup qualification,False,2016.6,1332.1,784.4,H,2025,24.65,3.36,28932432.43,18455630.56,,,,,,,,
2025-11-17,Malta,Poland,2.0,3.0,FIFA World Cup qualification,False,1336.2,1787.8,-351.5,A,2025,,,,,,,,,,,,
2025-11-17,Germany,Slovakia,6.0,0.0,FIFA World Cup qualification,False,1967.2,1756.1,311.1,H,2025,25.62,4.3,25986486.49,30095902.23,,,,,,,,
2025-11-17,Bahrain,Somalia,1.0,2.0,Friendly,False,1557.9,1022.0,635.9,A,2025,,,,,,,,,,,,
2025-11-17,Northern Ireland,Luxembourg,1.0,0.0,FIFA World Cup qualification,False,1649.1,1448.7,300.4,H,2025,,,,,,,,,,,,
2025-11-17,Qatar,Zimbabwe,1.0,2.0,Friendly,False,1635.0,1435.5,299.4,A,2025,26.79,4.48,605921.05,1212292.23,,,,,,,,
2025-11-17,Finland,Andorra,4.0,0.0,Friendly,False,1561.3,1144.9,516.4,H,2025,,,,,,,,,,,,
2025-11-17,Madagascar,Equatorial Guinea,2.0,0.0,Friendly,True,1481.1,1499.3,-18.2,H,2025,,,,,,,,,,,,
2025-11-17,Mozambique,Chad,2.0,2.0,Friendly,True,1520.2,1239.0,281.2,D,2025,,,,,,,,,,,,
2025-11-17,Comoros,Namibia,4.0,0.0,Friendly,False,1492.9,1444.5,148.4,H,2025,,,,,,,,,,,,
2025-11-18,Bulgaria,Georgia,2.0,1.0,FIFA World Cup qualification,False,1480.7,1732.8,-152.1,H,2025,,,,,,,,,,,,
2025-11-18,Spain,Turkey,2.0,2.0,FIFA World Cup qualification,False,2248.9,1919.4,429.5,D,2025,25.29,4.17,41460526.32,35192400.04,25.1,3.93,10601282.05,11861867.84,0.18999999999999773,0.23999999999999977,30859244.27,23330532.2
2025-11-18,Belarus,Greece,0.0,0.0,FIFA World Cup qualification,True,1539.2,1832.0,-292.8,D,2025,,,,,,,,,,,,
2025-11-18,Scotland,Denmark,4.0,2.0,FIFA World Cup qualification,False,1810.9,1954.7,-43.9,H,2025,26.46,4.71,7304054.05,9050252.93,,,,,,,,
2025-11-18,Romania,San Marino,7.0,1.0,FIFA World Cup qualification,False,1701.4,913.8,887.6,H,2025,,,,,,,,,,,,
2025-11-18,Iraq,United Arab Emirates,2.0,1.0,FIFA World Cup qualification,False,1718.1,1675.3,142.8,H,2025,25.64,3.83,411842.11,241414.2,,,,,,,,
2025-11-18,Austria,Bosnia and Herzegovina,1.0,1.0,FIFA World Cup qualification,False,1888.7,1609.4,379.3,D,2025,26.42,3.91,7405263.16,7328241.96,25.16,4.47,3268055.56,5052023.15,1.2600000000000016,-0.5599999999999996,4137207.6,2276218.8099999996
2025-11-18,Mexico,Paraguay,1.0,2.0,Friendly,True,1954.7,1902.4,52.3,A,2025,25.11,3.76,5862162.16,4774784.63,26.24,4.49,4102702.7,4796239.32,-1.129999999999999,-0.7300000000000004,1759459.46,-21454.69000000041
2025-11-18,South Korea,Ghana,1.0,0.0,Friendly,False,1904.2,1629.0,375.2,H,2025,26.12,3.93,3476515.15,9056459.98,23.95,3.81,7054487.18,9645725.89,2.1700000000000017,0.1200000000000001,-3577972.03,-589265.9100000001
2025-11-18,Kosovo,Switzerland,1.0,1.0,FIFA World Cup qualification,False,1764.3,1964.5,-100.2,D,2025,,,,,25.58,3.68,8685526.32,9619490.27,,,,
2025-11-18,United States,Uruguay,5.0,1.0,Friendly,False,1833.1,1993.9,-60.8,H,2025,24.78,3.69,6175000.0,6648605.74,24.56,4.02,15300000.0,24699732.27,0.22000000000000242,-0.3299999999999996,-9125000.0,-18051126.53
2025-11-18,Dominican Republic,Martinique,0.0,0.0,CONCACAF Series,False,1492.9,1494.1,98.8,D,2025,,,,,,,,,,,,
2025-11-18,Belgium,Liechtenstein,7.0,0.0,FIFA World Cup qualification,False,1907.0,968.7,1038.2,H,2025,25.49,4.91,17514285.71,15945212.32,,,,,,,,
2025-11-18,Faroe Islands,Kazakhstan,1.0,0.0,Friendly,True,1423.2,1496.7,-73.5,H,2025,,,,,,,,,,,,
2025-11-18,Saint Kitts and Nevis,Belize,2.0,6.0,CONCACAF Series,False,1272.7,1279.0,93.8,A,2025,,,,,,,,,,,,
2025-11-18,Antigua and Barbuda,Guyana,1.0,4.0,CONCACAF Series,False,1113.3,1462.7,-249.4,A,2025,,,,,,,,,,,,
2025-11-18,Iran,Uzbekistan,0.0,0.0,Al Ain International Cup,True,1882.4,1839.9,42.5,D,2025,27.34,3.92,894736.84,783089.32,25.84,3.85,1363815.79,2172061.67,1.5,0.06999999999999984,-469078.95000000007,-1388972.35
2025-11-18,Guatemala,Suriname,3.0,1.0,FIFA World Cup qualification,False,1657.1,1621.6,135.5,H,2025,,,,,,,,,,,,
2025-11-18,Panama,El Salvador,3.0,0.0,FIFA World Cup qualification,False,1865.9,1477.2,488.7,H,2025,25.03,3.75,875694.44,1498952.02,,,,,,,,
2025-11-18,Jamaica,Curaçao,0.0,0.0,FIFA World Cup qualification,False,1683.5,1635.9,147.6,D,2025,,,,,25.57,4.56,1075781.25,1416497.17,,,,
2025-11-18,Trinidad and Tobago,Bermuda,2.0,2.0,FIFA World Cup qualification,False,1579.1,1290.5,388.6,D,2025,,,,,,,,,,,,
2025-11-18,Costa Rica,Honduras,0.0,0.0,FIFA World Cup qualification,False,1774.8,1702.0,172.9,D,2025,,,,,,,,,,,,
2025-11-18,Haiti,Nicaragua,2.0,0.0,FIFA World Cup qualification,True,1689.0,1518.0,170.9,H,2025,24.82,4.55,1339393.94,3141824.59,,,,,,,,
2025-11-18,Wales,North Macedonia,7.0,1.0,FIFA World Cup qualification,False,1751.8,1673.4,178.4,H,2025,,,,,,,,,,,,
2025-11-18,Ecuador,New Zealand,2.0,0.0,Friendly,True,2013.1,1759.1,253.9,H,2025,23.67,4.32,7854687.5,16110790.05,25.76,4.65,764583.33,1307063.81,-2.09,-0.33000000000000007,7090104.17,14803726.24
2025-11-18,Sweden,Slovenia,1.0,1.0,FIFA World Cup qualification,False,1721.2,1745.0,76.2,D,2025,24.92,4.28,6623684.21,7812218.31,,,,,,,,
2025-11-18,Colombia,Australia,3.0,0.0,Friendly,True,2070.1,1905.6,164.6,H,2025,27.32,3.87,10014473.68,14806092.75,25.86,4.3,1238571.43,1532741.97,1.4600000000000009,-0.4299999999999997,8775902.25,13273350.78
2025-11-18,Angola,Zambia,3.0,2.0,Friendly,False,1595.8,1556.6,139.2,H,2025,,,,,,,,,,,,
2025-11-18,Morocco,Uganda,4.0,0.0,Friendly,False,1928.1,1554.7,473.4,H,2025,26.36,4.37,6110694.44,12153534.13,,,,,,,,
2025-11-18,Oman,Ivory Coast,0.0,2.0,Friendly,False,1611.9,1712.8,-0.9,A,2025,,,,,25.27,4.55,8950000.0,10362707.86,,,,
2025-11-18,Saudi Arabia,Algeria,0.0,2.0,Friendly,False,1712.8,1813.0,-0.2,A,2025,25.29,3.68,776973.68,724146.08,26.37,3.74,2577941.18,6201010.25,-1.0800000000000018,-0.06000000000000005,-1800967.5,-5476864.17
2025-11-18,Guinea,Niger,1.0,1.0,Friendly,True,1612.2,1523.8,88.4,D,2025,,,,,,,,,,,,
2025-11-18,Kenya,Senegal,0.0,8.0,Friendly,True,1463.1,1911.6,-448.5,A,2025,,,,,24.35,4.48,7898000.0,9470147.62,,,,
2025-11-18,Benin,Burkina Faso,0.0,3.0,Friendly,True,1566.7,1670.5,-103.8,A,2025,,,,,,,,,,,,
2025-11-18,Japan,Bolivia,3.0,0.0,Kirin Cup,False,1957.9,1761.7,296.2,H,2025,25.21,4.01,4232692.31,6095072.5,,,,,,,,
2025-11-18,Mali,Jordan,3.0,2.0,Friendly,True,1719.9,1728.9,-8.9,H,2025,,,,,25.92,3.95,595370.37,1094896.35,,,,
2025-11-18,Kuwait,Gambia,2.0,2.0,Friendly,True,1447.2,1546.9,-99.6,D,2025,,,,,,,,,,,,
2025-11-18,Lesotho,Malawi,0.0,1.0,Friendly,True,1425.7,1449.6,-23.9,A,2025,,,,,,,,,,,,
2025-11-18,Timor-Leste,Tajikistan,0.0,5.0,AFC Asian Cup qualification,True,907.3,1435.5,-528.2,A,2025,,,,,,,,,,,,
2025-11-18,Maldives,Philippines,0.0,2.0,AFC Asian Cup qualification,False,1059.9,1309.2,-149.3,A,2025,,,,,,,,,,,,
2025-11-18,Brunei,Lebanon,0.0,3.0,AFC Asian Cup qualification,False,894.4,1454.7,-460.3,A,2025,,,,,,,,,,,,
2025-11-18,Bangladesh,India,1.0,0.0,AFC Asian Cup qualification,False,1103.1,1266.6,-63.5,H,2025,,,,,,,,,,,,
2025-11-18,Hong Kong,Singapore,1.0,2.0,AFC Asian Cup qualification,False,1361.9,1265.6,196.2,A,2025,,,,,,,,,,,,
2025-11-18,Sri Lanka,Thailand,0.0,4.0,AFC Asian Cup qualification,False,1017.1,1527.7,-410.6,A,2025,,,,,,,,,,,,
2025-11-18,Cyprus,Estonia,2.0,4.0,Friendly,False,1374.9,1397.7,77.2,A,2025,,,,,,,,,,,,
2025-11-18,Turkmenistan,Taiwan,3.0,1.0,AFC Asian Cup qualification,False,1380.9,1062.9,418.0,H,2025,,,,,,,,,,,,
2025-11-18,Pakistan,Syria,0.0,5.0,AFC Asian Cup qualification,False,1028.9,1577.6,-448.7,A,2025,,,,,,,,,,,,
2025-11-18,Malaysia,Nepal,1.0,0.0,AFC Asian Cup qualification,False,1478.3,1104.7,473.6,H,2025,,,,,,,,,,,,
2025-11-18,Brazil,Tunisia,1.0,1.0,Friendly,True,2060.1,1758.7,301.4,D,2025,27.0,3.68,21710810.81,18927368.77,27.03,4.22,1931410.26,2314334.64,-0.030000000000001137,-0.5399999999999996,19779400.549999997,16613034.129999999
2025-11-18,Canada,Venezuela,2.0,0.0,Friendly,True,1898.9,1812.0,86.9,H,2025,24.86,3.49,5573611.11,10591246.95,,,,,,,,
2025-11-18,Chile,Peru,2.0,1.0,Friendly,True,1797.9,1784.8,13.1,H,2025,,,,,,,,,,,,
2025-11-18,Yemen,Bhutan,7.0,1.0,AFC Asian Cup qualification,True,1287.7,872.4,415.3,H,2025,,,,,,,,,,,,
2025-11-19,Laos,Vietnam,0.0,2.0,AFC Asian Cup qualification,False,942.5,1460.0,-417.5,A,2025,,,,,,,,,,,,
2025-11-20,Vanuatu,Solomon Islands,2.0,1.0,MSG Prime Minister's Cup,True,1411.7,1446.8,-35.2,H,2025,,,,,,,,,,,,
2025-11-20,Papua New Guinea,Fiji,2.0,0.0,MSG Prime Minister's Cup,False,1442.4,1446.7,95.7,H,2025,,,,,,,,,,,,
2025-11-23,Papua New Guinea,Vanuatu,2.0,2.0,MSG Prime Minister's Cup,False,1458.8,1428.2,130.7,D,2025,,,,,,,,,,,,
2025-11-25,Mauritania,Kuwait,0.0,2.0,Arab Cup qualification,True,1458.5,1450.0,8.5,A,2025,,,,,,,,,,,,
2025-11-25,Syria,South Sudan,2.0,0.0,Arab Cup qualification,True,1583.2,1278.8,304.4,H,2025,,,,,,,,,,,,
2025-11-25,Palestine,Libya,0.0,0.0,Arab Cup qualification,True,1574.1,1532.7,41.4,D,2025,,,,,,,,,,,,
2025-11-26,Oman,Somalia,0.0,0.0,Arab Cup qualification,True,1596.9,1041.5,555.5,D,2025,,,,,,,,,,,,
2025-11-26,Bahrain,Djibouti,1.0,0.0,Arab Cup qualification,True,1538.4,1077.2,461.2,H,2025,,,,,,,,,,,,
2025-11-26,Sudan,Lebanon,2.0,1.0,Arab Cup qualification,True,1487.2,1459.3,28.0,H,2025,,,,,,,,,,,,
2025-11-26,Comoros,Yemen,4.0,4.0,Arab Cup qualification,True,1504.1,1294.8,209.3,D,2025,,,,,,,,,,,,
2025-12-01,Tunisia,Syria,0.0,1.0,Arab Cup,True,1765.7,1592.0,173.7,A,2025,27.03,4.22,1931410.26,2314334.64,,,,,,,,
2025-12-01,Qatar,Palestine,0.0,1.0,Arab Cup,False,1618.0,1571.7,146.3,A,2025,26.79,4.48,605921.05,1212292.23,,,,,,,,
2025-12-02,Morocco,Comoros,3.0,1.0,Arab Cup,True,1930.4,1493.3,437.1,H,2025,26.36,4.37,6110694.44,12153534.13,,,,,,,,
2025-12-02,Saudi Arabia,Oman,2.0,1.0,Arab Cup,True,1697.8,1578.5,119.3,H,2025,25.29,3.68,776973.68,724146.08,,,,,,,,
2025-12-02,Egypt,Kuwait,1.0,1.0,Arab Cup,True,1758.1,1480.7,277.4,D,2025,27.91,3.55,966176.47,935628.18,,,,,,,,
2025-12-03,Algeria,Sudan,0.0,0.0,Arab Cup,True,1828.0,1505.6,322.4,D,2025,26.37,3.74,2577941.18,6201010.25,,,,,,,,
2025-12-03,Iraq,Bahrain,2.0,1.0,Arab Cup,True,1730.4,1541.0,189.3,H,2025,25.64,3.83,411842.11,241414.2,,,,,,,,
2025-12-03,Jordan,United Arab Emirates,2.0,1.0,Arab Cup,True,1718.6,1663.1,55.5,H,2025,25.92,3.95,595370.37,1094896.35,,,,,,,,
2025-12-04,Palestine,Tunisia,2.0,2.0,Arab Cup,True,1592.7,1743.8,-151.1,D,2025,,,,,27.03,4.22,1931410.26,2314334.64,,,,
2025-12-04,Qatar,Syria,1.0,1.0,Arab Cup,False,1597.0,1614.0,83.0,D,2025,26.79,4.48,605921.05,1212292.23,,,,,,,,
2025-12-05,Oman,Morocco,0.0,0.0,Arab Cup,True,1568.5,1933.7,-365.3,D,2025,,,,,26.36,4.37,6110694.44,12153534.13,,,,
2025-12-05,Comoros,Saudi Arabia,1.0,3.0,Arab Cup,True,1489.9,1707.9,-217.9,A,2025,,,,,25.29,3.68,776973.68,724146.08,,,,
2025-12-06,Kuwait,Jordan,1.0,3.0,Arab Cup,True,1490.7,1731.2,-240.5,A,2025,,,,,25.92,3.95,595370.37,1094896.35,,,,
2025-12-06,United Arab Emirates,Egypt,1.0,1.0,Arab Cup,True,1650.5,1748.2,-97.7,D,2025,,,,,27.91,3.55,966176.47,935628.18,,,,
2025-12-06,Bahrain,Algeria,1.0,5.0,Arab Cup,True,1533.5,1817.0,-283.6,A,2025,,,,,26.37,3.74,2577941.18,6201010.25,,,,
2025-12-06,Sudan,Iraq,0.0,2.0,Arab Cup,True,1516.6,1737.9,-221.3,A,2025,,,,,25.64,3.83,411842.11,241414.2,,,,
2025-12-07,Qatar,Tunisia,0.0,3.0,Arab Cup,False,1593.5,1737.6,-44.1,A,2025,26.79,4.48,605921.05,1212292.23,27.03,4.22,1931410.26,2314334.64,-0.240000000000002,0.2600000000000007,-1325489.21,-1102042.4100000001
2025-12-07,Syria,Palestine,0.0,0.0,Arab Cup,True,1617.5,1598.8,18.7,D,2025,,,,,,,,,,,,
2025-12-08,Morocco,Saudi Arabia,1.0,0.0,Arab Cup,True,1922.0,1717.9,204.1,H,2025,26.36,4.37,6110694.44,12153534.13,25.29,3.68,776973.68,724146.08,1.0700000000000003,0.69,5333720.760000001,11429388.05
2025-12-08,Oman,Comoros,2.0,1.0,Arab Cup,True,1580.2,1480.0,100.2,H,2025,,,,,,,,,,,,
2025-12-09,Algeria,Iraq,2.0,0.0,Arab Cup,True,1826.2,1747.7,78.5,H,2025,26.37,3.74,2577941.18,6201010.25,25.64,3.83,411842.11,241414.2,0.7300000000000004,-0.08999999999999986,2166099.0700000003,5959596.05
2025-12-09,Bahrain,Sudan,3.0,1.0,Arab Cup,True,1524.3,1506.7,17.5,H,2025,,,,,,,,,,,,
2025-12-09,United Arab Emirates,Kuwait,3.0,1.0,Arab Cup,True,1654.6,1481.7,172.9,H,2025,,,,,,,,,,,,
2025-12-09,Egypt,Jordan,0.0,3.0,Arab Cup,True,1744.1,1740.2,3.8,A,2025,27.91,3.55,966176.47,935628.18,25.92,3.95,595370.37,1094896.35,1.9899999999999984,-0.40000000000000036,370806.1,-159268.17000000004
2025-12-11,Morocco,Syria,1.0,0.0,Arab Cup,True,1929.1,1616.7,312.4,H,2025,26.36,4.37,6110694.44,12153534.13,,,,,,,,
2025-12-11,Palestine,Saudi Arabia,1.0,2.0,Arab Cup,True,1599.6,1710.8,-111.2,A,2025,,,,,25.29,3.68,776973.68,724146.08,,,,
2025-12-12,Jordan,Iraq,1.0,0.0,Arab Cup,True,1766.8,1730.2,36.5,H,2025,25.92,3.95,595370.37,1094896.35,25.64,3.83,411842.11,241414.2,0.28000000000000114,0.1200000000000001,183528.26,853482.1500000001
2025-12-12,Algeria,United Arab Emirates,1.0,1.0,Arab Cup,True,1843.7,1666.8,177.0,D,2025,26.37,3.74,2577941.18,6201010.25,,,,,,,,
2025-12-15,Morocco,United Arab Emirates,3.0,0.0,Arab Cup,True,1933.3,1673.8,259.5,H,2025,26.36,4.37,6110694.44,12153534.13,,,,,,,,
2025-12-15,Saudi Arabia,Jordan,0.0,1.0,Arab Cup,True,1721.2,1780.2,-59.1,A,2025,25.29,3.68,776973.68,724146.08,25.92,3.95,595370.37,1094896.35,-0.6300000000000026,-0.27,181603.31000000006,-370750.27000000014
2025-12-18,Jordan,Morocco,2.0,3.0,Arab Cup,True,1792.7,1943.0,-150.3,A,2025,25.92,3.95,595370.37,1094896.35,26.36,4.37,6110694.44,12153534.13,-0.4399999999999977,-0.41999999999999993,-5515324.07,-11058637.780000001
2025-12-21,Morocco,Comoros,2.0,0.0,African Cup of Nations,False,1951.9,1469.2,582.7,H,2025,26.36,4.37,6110694.44,12153534.13,,,,,,,,
2025-12-22,Mali,Zambia,1.0,1.0,African Cup of Nations,True,1730.2,1550.4,179.8,D,2025,,,,,,,,,,,,
2025-12-22,South Africa,Angola,2.0,1.0,African Cup of Nations,True,1680.3,1602.0,78.3,H,2025,26.5,3.82,798437.5,571215.04,,,,,,,,
2025-12-22,Egypt,Zimbabwe,2.0,1.0,African Cup of Nations,True,1717.5,1452.5,265.0,H,2025,27.91,3.55,966176.47,935628.18,,,,,,,,
2025-12-23,Nigeria,Tanzania,2.0,1.0,African Cup of Nations,True,1745.3,1425.6,319.7,H,2025,,,,,,,,,,,,
2025-12-23,Tunisia,Uganda,3.0,1.0,African Cup of Nations,True,1760.6,1552.4,208.2,H,2025,27.03,4.22,1931410.26,2314334.64,,,,,,,,
2025-12-23,DR Congo,Benin,1.0,0.0,African Cup of Nations,True,1731.6,1554.2,177.3,H,2025,25.61,4.18,3821000.0,4909366.97,,,,,,,,
2025-12-23,Senegal,Botswana,3.0,0.0,African Cup of Nations,True,1914.9,1436.3,478.7,H,2025,24.35,4.48,7898000.0,9470147.62,,,,,,,,
2025-12-24,Cameroon,Gabon,1.0,0.0,African Cup of Nations,True,1663.7,1585.0,78.7,H,2025,,,,,,,,,,,,
2025-12-24,Ivory Coast,Mozambique,1.0,0.0,African Cup of Nations,True,1727.8,1513.5,214.3,H,2025,25.27,4.55,8950000.0,10362707.86,,,,,,,,
2025-12-24,Burkina Faso,Equatorial Guinea,2.0,1.0,African Cup of Nations,True,1682.9,1483.5,199.3,H,2025,,,,,,,,,,,,
2025-12-24,Algeria,Sudan,3.0,0.0,African Cup of Nations,True,1836.7,1485.4,351.3,H,2025,26.37,3.74,2577941.18,6201010.25,,,,,,,,
2025-12-26,Zambia,Comoros,0.0,0.0,African Cup of Nations,True,1562.3,1466.6,95.7,D,2025,,,,,,,,,,,,
2025-12-26,Morocco,Mali,1.0,1.0,African Cup of Nations,False,1954.4,1718.3,336.1,D,2025,26.36,4.37,6110694.44,12153534.13,,,,,,,,
2025-12-26,Angola,Zimbabwe,1.0,1.0,African Cup of Nations,True,1582.5,1443.6,139.0,D,2025,,,,,,,,,,,,
2025-12-26,Egypt,South Africa,1.0,0.0,African Cup of Nations,True,1726.4,1699.7,26.7,H,2025,27.91,3.55,966176.47,935628.18,26.5,3.82,798437.5,571215.04,1.4100000000000001,-0.27,167738.96999999997,364413.14
2025-12-27,Benin,Botswana,1.0,0.0,African Cup of Nations,True,1541.0,1431.0,109.9,H,2025,,,,,,,,,,,,
2025-12-27,Senegal,DR Congo,1.0,1.0,African Cup of Nations,True,1920.2,1744.8,175.4,D,2025,24.35,4.48,7898000.0,9470147.62,25.61,4.18,3821000.0,4909366.97,-1.259999999999998,0.3000000000000007,4077000.0,4560780.649999999
2025-12-27,Uganda,Tanzania,1.0,1.0,African Cup of Nations,True,1535.0,1418.8,116.2,D,2025,,,,,,,,,,,,
2025-12-27,Nigeria,Tunisia,3.0,2.0,African Cup of Nations,True,1752.1,1778.0,-25.8,H,2025,,,,,27.03,4.22,1931410.26,2314334.64,,,,
2025-12-28,Equatorial Guinea,Sudan,0.0,1.0,African Cup of Nations,True,1471.5,1475.1,-3.7,A,2025,,,,,,,,,,,,
2025-12-28,Algeria,Burkina Faso,1.0,0.0,African Cup of Nations,True,1846.9,1694.9,152.0,H,2025,26.37,3.74,2577941.18,6201010.25,,,,,,,,
2025-12-28,Gabon,Mozambique,2.0,3.0,African Cup of Nations,True,1565.6,1502.3,63.3,A,2025,,,,,,,,,,,,
2025-12-28,Ivory Coast,Cameroon,1.0,1.0,African Cup of Nations,True,1739.1,1683.1,55.9,D,2025,25.27,4.55,8950000.0,10362707.86,,,,,,,,
2025-12-29,Morocco,Zambia,3.0,0.0,African Cup of Nations,False,1935.7,1555.6,480.1,H,2025,26.36,4.37,6110694.44,12153534.13,,,,,,,,
2025-12-29,Comoros,Mali,0.0,0.0,African Cup of Nations,True,1473.4,1737.0,-263.6,D,2025,,,,,,,,,,,,
2025-12-29,Angola,Egypt,0.0,0.0,African Cup of Nations,True,1573.0,1749.5,-176.5,D,2025,,,,,27.91,3.55,966176.47,935628.18,,,,
2025-12-29,Zimbabwe,South Africa,2.0,3.0,African Cup of Nations,True,1453.1,1676.7,-223.6,A,2025,,,,,26.5,3.82,798437.5,571215.04,,,,
2025-12-30,Botswana,DR Congo,0.0,3.0,African Cup of Nations,True,1413.7,1756.5,-342.7,A,2025,,,,,25.61,4.18,3821000.0,4909366.97,,,,
2025-12-30,Benin,Senegal,0.0,3.0,African Cup of Nations,True,1558.3,1908.5,-350.2,A,2025,,,,,24.35,4.48,7898000.0,9470147.62,,,,
2025-12-30,Tanzania,Tunisia,1.0,1.0,African Cup of Nations,True,1426.8,1751.1,-324.3,D,2025,,,,,27.03,4.22,1931410.26,2314334.64,,,,
2025-12-30,Uganda,Nigeria,1.0,3.0,African Cup of Nations,True,1526.9,1779.0,-252.1,A,2025,,,,,,,,,,,,
2025-12-31,Mozambique,Cameroon,1.0,2.0,African Cup of Nations,True,1531.8,1687.1,-155.4,A,2025,,,,,,,,,,,,
2025-12-31,Gabon,Ivory Coast,2.0,3.0,African Cup of Nations,True,1536.1,1735.1,-199.0,A,2025,,,,,25.27,4.55,8950000.0,10362707.86,,,,
2025-12-31,Sudan,Burkina Faso,0.0,2.0,African Cup of Nations,True,1499.9,1680.2,-180.3,A,2025,,,,,,,,,,,,
2025-12-31,Equatorial Guinea,Algeria,1.0,3.0,African Cup of Nations,True,1446.7,1861.6,-414.9,A,2025,,,,,26.37,3.74,2577941.18,6201010.25,,,,
2026-01-03,Senegal,Sudan,3.0,1.0,African Cup of Nations,True,1918.8,1480.3,438.6,H,2026,26.73,5.42,18388461.54,15984591.79,,,,,,,,
2026-01-03,Mali,Tunisia,1.0,1.0,African Cup of Nations,True,1721.0,1732.8,-11.8,D,2026,,,,,26.27,4.0,2690384.62,3077149.63,,,,
2026-01-04,Morocco,Tanzania,1.0,0.0,African Cup of Nations,False,1940.9,1445.1,595.8,H,2026,26.15,4.77,17219230.77,18057770.95,,,,,,,,
2026-01-04,South Africa,Cameroon,1.0,2.0,African Cup of Nations,True,1687.5,1701.6,-14.2,A,2026,26.35,4.15,1894230.77,1469780.66,,,,,,,,
2026-01-05,Egypt,Benin,3.0,1.0,African Cup of Nations,True,1737.8,1548.0,189.8,H,2026,28.69,4.35,4479807.69,9968865.04,,,,,,,,
2026-01-05,Nigeria,Mozambique,4.0,0.0,African Cup of Nations,True,1793.2,1517.3,276.0,H,2026,,,,,,,,,,,,
2026-01-06,Ivory Coast,Burkina Faso,3.0,0.0,African Cup of Nations,True,1747.2,1699.8,47.3,H,2026,25.38,3.74,20080769.23,19199199.09,,,,,,,,
2026-01-06,Algeria,DR Congo,1.0,0.0,African Cup of Nations,True,1867.9,1767.1,100.8,H,2026,26.5,3.52,9880769.23,11767843.06,28.54,3.57,5534615.38,8229131.76,-2.039999999999999,-0.04999999999999982,4346153.850000001,3538711.3000000007
2026-01-09,Mali,Senegal,0.0,1.0,African Cup of Nations,True,1721.8,1924.4,-202.6,A,2026,,,,,26.73,5.42,18388461.54,15984591.79,,,,
2026-01-09,Morocco,Cameroon,2.0,0.0,African Cup of Nations,False,1942.5,1725.6,316.8,H,2026,26.15,4.77,17219230.77,18057770.95,,,,,,,,
2026-01-10,Algeria,Nigeria,0.0,2.0,African Cup of Nations,True,1885.9,1809.1,76.8,A,2026,26.5,3.52,9880769.23,11767843.06,,,,,,,,
2026-01-10,Egypt,Ivory Coast,3.0,2.0,African Cup of Nations,True,1756.7,1785.0,-28.3,H,2026,28.69,4.35,4479807.69,9968865.04,25.38,3.74,20080769.23,19199199.09,3.3100000000000023,0.6099999999999994,-15600961.54,-9230334.05
2026-01-14,Senegal,Egypt,1.0,0.0,African Cup of Nations,True,1936.3,1783.7,152.6,H,2026,26.73,5.42,18388461.54,15984591.79,28.69,4.35,4479807.69,9968865.04,-1.9600000000000009,1.0700000000000003,13908653.849999998,6015726.75
2026-01-14,Morocco,Nigeria,0.0,0.0,African Cup of Nations,False,1952.9,1854.8,198.1,D,2026,26.15,4.77,17219230.77,18057770.95,,,,,,,,
2026-01-17,Egypt,Nigeria,0.0,0.0,African Cup of Nations,True,1769.0,1867.7,-98.6,D,2026,28.69,4.35,4479807.69,9968865.04,,,,,,,,
2026-01-18,Grenada,Jamaica,0.0,1.0,Friendly,False,1321.5,1675.5,-254.0,A,2026,,,,,,,,,,,,
2026-01-18,Morocco,Senegal,3.0,0.0,African Cup of Nations,False,1940.0,1950.9,89.1,H,2026,26.15,4.77,17219230.77,18057770.95,26.73,5.42,18388461.54,15984591.79,-0.5800000000000018,-0.6500000000000004,-1169230.7699999996,2073179.1600000001
2026-01-18,Bolivia,Panama,1.0,1.0,Friendly,False,1753.6,1869.9,-16.2,D,2026,,,,,30.08,3.69,1328846.15,1669000.34,,,,
2026-01-22,Panama,Mexico,0.0,1.0,Friendly,False,1869.4,1943.2,26.2,A,2026,30.08,3.69,1328846.15,1669000.34,27.54,4.53,7378846.15,4626889.91,2.539999999999999,-0.8400000000000003,-6050000.0,-2957889.5700000003
2026-01-25,Bolivia,Mexico,0.0,1.0,Friendly,False,1754.1,1953.9,-99.8,A,2026,,,,,27.54,4.53,7378846.15,4626889.91,,,,
2026-01-26,Uzbekistan,China,2.0,2.0,Friendly,True,1841.7,1526.2,315.6,D,2026,27.77,4.17,3274038.46,9496007.46,,,,,,,,
2026-02-25,Mexico,Iceland,4.0,0.0,Friendly,False,1961.1,1623.5,437.7,H,2026,27.54,4.53,7378846.15,4626889.91,,,,,,,,
2026-03-15,Bolivia,Trinidad and Tobago,3.0,0.0,Friendly,False,1746.9,1563.0,283.9,H,2026,,,,,,,,,,,,
2026-03-25,Bermuda,DR Congo,0.0,2.0,Friendly,True,1306.7,1749.2,-442.5,A,2026,,,,,28.54,3.57,5534615.38,8229131.76,,,,
2026-03-25,Equatorial Guinea,Kyrgyzstan,1.0,0.0,Friendly,True,1440.4,1476.4,-35.9,H,2026,,,,,,,,,,,,
2026-03-25,Kazakhstan,Namibia,2.0,0.0,FIFA Series,False,1484.6,1433.3,151.3,H,2026,,,,,,,,,,,,
2026-03-25,United States Virgin Islands,American Samoa,5.0,2.0,FIFA Series,True,937.5,993.3,-55.8,H,2026,,,,,,,,,,,,
2026-03-25,Puerto Rico,Guam,4.0,0.0,FIFA Series,False,1352.1,969.2,482.9,H,2026,,,,,,,,,,,,
2026-03-26,Czech Republic,Republic of Ireland,2.0,2.0,FIFA World Cup qualification,False,1786.1,1744.9,141.1,D,2026,27.23,3.96,7237500.0,6054890.15,,,,,,,,
2026-03-26,Tanzania,Liechtenstein,0.0,1.0,FIFA Series,True,1443.6,968.5,475.0,A,2026,,,,,,,,,,,,
2026-03-26,Aruba,Macau,4.0,1.0,FIFA Series,True,1189.9,846.8,343.1,H,2026,,,,,,,,,,,,
2026-03-26,Martinique,Cuba,2.0,2.0,CONCACAF Series,True,1498.3,1402.3,96.0,D,2026,,,,,,,,,,,,
2026-03-26,Bonaire,Saint Vincent and the Grenadines,3.0,1.0,CONCACAF Series,False,1128.9,1377.3,-148.3,H,2026,,,,,,,,,,,,
2026-03-26,Saint Martin,Barbados,3.0,1.0,CONCACAF Series,True,1271.4,1143.0,128.4,H,2026,,,,,,,,,,,,
2026-03-26,Bahamas,Anguilla,1.0,3.0,CONCACAF Series,True,980.5,885.5,95.0,A,2026,,,,,,,,,,,,
2026-03-26,Cayman Islands,British Virgin Islands,1.0,1.0,CONCACAF Series,False,1046.9,982.0,164.8,D,2026,,,,,,,,,,,,
2026-03-26,Turkey,Romania,1.0,0.0,FIFA World Cup qualification,False,1936.3,1701.9,334.4,H,2026,27.23,3.88,18219230.77,21588138.11,,,,,,,,
2026-03-26,Dominican Republic,El Salvador,2.0,2.0,CONCACAF Series,False,1488.7,1473.3,115.5,D,2026,,,,,,,,,,,,
2026-03-26,Slovakia,Kosovo,3.0,4.0,FIFA World Cup qualification,False,1744.0,1769.9,74.1,A,2026,,,,,,,,,,,,
2026-03-26,Denmark,North Macedonia,4.0,0.0,FIFA World Cup qualification,False,1921.0,1651.0,369.9,H,2026,,,,,,,,,,,,
2026-03-26,Poland,Albania,2.0,1.0,FIFA World Cup qualification,False,1792.4,1720.8,171.7,H,2026,,,,,,,,,,,,
2026-03-26,Colombia,Croatia,1.0,2.0,Friendly,True,2079.9,1987.2,92.7,A,2026,29.62,3.79,11628846.15,14336144.3,27.92,4.75,14896153.85,17869279.2,1.6999999999999993,-0.96,-3267307.6999999993,-3533134.8999999985
2026-03-26,Cyprus,Belarus,0.0,1.0,Friendly,False,1356.7,1552.9,-96.3,A,2026,,,,,,,,,,,,
2026-03-26,Ukraine,Sweden,1.0,3.0,FIFA World Cup qualification,True,1862.7,1716.9,145.7,A,2026,,,,,27.25,3.49,16594791.67,20760910.76,,,,
2026-03-26,Moldova,Lithuania,0.0,2.0,Friendly,False,1338.9,1331.3,107.5,A,2026,,,,,,,,,,,,
2026-03-26,Vietnam,Bangladesh,3.0,0.0,Friendly,False,1465.0,1126.8,438.2,H,2026,,,,,,,,,,,,
2026-03-26,Georgia,Israel,2.0,2.0,Friendly,False,1704.6,1682.7,121.8,D,2026,,,,,,,,,,,,
2026-03-26,Bolivia,Suriname,2.0,1.0,FIFA World Cup qualification,True,1752.6,1602.8,149.9,H,2026,,,,,,,,,,,,
2026-03-26,Brazil,France,1.0,2.0,Friendly,True,2053.1,2120.5,-67.3,A,2026,28.85,4.61,35700000.0,32057640.39,26.58,3.7,58576923.08,43627067.35,2.270000000000003,0.9100000000000001,-22876923.08,-11569426.96
2026-03-26,Italy,Northern Ireland,2.0,0.0,FIFA World Cup qualification,False,1918.5,1655.1,363.4,H,2026,,,,,,,,,,,,
2026-03-26,Wales,Bosnia and Herzegovina,1.0,1.0,FIFA World Cup qualification,False,1774.2,1625.4,248.9,D,2026,,,,,26.04,4.84,5630769.23,6967991.06,,,,
2026-03-26,New Caledonia,Jamaica,0.0,1.0,FIFA World Cup qualification,True,1615.7,1679.3,-63.5,A,2026,,,,,,,,,,,,
2026-03-27,Indonesia,Saint Kitts and Nevis,4.0,0.0,FIFA Series,False,1488.4,1237.2,351.2,H,2026,,,,,,,,,,,,
2026-03-27,China,Curaçao,2.0,0.0,FIFA Series,True,1533.4,1644.0,-110.6,H,2026,,,,,27.54,3.95,991346.15,1069820.76,,,,
2026-03-27,Australia,Cameroon,1.0,0.0,FIFA Series,False,1895.8,1715.2,280.6,H,2026,26.88,4.87,2978846.15,3656032.24,,,,,,,,
2026-03-27,Azerbaijan,Saint Lucia,6.0,1.0,FIFA Series,False,1398.1,1225.4,272.7,H,2026,,,,,,,,,,,,
2026-03-27,Solomon Islands,Bulgaria,2.0,10.0,FIFA Series,True,1430.3,1508.9,-78.6,A,2026,,,,,,,,,,,,
2026-03-27,Chile,Cape Verde,4.0,2.0,FIFA Series,True,1807.5,1675.9,131.6,H,2026,,,,,29.32,4.81,2170000.0,3457050.77,,,,
2026-03-27,Guyana,Dominica,2.0,0.0,CONCACAF Series,True,1472.8,1164.0,308.8,H,2026,,,,,,,,,,,,
2026-03-27,Kenya,Estonia,1.0,1.0,FIFA Series,True,1459.8,1416.0,43.7,D,2026,,,,,,,,,,,,
2026-03-27,Rwanda,Grenada,4.0,0.0,FIFA Series,False,1418.7,1317.8,201.0,H,2026,,,,,,,,,,,,
2026-03-27,Venezuela,Trinidad and Tobago,4.0,1.0,FIFA Series,True,1800.7,1557.3,243.4,H,2026,,,,,,,,,,,,
2026-03-27,Uzbekistan,Gabon,3.0,1.0,FIFA Series,False,1834.5,1524.0,410.5,H,2026,27.77,4.17,3274038.46,9496007.46,,,,,,,,
2026-03-27,Iran,Nigeria,1.0,2.0,Friendly,True,1880.5,1860.7,19.8,A,2026,29.85,4.16,1232692.31,913040.39,,,,,,,,
2026-03-27,Belize,Sint Maarten,2.0,3.0,CONCACAF Series,True,1314.5,1287.1,27.4,A,2026,,,,,,,,,,,,
2026-03-27,New Zealand,Finland,0.0,2.0,FIFA Series,False,1753.5,1563.1,290.4,A,2026,27.81,4.52,1319230.77,1290727.06,,,,,,,,
2026-03-27,Costa Rica,Jordan,2.0,2.0,Friendly,True,1765.6,1783.8,-18.2,D,2026,,,,,28.04,4.07,780769.23,1854144.37,,,,
2026-03-27,South Africa,Panama,1.0,1.0,Friendly,False,1663.5,1858.7,-95.2,D,2026,26.35,4.15,1894230.77,1469780.66,30.08,3.69,1328846.15,1669000.34,-3.729999999999997,0.4600000000000004,565384.6200000001,-199219.68000000017
2026-03-27,Russia,Nicaragua,3.0,1.0,Friendly,False,1841.8,1501.7,440.1,H,2026,,,,,,,,,,,,
2026-03-27,Algeria,Guatemala,7.0,0.0,Friendly,True,1840.2,1676.0,164.3,H,2026,26.5,3.52,9880769.23,11767843.06,,,,,,,,
2026-03-27,Argentina,Mauritania,2.0,1.0,Friendly,False,2184.9,1427.8,857.1,H,2026,28.69,4.29,31057692.31,29247066.56,,,,,,,,
2026-03-27,Austria,Ghana,5.0,1.0,Friendly,False,1872.7,1626.9,345.8,H,2026,27.87,3.62,9930434.78,8909127.45,26.5,3.92,9013461.54,15189872.37,1.370000000000001,-0.2999999999999998,916973.2400000002,-6280744.92
2026-03-27,England,Uruguay,1.0,1.0,Friendly,False,2104.0,1971.9,232.1,D,2026,26.77,4.02,52238461.54,33692136.46,28.23,3.32,13819230.77,17724950.24,-1.4600000000000009,0.6999999999999997,38419230.769999996,15967186.220000003
2026-03-27,Switzerland,Germany,3.0,4.0,Friendly,False,1958.9,1979.3,79.6,A,2026,27.81,3.75,12788461.54,12542890.32,27.69,4.7,36423076.92,27245215.64,0.11999999999999744,-0.9500000000000002,-23634615.380000003,-14702325.32
2026-03-27,Guinea,Togo,2.0,2.0,"Morocco, Capital of African Football",True,1609.8,1456.9,152.8,D,2026,,,,,,,,,,,,
2026-03-27,Liberia,Benin,0.0,1.0,"Morocco, Capital of African Football",True,1435.9,1529.2,-93.4,A,2026,,,,,,,,,,,,
2026-03-27,Greece,Paraguay,0.0,1.0,Friendly,False,1818.3,1913.9,4.4,A,2026,,,,,28.62,4.6,5909615.38,6632843.97,,,,
2026-03-27,Montenegro,Andorra,2.0,0.0,Friendly,False,1498.8,1143.1,455.7,H,2026,,,,,,,,,,,,
2026-03-27,Morocco,Ecuador,1.0,1.0,Friendly,True,1972.8,2018.7,-45.9,D,2026,26.15,4.77,17219230.77,18057770.95,25.65,4.33,14180769.23,24510406.26,0.5,0.4399999999999995,3038461.539999999,-6452635.310000002
2026-03-27,Netherlands,Norway,2.0,1.0,Friendly,False,2017.4,1974.2,143.2,H,2026,27.42,3.71,29007692.31,18376027.93,26.35,3.01,22688461.54,38295484.04,1.0700000000000003,0.7000000000000002,6319230.77,-19919456.11
2026-03-27,Saudi Arabia,Egypt,0.0,4.0,Friendly,False,1708.7,1775.9,32.7,A,2026,28.0,3.51,1564423.08,1910612.73,28.69,4.35,4479807.69,9968865.04,-0.6900000000000013,-0.8399999999999999,-2915384.6100000003,-8058252.309999999
2026-03-27,Spain,Serbia,3.0,0.0,Friendly,False,2232.0,1830.5,501.5,H,2026,26.31,3.96,47030769.23,41369170.7,,,,,,,,
2026-03-27,Libya,Niger,0.0,0.0,"Morocco, Capital of African Football",True,1535.1,1526.3,8.7,D,2026,,,,,,,,,,,,
2026-03-28,United States,Belgium,2.0,5.0,Friendly,False,1855.1,1907.2,47.9,A,2026,26.42,3.38,14832692.31,12292969.71,27.15,4.96,21057692.31,15504891.86,-0.7299999999999969,-1.58,-6224999.999999998,-3211922.1499999985
2026-03-28,American Samoa,Guam,0.0,6.0,FIFA Series,True,962.9,965.9,-3.0,A,2026,,,,,,,,,,,,
2026-03-28,Namibia,Comoros,0.0,0.0,FIFA Series,True,1420.0,1489.4,-69.4,D,2026,,,,,,,,,,,,
2026-03-28,Puerto Rico,United States Virgin Islands,2.0,0.0,FIFA Series,False,1355.4,967.9,487.4,H,2026,,,,,,,,,,,,
2026-03-28,Botswana,Zimbabwe,0.0,3.0,Mukuru 4 Nations,False,1403.0,1442.3,60.8,A,2026,,,,,,,,,,,,
2026-03-28,Kyrgyzstan,Madagascar,2.0,5.0,Friendly,True,1465.3,1496.9,-31.5,A,2026,,,,,,,,,,,,
2026-03-28,Senegal,Peru,2.0,0.0,Friendly,True,1918.2,1775.2,143.0,H,2026,26.73,5.42,18388461.54,15984591.79,,,,,,,,
2026-03-28,Haiti,Tunisia,0.0,1.0,Friendly,True,1705.3,1731.9,-26.7,A,2026,27.0,4.06,2150000.0,4383990.76,26.27,4.0,2690384.62,3077149.63,0.7300000000000004,0.05999999999999961,-540384.6200000001,1306841.13
2026-03-28,San Marino,Faroe Islands,1.0,2.0,Friendly,False,913.3,1435.2,-421.9,A,2026,,,,,,,,,,,,
2026-03-28,Mexico,Portugal,0.0,0.0,Friendly,False,1963.9,2026.6,37.3,D,2026,27.54,4.53,7378846.15,4626889.91,27.62,4.2,38673076.92,34532298.79,-0.08000000000000185,0.33000000000000007,-31294230.770000003,-29905408.88
2026-03-28,Ivory Coast,South Korea,4.0,0.0,Friendly,True,1757.9,1906.3,-148.3,H,2026,25.38,3.74,20080769.23,19199199.09,27.5,3.63,5348076.92,6790002.28,-2.120000000000001,0.11000000000000032,14732692.31,12409196.809999999
2026-03-28,Hungary,Slovenia,1.0,0.0,Friendly,False,1753.5,1749.3,104.1,H,2026,,,,,,,,,,,,
2026-03-28,Canada,Iceland,2.0,2.0,Friendly,False,1910.2,1620.7,389.6,D,2026,26.54,3.34,7640384.62,9660924.66,,,,,,,,
2026-03-28,Burkina Faso,Guinea-Bissau,5.0,0.0,Friendly,False,1662.0,1355.7,406.3,H,2026,,,,,,,,,,,,
2026-03-28,Scotland,Japan,0.0,1.0,Friendly,False,1844.7,1966.0,-21.4,A,2026,28.73,4.8,6548076.92,8296598.94,26.96,3.85,10417307.69,8885045.15,1.7699999999999996,0.9499999999999997,-3869230.7699999996,-588446.21
2026-03-29,Cayman Islands,Bahamas,1.0,0.0,CONCACAF Series,False,1040.2,952.0,188.2,H,2026,,,,,,,,,,,,
2026-03-29,British Virgin Islands,Anguilla,4.0,0.0,CONCACAF Series,True,988.6,914.0,74.6,H,2026,,,,,,,,,,,,
2026-03-29,Bonaire,Saint Martin,0.0,3.0,CONCACAF Series,False,1160.5,1285.9,-25.4,A,2026,,,,,,,,,,,,
2026-03-29,Barbados,Saint Vincent and the Grenadines,2.0,3.0,CONCACAF Series,True,1128.4,1345.7,-217.3,A,2026,,,,,,,,,,,,
2026-03-29,Dominican Republic,Cuba,1.0,1.0,CONCACAF Series,False,1483.9,1406.3,177.6,D,2026,,,,,,,,,,,,
2026-03-29,Aruba,Liechtenstein,4.0,1.0,FIFA Series,True,1196.3,996.7,199.6,H,2026,,,,,,,,,,,,
2026-03-29,Macau,Tanzania,0.0,6.0,FIFA Series,True,840.4,1415.4,-574.9,A,2026,,,,,,,,,,,,
2026-03-29,Lithuania,Georgia,0.0,2.0,Friendly,False,1350.8,1701.2,-250.3,A,2026,,,,,,,,,,,,
2026-03-29,Colombia,France,1.0,3.0,Friendly,True,2067.3,2128.6,-61.3,A,2026,29.62,3.79,11628846.15,14336144.3,26.58,3.7,58576923.08,43627067.35,3.0400000000000027,0.08999999999999986,-46948076.93,-29290923.05
2026-03-29,Armenia,Belarus,1.0,2.0,Friendly,False,1443.0,1560.2,-17.2,A,2026,,,,,,,,,,,,
2026-03-29,Martinique,El Salvador,0.0,1.0,CONCACAF Series,True,1494.2,1478.1,16.2,A,2026,,,,,,,,,,,,
2026-03-30,Rwanda,Estonia,2.0,0.0,FIFA Series,False,1432.2,1417.9,114.3,H,2026,,,,,,,,,,,,
2026-03-30,Guyana,Belize,3.0,1.0,CONCACAF Series,True,1479.3,1298.3,180.9,H,2026,,,,,,,,,,,,
2026-03-30,Dominica,Sint Maarten,0.0,0.0,CONCACAF Series,True,1157.5,1303.3,-145.8,D,2026,,,,,,,,,,,,
2026-03-30,Uzbekistan,Venezuela,0.0,0.0,FIFA Series,False,1838.4,1811.1,127.3,D,2026,27.77,4.17,3274038.46,9496007.46,,,,,,,,
2026-03-30,Gabon,Trinidad and Tobago,2.0,2.0,FIFA Series,True,1520.1,1546.9,-26.8,D,2026,,,,,,,,,,,,
2026-03-30,Grenada,Kenya,0.0,3.0,FIFA Series,True,1304.3,1457.9,-153.6,A,2026,,,,,,,,,,,,
2026-03-30,Germany,Ghana,2.0,1.0,Friendly,False,1991.6,1622.4,469.2,H,2026,27.69,4.7,36423076.92,27245215.64,26.5,3.92,9013461.54,15189872.37,1.1900000000000013,0.7800000000000002,27409615.380000003,12055343.270000001
2026-03-30,Cape Verde,Finland,1.0,1.0,FIFA Series,True,1661.6,1601.0,60.6,D,2026,29.32,4.81,2170000.0,3457050.77,,,,,,,,
2026-03-30,Indonesia,Bulgaria,0.0,1.0,FIFA Series,False,1495.0,1536.6,58.4,A,2026,,,,,,,,,,,,
2026-03-30,Saint Kitts and Nevis,Solomon Islands,4.0,2.0,FIFA Series,True,1230.6,1402.6,-172.0,H,2026,,,,,,,,,,,,
2026-03-30,Azerbaijan,Sierra Leone,1.0,1.0,FIFA Series,False,1408.5,1475.9,32.6,D,2026,,,,,,,,,,,,
2026-03-30,Cyprus,Moldova,3.0,2.0,Friendly,False,1349.4,1319.4,130.0,H,2026,,,,,,,,,,,,
2026-03-30,New Zealand,Chile,4.0,1.0,FIFA Series,False,1715.6,1821.9,-6.3,H,2026,27.81,4.52,1319230.77,1290727.06,,,,,,,,
2026-03-31,Russia,Mali,0.0,0.0,Friendly,False,1844.0,1709.9,234.0,D,2026,,,,,,,,,,,,
2026-03-31,Republic of Ireland,North Macedonia,0.0,0.0,Friendly,False,1752.6,1643.1,209.6,D,2026,,,,,,,,,,,,
2026-03-31,Senegal,Gambia,3.0,1.0,Friendly,False,1927.3,1544.1,483.2,H,2026,26.73,5.42,18388461.54,15984591.79,,,,,,,,
2026-03-31,United States,Portugal,0.0,2.0,Friendly,False,1835.2,2027.7,-92.5,A,2026,26.42,3.38,14832692.31,12292969.71,27.62,4.2,38673076.92,34532298.79,-1.1999999999999993,-0.8200000000000003,-23840384.61,-22239329.08
2026-03-31,Slovakia,Romania,2.0,0.0,Friendly,False,1719.8,1696.8,122.9,H,2026,,,,,,,,,,,,
2026-03-31,South Africa,Panama,1.0,2.0,Friendly,False,1666.2,1856.0,-89.8,A,2026,26.35,4.15,1894230.77,1469780.66,30.08,3.69,1328846.15,1669000.34,-3.729999999999997,0.4600000000000004,565384.6200000001,-199219.68000000017
2026-03-31,Spain,Egypt,0.0,0.0,Friendly,False,2233.8,1796.4,537.4,D,2026,26.31,3.96,47030769.23,41369170.7,28.69,4.35,4479807.69,9968865.04,-2.3800000000000026,-0.3899999999999997,42550961.54,31400305.660000004
2026-03-31,Ukraine,Albania,1.0,0.0,Friendly,True,1820.8,1709.9,110.8,H,2026,,,,,,,,,,,,
2026-03-31,Wales,Northern Ireland,1.0,1.0,Friendly,False,1762.0,1648.5,213.4,D,2026,,,,,,,,,,,,
2026-03-31,Serbia,Saudi Arabia,2.0,1.0,Friendly,False,1828.7,1688.2,240.5,H,2026,,,,,28.0,3.51,1564423.08,1910612.73,,,,
2026-03-31,Iraq,Bolivia,2.0,1.0,FIFA World Cup qualification,True,1716.8,1764.5,-47.7,H,2026,26.46,3.7,815384.62,706973.4,,,,,,,,
2026-03-31,Bosnia and Herzegovina,Italy,1.0,1.0,FIFA World Cup qualification,False,1637.7,1925.1,-187.4,D,2026,26.04,4.84,5630769.23,6967991.06,,,,,,,,
2026-03-31,Sweden,Poland,3.0,2.0,FIFA World Cup qualification,False,1758.8,1803.3,55.5,H,2026,27.25,3.49,16594791.67,20760910.76,,,,,,,,
2026-03-31,Kosovo,Turkey,0.0,1.0,FIFA World Cup qualification,False,1794.1,1941.4,-47.3,A,2026,,,,,27.23,3.88,18219230.77,21588138.11,,,,
2026-03-31,Czech Republic,Denmark,2.0,2.0,FIFA World Cup qualification,False,1778.4,1928.9,-50.6,D,2026,27.23,3.96,7237500.0,6054890.15,,,,,,,,
2026-03-31,Cameroon,China,2.0,0.0,FIFA Series,True,1710.2,1562.8,147.4,H,2026,,,,,,,,,,,,
2026-03-31,Australia,Curaçao,5.0,1.0,FIFA Series,False,1900.8,1614.5,386.2,H,2026,26.88,4.87,2978846.15,3656032.24,27.54,3.95,991346.15,1069820.76,-0.6600000000000001,0.9199999999999999,1987500.0,2586211.4800000004
2026-03-31,Kazakhstan,Comoros,1.0,0.0,FIFA Series,False,1497.9,1486.4,111.5,H,2026,,,,,,,,,,,,
2026-03-31,Peru,Honduras,2.0,2.0,Friendly,True,1766.0,1711.2,54.8,D,2026,,,,,,,,,,,,
2026-03-31,DR Congo,Jamaica,1.0,0.0,FIFA World Cup qualification,True,1751.4,1695.6,55.7,H,2026,28.54,3.57,5534615.38,8229131.76,,,,,,,,
2026-03-31,Norway,Switzerland,0.0,0.0,Friendly,False,1968.1,1946.7,121.5,D,2026,26.35,3.01,22688461.54,38295484.04,27.81,3.75,12788461.54,12542890.32,-1.4599999999999973,-0.7400000000000002,9900000.0,25752593.72
2026-03-31,San Marino,Andorra,0.0,0.0,Friendly,False,911.7,1141.1,-129.4,D,2026,,,,,,,,,,,,
2026-03-31,Netherlands,Ecuador,1.0,1.0,Friendly,False,2023.5,2017.4,106.1,D,2026,27.42,3.71,29007692.31,18376027.93,25.65,4.33,14180769.23,24510406.26,1.7700000000000031,-0.6200000000000001,14826923.079999998,-6134378.330000002
2026-03-31,Argentina,Zambia,5.0,0.0,Friendly,False,2185.0,1550.4,734.6,H,2026,28.69,4.29,31057692.31,29247066.56,,,,,,,,
2026-03-31,Austria,South Korea,1.0,0.0,Friendly,False,1877.2,1880.0,97.3,H,2026,27.87,3.62,9930434.78,8909127.45,27.5,3.63,5348076.92,6790002.28,0.370000000000001,-0.009999999999999787,4582357.859999999,2119125.169999999
2026-03-31,Benin,Guinea,1.0,0.0,"Morocco, Capital of African Football",True,1540.3,1603.5,-63.3,H,2026,,,,,,,,,,,,
2026-03-31,Brazil,Croatia,3.0,1.0,Friendly,True,2045.1,1999.8,45.2,H,2026,28.85,4.61,35700000.0,32057640.39,27.92,4.75,14896153.85,17869279.2,0.9299999999999997,-0.13999999999999968,20803846.15,14188361.190000001
2026-03-31,Burkina Faso,Guinea-Bissau,1.0,1.0,Friendly,False,1665.5,1352.2,413.3,D,2026,,,,,,,,,,,,
2026-03-31,Canada,Tunisia,0.0,0.0,Friendly,False,1902.2,1741.2,261.0,D,2026,26.54,3.34,7640384.62,9660924.66,26.27,4.0,2690384.62,3077149.63,0.2699999999999996,-0.6600000000000001,4950000.0,6583775.03
2026-03-31,Costa Rica,Iran,0.0,5.0,Friendly,True,1766.2,1870.0,-103.8,A,2026,,,,,29.85,4.16,1232692.31,913040.39,,,,
2026-03-31,England,Japan,0.0,1.0,Friendly,False,2098.2,1975.4,222.8,A,2026,26.77,4.02,52238461.54,33692136.46,26.96,3.85,10417307.69,8885045.15,-0.19000000000000128,0.16999999999999948,41821153.85,24807091.310000002
2026-03-31,Equatorial Guinea,Madagascar,1.0,1.0,Friendly,True,1451.5,1512.8,-61.3,D,2026,,,,,,,,,,,,
2026-03-31,Algeria,Uruguay,0.0,0.0,Friendly,True,1852.8,1977.8,-125.0,D,2026,26.5,3.52,9880769.23,11767843.06,28.23,3.32,13819230.77,17724950.24,-1.7300000000000004,0.20000000000000018,-3938461.539999999,-5957107.179999998
2026-03-31,Hungary,Greece,0.0,0.0,Friendly,False,1760.6,1808.2,52.4,D,2026,,,,,,,,,,,,
2026-03-31,Ivory Coast,Scotland,1.0,0.0,Friendly,True,1784.2,1835.3,-51.0,H,2026,25.38,3.74,20080769.23,19199199.09,28.73,4.8,6548076.92,8296598.94,-3.3500000000000014,-1.0599999999999996,13532692.31,10902600.149999999
2026-03-31,Jordan,Nigeria,2.0,2.0,Friendly,True,1783.3,1871.3,-88.0,D,2026,28.04,4.07,780769.23,1854144.37,,,,,,,,
2026-03-31,Liberia,Libya,2.0,2.0,"Morocco, Capital of African Football",True,1424.8,1534.7,-109.9,D,2026,,,,,,,,,,,,
2026-03-31,Botswana,Malawi,1.0,0.0,Mukuru 4 Nations,False,1372.2,1458.9,13.3,H,2026,,,,,,,,,,,,
2026-03-31,Mexico,Belgium,1.0,1.0,Friendly,True,1962.9,1927.1,35.8,D,2026,27.54,4.53,7378846.15,4626889.91,27.15,4.96,21057692.31,15504891.86,0.39000000000000057,-0.4299999999999997,-13678846.159999998,-10878001.95
2026-03-31,Niger,Togo,0.0,1.0,"Morocco, Capital of African Football",True,1526.7,1463.1,63.6,A,2026,,,,,,,,,,,,
2026-03-31,Montenegro,Slovenia,2.0,3.0,Friendly,False,1500.9,1742.2,-141.4,A,2026,,,,,,,,,,,,
2026-03-31,Morocco,Paraguay,2.0,1.0,Friendly,True,1974.1,1924.0,50.0,H,2026,26.15,4.77,17219230.77,18057770.95,28.62,4.6,5909615.38,6632843.97,-2.4700000000000024,0.16999999999999993,11309615.39,11424926.98
2026-03-31,Haiti,Iceland,1.0,1.0,Friendly,True,1696.1,1628.8,67.3,D,2026,27.0,4.06,2150000.0,4383990.76,,,,,,,,
2026-05-16,Republic of Ireland,Grenada,5.0,0.0,Friendly,True,1747.2,1289.0,458.3,H,2026,,,,,,,,,,,,
2026-05-22,Mexico,Ghana,2.0,0.0,Friendly,False,1961.8,1621.2,440.7,H,2026,27.54,4.53,7378846.15,4626889.91,26.5,3.92,9013461.54,15189872.37,1.0399999999999991,0.6100000000000003,-1634615.3899999987,-10562982.459999999
2026-05-26,Morocco,Burundi,5.0,0.0,Friendly,False,1982.7,1387.5,695.1,H,2026,26.15,4.77,17219230.77,18057770.95,,,,,,,,
2026-05-26,Nigeria,Zimbabwe,2.0,0.0,Unity Cup,True,1868.8,1473.1,395.8,H,2026,,,,,,,,,,,,
2026-05-27,India,Jamaica,0.0,2.0,Unity Cup,True,1243.0,1678.8,-435.8,A,2026,,,,,,,,,,,,
2026-05-28,Egypt,Russia,1.0,0.0,Friendly,False,1805.6,1838.1,67.5,H,2026,28.69,4.35,4479807.69,9968865.04,,,,,,,,
2026-05-28,Republic of Ireland,Qatar,1.0,0.0,Friendly,False,1749.9,1570.6,279.3,H,2026,,,,,28.92,4.67,766346.15,1533753.92,,,,
2026-05-29,Andorra,Iraq,0.0,1.0,Friendly,True,1137.5,1739.5,-602.0,A,2026,,,,,26.46,3.7,815384.62,706973.4,,,,
2026-05-29,Bosnia and Herzegovina,North Macedonia,0.0,0.0,Friendly,False,1647.5,1648.5,99.1,D,2026,26.04,4.84,5630769.23,6967991.06,,,,,,,,
2026-05-29,Iran,Gambia,3.0,1.0,Friendly,True,1884.2,1542.3,341.8,H,2026,29.85,4.16,1232692.31,913040.39,,,,,,,,
2026-05-29,South Africa,Nicaragua,0.0,0.0,Friendly,False,1658.7,1499.5,259.2,D,2026,26.35,4.15,1894230.77,1469780.66,,,,,,,,
2026-05-30,Ecuador,Saudi Arabia,2.0,1.0,Friendly,True,2020.4,1684.2,336.2,H,2026,25.65,4.33,14180769.23,24510406.26,28.0,3.51,1564423.08,1910612.73,-2.3500000000000014,0.8200000000000003,12616346.15,22599793.53
2026-05-30,South Korea,Trinidad and Tobago,5.0,0.0,Friendly,True,1872.7,1545.8,326.9,H,2026,27.5,3.63,5348076.92,6790002.28,,,,,,,,
2026-05-30,Mexico,Australia,1.0,0.0,Friendly,True,1964.0,1906.3,57.8,H,2026,27.54,4.53,7378846.15,4626889.91,26.88,4.87,2978846.15,3656032.24,0.6600000000000001,-0.33999999999999986,4400000.0,970857.6699999999
2026-05-30,Scotland,Curaçao,4.0,1.0,Friendly,False,1823.8,1609.0,314.8,H,2026,28.73,4.8,6548076.92,8296598.94,27.54,3.95,991346.15,1069820.76,1.1900000000000013,0.8499999999999996,5556730.77,7226778.180000001
2026-05-30,Zimbabwe,India,1.0,0.0,Unity Cup,True,1468.9,1239.6,229.3,H,2026,,,,,,,,,,,,
2026-05-30,Nigeria,Jamaica,3.0,0.0,Unity Cup,True,1873.0,1682.2,190.8,H,2026,,,,,,,,,,,,
2026-05-31,Japan,Iceland,1.0,0.0,Friendly,False,1991.1,1630.7,460.4,H,2026,26.96,3.85,10417307.69,8885045.15,,,,,,,,
2026-05-31,United States,Senegal,3.0,2.0,Friendly,False,1824.1,1929.1,-5.0,H,2026,26.42,3.38,14832692.31,12292969.71,26.73,5.42,18388461.54,15984591.79,-0.3099999999999987,-2.04,-3555769.2299999986,-3691622.079999998
2026-05-31,Singapore,Mongolia,4.0,0.0,Friendly,False,1295.9,985.7,410.1,H,2026,,,,,,,,,,,,
2026-05-31,Poland,Ukraine,0.0,2.0,Friendly,False,1786.5,1827.7,58.8,A,2026,,,,,,,,,,,,
2026-05-31,Switzerland,Jordan,4.0,1.0,Friendly,False,1950.0,1785.8,264.3,H,2026,27.81,3.75,12788461.54,12542890.32,28.04,4.07,780769.23,1854144.37,-0.23000000000000043,-0.3200000000000003,12007692.309999999,10688745.95
2026-05-31,Czech Republic,Kosovo,2.0,1.0,Friendly,False,1781.2,1776.8,104.5,H,2026,27.23,3.96,7237500.0,6054890.15,,,,,,,,
2026-05-31,Cape Verde,Serbia,3.0,0.0,Friendly,True,1659.0,1832.7,-173.7,H,2026,29.32,4.81,2170000.0,3457050.77,,,,,,,,
2026-05-31,Brazil,Panama,6.0,2.0,Friendly,False,2058.1,1863.5,294.7,H,2026,28.85,4.61,35700000.0,32057640.39,30.08,3.69,1328846.15,1669000.34,-1.2299999999999969,0.9200000000000004,34371153.85,30388640.05
2026-05-31,Germany,Finland,4.0,0.0,Friendly,False,1992.9,1603.6,489.3,H,2026,27.69,4.7,36423076.92,27245215.64,,,,,,,,
2026-06-01,Maldives,Afghanistan,0.0,1.0,Diamond Jubilee International Football Tournament,False,1042.0,1222.8,-80.8,A,2026,,,,,,,,,,,,
2026-06-01,Slovakia,Malta,2.0,1.0,Friendly,False,1729.7,1331.6,498.1,H,2026,,,,,,,,,,,,
2026-06-01,Norway,Sweden,3.0,1.0,Friendly,False,1964.8,1775.6,289.1,H,2026,26.35,3.01,22688461.54,38295484.04,27.25,3.49,16594791.67,20760910.76,-0.8999999999999986,-0.4800000000000004,6093669.869999999,17534573.279999997
2026-06-01,Turkey,North Macedonia,4.0,0.0,Friendly,False,1958.7,1651.2,407.4,H,2026,27.23,3.88,18219230.77,21588138.11,,,,,,,,
2026-06-01,Canada,Uzbekistan,2.0,0.0,Friendly,False,1895.8,1833.1,162.7,H,2026,26.54,3.34,7640384.62,9660924.66,27.77,4.17,3274038.46,9496007.46,-1.2300000000000004,-0.8300000000000001,4366346.16,164917.19999999925
2026-06-01,Bulgaria,Montenegro,0.0,1.0,Friendly,False,1554.1,1494.7,159.4,A,2026,,,,,,,,,,,,
2026-06-01,Austria,Tunisia,1.0,0.0,Friendly,False,1884.5,1747.5,237.0,H,2026,27.87,3.62,9930434.78,8909127.45,26.27,4.0,2690384.62,3077149.63,1.6000000000000014,-0.3799999999999999,7240050.159999999,5831977.819999999
2026-06-01,Maldives,Pakistan,0.0,3.0,Diamond Jubilee International Football Tournament,False,1030.5,1023.3,107.2,A,2026,,,,,,,,,,,,
2026-06-01,Colombia,Costa Rica,3.0,1.0,Friendly,False,2054.9,1752.0,403.0,H,2026,29.62,3.79,11628846.15,14336144.3,,,,,,,,
2026-06-02,Croatia,Belgium,0.0,2.0,Friendly,False,1986.8,1928.1,158.6,A,2026,27.92,4.75,14896153.85,17869279.2,27.15,4.96,21057692.31,15504891.86,0.7700000000000031,-0.20999999999999996,-6161538.459999999,2364387.34
2026-06-02,Georgia,Romania,1.0,1.0,Friendly,False,1706.9,1686.9,120.0,D,2026,,,,,,,,,,,,
2026-06-02,Haiti,New Zealand,4.0,0.0,Friendly,True,1694.1,1742.3,-48.2,H,2026,27.0,4.06,2150000.0,4383990.76,27.81,4.52,1319230.77,1290727.06,-0.8099999999999987,-0.45999999999999996,830769.23,3093263.6999999997
2026-06-02,Morocco,Madagascar,4.0,0.0,Friendly,False,1983.4,1511.0,572.3,H,2026,26.15,4.77,17219230.77,18057770.95,,,,,,,,
2026-06-02,Wales,Ghana,1.0,1.0,Friendly,False,1756.5,1619.0,237.5,D,2026,,,,,26.5,3.92,9013461.54,15189872.37,,,,
2026-06-03,Philippines,Guam,5.0,1.0,Friendly,False,1327.1,997.5,429.6,H,2026,,,,,,,,,,,,
2026-06-03,Poland,Nigeria,2.0,2.0,Friendly,False,1768.9,1886.1,-17.2,D,2026,,,,,,,,,,,,
2026-06-03,Netherlands,Algeria,0.0,1.0,Friendly,False,2020.5,1856.3,264.2,A,2026,27.42,3.71,29007692.31,18376027.93,26.5,3.52,9880769.23,11767843.06,0.9200000000000017,0.18999999999999995,19126923.08,6608184.869999999
2026-06-03,Panama,Dominican Republic,4.0,2.0,Friendly,False,1857.6,1476.9,480.8,H,2026,30.08,3.69,1328846.15,1669000.34,,,,,,,,
2026-06-03,South Korea,El Salvador,1.0,0.0,Friendly,True,1878.0,1493.8,384.2,H,2026,27.5,3.63,5348076.92,6790002.28,,,,,,,,
2026-06-03,Gibraltar,British Virgin Islands,4.0,0.0,Friendly,False,1108.2,1010.8,197.3,H,2026,,,,,,,,,,,,
2026-06-03,DR Congo,Denmark,0.0,0.0,Friendly,True,1768.2,1926.1,-157.9,D,2026,28.54,3.57,5534615.38,8229131.76,,,,,,,,
2026-06-03,Albania,Israel,0.0,1.0,Friendly,False,1703.0,1686.1,116.9,A,2026,,,,,,,,,,,,
2026-06-03,Luxembourg,Italy,0.0,1.0,Friendly,False,1442.6,1915.2,-372.6,A,2026,,,,,,,,,,,,
2026-06-04,Sweden,Greece,2.0,2.0,Friendly,False,1770.9,1809.7,61.2,D,2026,27.25,3.49,16594791.67,20760910.76,,,,,,,,
2026-06-04,Spain,Iraq,1.0,1.0,Friendly,False,2224.7,1740.1,584.5,D,2026,26.31,3.96,47030769.23,41369170.7,26.46,3.7,815384.62,706973.4,-0.15000000000000213,0.2599999999999998,46215384.61,40662197.300000004
2026-06-04,Slovenia,Cyprus,1.0,1.0,Friendly,False,1748.4,1355.8,492.6,D,2026,,,,,,,,,,,,
2026-06-04,Mexico,Serbia,5.0,1.0,Friendly,False,1972.4,1807.1,265.3,H,2026,27.54,4.53,7378846.15,4626889.91,,,,,,,,
2026-06-04,Lesotho,Kenya,1.0,1.0,Friendly,True,1416.3,1473.2,-56.9,D,2026,,,,,,,,,,,,
2026-06-04,Northern Ireland,Guinea,1.0,0.0,Friendly,True,1654.0,1585.8,68.1,H,2026,,,,,,,,,,,,
2026-06-04,Guatemala,Czech Republic,1.0,5.0,Friendly,True,1663.4,1788.3,-125.0,A,2026,,,,,27.23,3.96,7237500.0,6054890.15,,,,
2026-06-04,France,Ivory Coast,1.0,2.0,Friendly,False,2141.0,1795.7,445.3,A,2026,26.58,3.7,58576923.08,43627067.35,25.38,3.74,20080769.23,19199199.09,1.1999999999999993,-0.040000000000000036,38496153.849999994,24427868.26
2026-06-04,Cambodia,Bhutan,4.0,0.0,Friendly,False,1048.0,865.2,282.7,H,2026,,,,,,,,,,,,
2026-06-04,Andorra,Liechtenstein,2.0,0.0,Friendly,False,1136.9,984.1,252.8,H,2026,,,,,,,,,,,,
2026-06-04,Iran,Mali,2.0,0.0,Friendly,True,1887.8,1715.8,172.0,H,2026,29.85,4.16,1232692.31,913040.39,,,,,,,,
2026-06-05,San Marino,Bangladesh,1.0,2.0,Friendly,False,915.3,1124.2,-108.9,A,2026,,,,,,,,,,,,
2026-06-05,Central African Republic,Togo,1.0,1.0,Friendly,True,1366.3,1480.9,-114.6,D,2026,,,,,,,,,,,,
2026-06-05,Benin,Niger,1.0,1.0,Friendly,True,1558.0,1509.0,49.0,D,2026,,,,,,,,,,,,
2026-06-05,Puerto Rico,Saudi Arabia,0.0,3.0,Friendly,True,1357.9,1681.6,-323.7,A,2026,,,,,28.0,3.51,1564423.08,1910612.73,,,,
2026-06-05,Thailand,Kuwait,2.0,2.0,Friendly,False,1534.1,1469.5,164.6,D,2026,,,,,,,,,,,,
2026-06-05,Tajikistan,India,3.0,1.0,Friendly,False,1439.2,1233.3,305.9,H,2026,,,,,,,,,,,,
2026-06-05,Slovakia,Montenegro,2.0,2.0,Friendly,False,1730.7,1509.0,321.7,D,2026,,,,,,,,,,,,
2026-06-05,Singapore,China,1.0,2.0,Friendly,False,1299.1,1549.3,-150.2,A,2026,,,,,,,,,,,,
2026-06-05,Paraguay,Nicaragua,4.0,0.0,Friendly,False,1915.5,1505.8,509.7,H,2026,28.62,4.6,5909615.38,6632843.97,,,,,,,,
2026-06-05,Russia,Burkina Faso,3.0,0.0,Friendly,False,1830.0,1657.2,272.8,H,2026,,,,,,,,,,,,
2026-06-05,Indonesia,Oman,3.0,0.0,Friendly,False,1477.5,1591.0,-13.5,H,2026,,,,,,,,,,,,
2026-06-05,Hungary,Finland,2.0,1.0,Friendly,False,1759.1,1601.5,257.6,H,2026,,,,,,,,,,,,
2026-06-05,Hong Kong,Mongolia,2.0,0.0,Friendly,False,1331.6,982.5,449.1,H,2026,,,,,,,,,,,,
2026-06-05,Haiti,Peru,1.0,2.0,Friendly,True,1715.5,1764.4,-49.0,A,2026,27.0,4.06,2150000.0,4383990.76,,,,,,,,
2026-06-05,Georgia,Bahrain,2.0,0.0,Friendly,False,1703.6,1545.6,258.0,H,2026,,,,,,,,,,,,
2026-06-05,Canada,Republic of Ireland,1.0,1.0,Friendly,False,1904.3,1753.3,251.0,D,2026,26.54,3.34,7640384.62,9660924.66,,,,,,,,
2026-06-05,Belarus,Syria,4.0,1.0,Friendly,False,1569.7,1612.4,57.3,H,2026,,,,,,,,,,,,
2026-06-05,Azerbaijan,Malta,0.0,2.0,Friendly,True,1407.1,1330.5,76.6,A,2026,,,,,,,,,,,,
2026-06-05,Angola,Mauritania,1.0,1.0,Friendly,True,1584.8,1427.6,157.1,D,2026,,,,,,,,,,,,
2026-06-05,Moldova,Bulgaria,2.0,2.0,Friendly,False,1313.0,1539.8,-126.8,D,2026,,,,,,,,,,,,
2026-06-06,Kyrgyzstan,Palestine,0.0,0.0,Friendly,False,1449.4,1589.3,-39.8,D,2026,,,,,,,,,,,,
2026-06-06,Panama,Bosnia and Herzegovina,1.0,1.0,Friendly,True,1859.4,1644.7,214.7,D,2026,30.08,3.69,1328846.15,1669000.34,26.04,4.84,5630769.23,6967991.06,4.039999999999999,-1.15,-4301923.08,-5298990.72
2026-06-06,Portugal,Chile,2.0,1.0,Friendly,False,2038.8,1795.2,343.6,H,2026,27.62,4.2,38673076.92,34532298.79,,,,,,,,
2026-06-06,Qatar,El Salvador,0.0,0.0,Friendly,True,1567.2,1491.8,75.4,D,2026,28.92,4.67,766346.15,1533753.92,,,,,,,,
2026-06-06,Romania,Wales,2.0,1.0,Friendly,False,1690.3,1750.5,39.7,H,2026,,,,,,,,,,,,
2026-06-06,Lithuania,Latvia,1.0,1.0,Baltic Cup,False,1345.1,1341.6,103.5,D,2026,,,,,,,,,,,,
2026-06-06,Gibraltar,Cayman Islands,4.0,1.0,Friendly,False,1117.3,1047.8,169.4,H,2026,,,,,,,,,,,,
2026-06-06,Venezuela,Turkey,1.0,2.0,Friendly,True,1816.4,1961.9,-145.6,A,2026,,,,,27.23,3.88,18219230.77,21588138.11,,,,
2026-06-06,Myanmar,Guam,6.0,1.0,Tri-Nations Cup,True,1124.6,994.6,130.0,H,2026,,,,,,,,,,,,
2026-06-06,Jamaica,South Africa,0.0,1.0,Friendly,True,1669.1,1652.4,16.7,A,2026,,,,,26.35,4.15,1894230.77,1469780.66,,,,
2026-06-06,Estonia,Faroe Islands,1.0,0.0,Baltic Cup,False,1402.5,1436.9,65.7,H,2026,,,,,,,,,,,,
2026-06-06,British Virgin Islands,Bonaire,2.0,0.0,Friendly,True,1001.7,1136.2,-134.5,H,2026,,,,,,,,,,,,
2026-06-06,Gibraltar,Cayman Islands,4.0,1.0,Friendly,False,1126.9,1038.2,188.6,H,2026,,,,,,,,,,,,
2026-06-06,United States,Germany,1.0,2.0,Friendly,False,1834.3,1995.0,-60.7,A,2026,26.42,3.38,14832692.31,12292969.71,27.69,4.7,36423076.92,27245215.64,-1.2699999999999996,-1.3200000000000003,-21590384.61,-14952245.93
2026-06-06,Sierra Leone,Liberia,1.0,0.0,Friendly,False,1477.3,1429.4,147.9,H,2026,,,,,,,,,,,,
2026-06-06,Vanuatu,Fiji,2.0,1.0,Friendly,False,1433.6,1430.2,103.3,H,2026,,,,,,,,,,,,
2026-06-06,Albania,Luxembourg,0.0,1.0,Friendly,False,1689.8,1440.5,349.2,A,2026,,,,,,,,,,,,
2026-06-06,Argentina,Honduras,2.0,0.0,Friendly,True,2185.6,1712.8,472.8,H,2026,28.69,4.29,31057692.31,29247066.56,,,,,,,,
2026-06-06,Armenia,Kazakhstan,1.0,1.0,Friendly,False,1433.5,1508.2,25.3,D,2026,,,,,,,,,,,,
2026-06-06,Ethiopia,Malawi,1.0,0.0,Friendly,False,1384.7,1444.5,40.2,H,2026,,,,,,,,,,,,
2026-06-06,Belgium,Tunisia,5.0,0.0,Friendly,False,1949.5,1743.5,306.1,H,2026,27.15,4.96,21057692.31,15504891.86,26.27,4.0,2690384.62,3077149.63,0.879999999999999,0.96,18367307.689999998,12427742.23
2026-06-06,Australia,Switzerland,1.0,1.0,Friendly,True,1897.9,1956.3,-58.4,D,2026,26.88,4.87,2978846.15,3656032.24,27.81,3.75,12788461.54,12542890.32,-0.9299999999999997,1.12,-9809615.389999999,-8886858.08
2026-06-06,Bermuda,Cape Verde,3.0,0.0,Friendly,True,1304.5,1684.6,-380.1,H,2026,,,,,29.32,4.81,2170000.0,3457050.77,,,,
2026-06-06,Bolivia,Scotland,0.0,4.0,Friendly,True,1741.8,1828.7,-87.0,A,2026,,,,,28.73,4.8,6548076.92,8296598.94,,,,
2026-06-06,Brazil,Egypt,2.0,1.0,Friendly,True,2063.9,1813.7,250.3,H,2026,28.85,4.61,35700000.0,32057640.39,28.69,4.35,4479807.69,9968865.04,0.16000000000000014,0.2600000000000007,31220192.31,22088775.35
2026-06-06,Curaçao,Aruba,4.0,0.0,Friendly,False,1604.1,1208.9,495.2,H,2026,27.54,3.95,991346.15,1069820.76,,,,,,,,
2026-06-06,England,New Zealand,1.0,0.0,Friendly,True,2082.5,1721.0,361.5,H,2026,26.77,4.02,52238461.54,33692136.46,27.81,4.52,1319230.77,1290727.06,-1.0399999999999991,-0.5,50919230.769999996,32401409.400000002
2026-06-07,Morocco,Norway,1.0,1.0,Friendly,True,1984.7,1969.5,15.2,D,2026,26.15,4.77,17219230.77,18057770.95,26.35,3.01,22688461.54,38295484.04,-0.20000000000000284,1.7599999999999998,-5469230.77,-20237713.09
2026-06-07,Liechtenstein,Cyprus,0.0,2.0,Friendly,False,978.4,1364.7,-286.3,A,2026,,,,,,,,,,,,
2026-06-07,Denmark,Ukraine,2.0,1.0,Friendly,False,1921.8,1845.2,176.6,H,2026,,,,,,,,,,,,
2026-06-07,Jordan,Colombia,0.0,2.0,Friendly,True,1779.5,2057.6,-278.1,A,2026,28.04,4.07,780769.23,1854144.37,29.62,3.79,11628846.15,14336144.3,-1.5800000000000018,0.28000000000000025,-10848076.92,-12481999.93
2026-06-07,Kosovo,Andorra,3.0,0.0,Friendly,False,1769.7,1142.6,727.1,H,2026,,,,,,,,,,,,
2026-06-07,Ecuador,Guatemala,3.0,0.0,Friendly,True,2022.9,1651.1,371.8,H,2026,25.65,4.33,14180769.23,24510406.26,,,,,,,,
2026-06-07,Croatia,Slovenia,2.0,1.0,Friendly,False,1965.4,1739.5,325.9,H,2026,27.92,4.75,14896153.85,17869279.2,,,,,,,,
2026-06-07,Afghanistan,Pakistan,0.0,2.0,Diamond Jubilee International Football Tournament,True,1234.4,1057.4,177.0,A,2026,,,,,,,,,,,,
2026-06-07,Greece,Italy,0.0,1.0,Friendly,False,1811.4,1917.3,-5.9,A,2026,,,,,,,,,,,,
2026-06-08,France,Northern Ireland,3.0,1.0,Friendly,False,2122.4,1662.1,560.3,H,2026,26.58,3.7,58576923.08,43627067.35,,,,,,,,
2026-06-08,Netherlands,Uzbekistan,2.0,1.0,Friendly,True,2004.1,1824.7,179.4,H,2026,27.42,3.71,29007692.31,18376027.93,27.77,4.17,3274038.46,9496007.46,-0.34999999999999787,-0.45999999999999996,25733653.849999998,8880020.469999999
2026-06-08,Peru,Spain,1.0,3.0,Friendly,True,1773.0,2215.4,-442.3,A,2026,,,,,26.31,3.96,47030769.23,41369170.7,,,,
2026-06-08,Mauritania,Niger,1.0,0.0,Friendly,True,1431.9,1510.4,-78.5,H,2026,,,,,,,,,,,,
2026-06-09,Saudi Arabia,Senegal,0.0,0.0,Friendly,True,1686.3,1918.9,-232.6,D,2026,28.0,3.51,1564423.08,1910612.73,26.73,5.42,18388461.54,15984591.79,1.2699999999999996,-1.9100000000000001,-16824038.46,-14073979.059999999
2026-06-09,Tajikistan,India,1.0,1.0,Friendly,False,1443.6,1228.9,314.7,D,2026,,,,,,,,,,,,
2026-06-09,Philippines,Myanmar,5.0,1.0,Tri-Nations Cup,False,1330.0,1143.8,286.2,H,2026,,,,,,,,,,,,
2026-06-09,Latvia,Faroe Islands,0.0,1.0,Baltic Cup,False,1346.0,1424.7,21.3,A,2026,,,,,,,,,,,,
2026-06-09,Togo,Benin,5.0,1.0,Friendly,False,1477.7,1556.6,21.1,H,2026,,,,,,,,,,,,
2026-06-09,Russia,Trinidad and Tobago,3.0,0.0,Friendly,False,1836.0,1540.5,395.6,H,2026,,,,,,,,,,,,
2026-06-09,Iraq,Venezuela,0.0,2.0,Friendly,True,1749.5,1810.3,-60.8,A,2026,26.46,3.7,815384.62,706973.4,,,,,,,,
2026-06-09,Liberia,Sierra Leone,3.0,1.0,Friendly,False,1423.4,1483.3,40.1,H,2026,,,,,,,,,,,,
2026-06-09,Kyrgyzstan,Palestine,0.0,0.0,Friendly,False,1450.6,1588.1,-37.6,D,2026,,,,,,,,,,,,
2026-06-09,Estonia,Lithuania,1.0,0.0,Baltic Cup,False,1414.7,1340.8,174.0,H,2026,,,,,,,,,,,,
2026-06-09,Indonesia,Mozambique,1.0,0.0,Friendly,False,1495.6,1501.4,94.3,H,2026,,,,,,,,,,,,
2026-06-09,Armenia,Moldova,1.0,1.0,Friendly,False,1432.8,1316.5,216.3,D,2026,,,,,,,,,,,,
2026-06-09,Ethiopia,Malawi,1.0,1.0,Friendly,False,1393.5,1435.6,57.9,D,2026,,,,,,,,,,,,
2026-06-09,Angola,Central African Republic,3.0,0.0,Friendly,True,1580.5,1369.4,211.1,H,2026,,,,,,,,,,,,
2026-06-09,Argentina,Iceland,3.0,0.0,Friendly,True,2187.4,1629.4,558.1,H,2026,28.69,4.29,31057692.31,29247066.56,,,,,,,,
2026-06-09,Azerbaijan,San Marino,2.0,1.0,Friendly,True,1388.8,908.3,480.5,H,2026,,,,,,,,,,,,
2026-06-09,Belarus,Burkina Faso,2.0,2.0,Friendly,False,1584.4,1651.2,33.2,D,2026,,,,,,,,,,,,
2026-06-09,Hungary,Kazakhstan,3.0,1.0,Friendly,False,1762.8,1508.9,353.8,H,2026,,,,,,,,,,,,
2026-06-09,China,Thailand,0.0,0.0,Friendly,False,1555.2,1529.7,125.5,D,2026,,,,,,,,,,,,
2026-06-09,DR Congo,Chile,1.0,2.0,Friendly,True,1772.4,1792.7,-20.3,A,2026,28.54,3.57,5534615.38,8229131.76,,,,,,,,
2026-06-09,Equatorial Guinea,Comoros,0.0,1.0,Friendly,True,1453.2,1476.1,-22.8,A,2026,,,,,,,,,,,,
2026-06-09,Cambodia,Hong Kong,2.0,0.0,Friendly,False,1054.1,1333.7,-179.6,H,2026,,,,,,,,,,,,
2026-06-10,Bolivia,Algeria,0.0,4.0,Friendly,True,1727.6,1872.7,-145.1,A,2026,,,,,26.5,3.52,9880769.23,11767843.06,,,,
2026-06-10,England,Costa Rica,3.0,0.0,Friendly,True,2084.8,1749.3,335.5,H,2026,26.77,4.02,52238461.54,33692136.46,,,,,,,,
2026-06-10,Portugal,Nigeria,2.0,1.0,Friendly,False,2041.2,1885.6,255.5,H,2026,27.62,4.2,38673076.92,34532298.79,,,,,,,,
2026-06-10,Afghanistan,Pakistan,0.0,2.0,Diamond Jubilee International Football Tournament,True,1201.4,1090.5,110.9,A,2026,,,,,,,,,,,,
2026-06-11,Mexico,South Africa,2.0,0.0,FIFA World Cup,False,1979.1,1662.9,416.2,H,2026,27.54,4.53,7378846.15,4626889.91,26.35,4.15,1894230.77,1469780.66,1.1899999999999977,0.3799999999999999,5484615.380000001,3157109.25
2026-06-11,South Korea,Czech Republic,2.0,1.0,FIFA World Cup,True,1880.0,1800.6,79.3,H,2026,27.5,3.63,5348076.92,6790002.28,27.23,3.96,7237500.0,6054890.15,0.2699999999999996,-0.33000000000000007,-1889423.08,735112.1299999999
2026-06-12,United States,Paraguay,4.0,1.0,FIFA World Cup,False,1826.0,1917.4,8.6,H,2026,26.42,3.38,14832692.31,12292969.71,28.62,4.6,5909615.38,6632843.97,-2.1999999999999993,-1.2199999999999998,8923076.93,5660125.740000001
2026-06-12,Canada,Bosnia and Herzegovina,1.0,1.0,FIFA World Cup,False,1898.1,1650.2,347.8,D,2026,26.54,3.34,7640384.62,9660924.66,26.04,4.84,5630769.23,6967991.06,0.5,-1.5,2009615.3899999997,2692933.6000000006
2026-06-13,Haiti,Scotland,0.0,1.0,FIFA World Cup,True,1706.9,1842.9,-136.0,A,2026,27.0,4.06,2150000.0,4383990.76,28.73,4.8,6548076.92,8296598.94,-1.7300000000000004,-0.7400000000000002,-4398076.92,-3912608.1800000006
2026-06-13,Australia,Turkey,2.0,0.0,FIFA World Cup,True,1899.6,1968.0,-68.4,H,2026,26.88,4.87,2978846.15,3656032.24,27.23,3.88,18219230.77,21588138.11,-0.3500000000000014,0.9900000000000002,-15240384.62,-17932105.869999997
2026-06-13,Qatar,Switzerland,1.0,1.0,FIFA World Cup,True,1565.1,1954.6,-389.5,D,2026,28.92,4.67,766346.15,1533753.92,27.81,3.75,12788461.54,12542890.32,1.110000000000003,0.9199999999999999,-12022115.389999999,-11009136.4
2026-06-13,Brazil,Morocco,1.0,1.0,FIFA World Cup,True,2067.8,1984.3,83.5,D,2026,28.85,4.61,35700000.0,32057640.39,26.15,4.77,17219230.77,18057770.95,2.700000000000003,-0.15999999999999925,18480769.23,13999869.440000001
2026-06-14,Germany,Curaçao,7.0,1.0,FIFA World Cup,True,2003.2,1606.2,397.1,H,2026,27.69,4.7,36423076.92,27245215.64,27.54,3.95,991346.15,1069820.76,0.15000000000000213,0.75,35431730.77,26175394.88
2026-06-14,Ivory Coast,Ecuador,1.0,0.0,FIFA World Cup,True,1814.3,2026.6,-212.3,H,2026,25.38,3.74,20080769.23,19199199.09,25.65,4.33,14180769.23,24510406.26,-0.2699999999999996,-0.5899999999999999,5900000.0,-5311207.170000002
2026-06-14,Netherlands,Japan,2.0,2.0,FIFA World Cup,True,2009.3,1992.4,17.0,D,2026,27.42,3.71,29007692.31,18376027.93,26.96,3.85,10417307.69,8885045.15,0.46000000000000085,-0.14000000000000012,18590384.619999997,9490982.78
2026-06-14,Sweden,Tunisia,5.0,1.0,FIFA World Cup,True,1769.1,1737.6,31.5,H,2026,27.25,3.49,16594791.67,20760910.76,26.27,4.0,2690384.62,3077149.63,0.9800000000000004,-0.5099999999999998,13904407.05,17683761.130000003
2026-06-15,Belgium,Egypt,1.0,1.0,FIFA World Cup,True,1955.4,1809.8,145.6,D,2026,27.15,4.96,21057692.31,15504891.86,28.69,4.35,4479807.69,9968865.04,-1.5400000000000027,0.6100000000000003,16577884.619999997,5536026.82
2026-06-15,Iran,New Zealand,2.0,2.0,FIFA World Cup,True,1896.0,1718.8,177.2,D,2026,29.85,4.16,1232692.31,913040.39,27.81,4.52,1319230.77,1290727.06,2.0400000000000027,-0.35999999999999943,-86538.45999999996,-377686.67000000004
2026-06-15,Spain,Cape Verde,0.0,0.0,FIFA World Cup,True,2217.5,1653.1,564.5,D,2026,26.31,3.96,47030769.23,41369170.7,29.32,4.81,2170000.0,3457050.77,-3.0100000000000016,-0.8499999999999996,44860769.23,37912119.93
2026-06-15,Saudi Arabia,Uruguay,1.0,1.0,FIFA World Cup,True,1692.2,1974.3,-282.1,D,2026,28.0,3.51,1564423.08,1910612.73,28.23,3.32,13819230.77,17724950.24,-0.23000000000000043,0.18999999999999995,-12254807.69,-15814337.509999998
2026-06-16,Austria,Jordan,3.0,1.0,FIFA World Cup,True,1888.6,1774.4,114.1,H,2026,27.87,3.62,9930434.78,8909127.45,28.04,4.07,780769.23,1854144.37,-0.16999999999999815,-0.4500000000000002,9149665.549999999,7054983.079999999
2026-06-16,Argentina,Algeria,3.0,0.0,FIFA World Cup,True,2188.8,1884.0,304.7,H,2026,28.69,4.29,31057692.31,29247066.56,26.5,3.52,9880769.23,11767843.06,2.1900000000000013,0.77,21176923.08,17479223.5
2026-06-16,Iraq,Norway,1.0,4.0,FIFA World Cup,True,1737.1,1970.0,-232.9,A,2026,26.46,3.7,815384.62,706973.4,26.35,3.01,22688461.54,38295484.04,0.10999999999999943,0.6900000000000004,-21873076.919999998,-37588510.64
2026-06-16,France,Senegal,3.0,1.0,FIFA World Cup,True,2123.5,1913.1,210.5,H,2026,26.58,3.7,58576923.08,43627067.35,26.73,5.42,18388461.54,15984591.79,-0.15000000000000213,-1.7199999999999998,40188461.54,27642475.560000002
2026-06-17,Portugal,DR Congo,1.0,1.0,FIFA World Cup,True,2044.9,1763.0,281.9,D,2026,27.62,4.2,38673076.92,34532298.79,28.54,3.57,5534615.38,8229131.76,-0.9199999999999982,0.6300000000000003,33138461.540000003,26303167.03
2026-06-17,Uzbekistan,Colombia,1.0,3.0,FIFA World Cup,True,1819.4,2062.6,-243.2,A,2026,27.77,4.17,3274038.46,9496007.46,29.62,3.79,11628846.15,14336144.3,-1.8500000000000014,0.3799999999999999,-8354807.69,-4840136.84
2026-06-17,England,Croatia,4.0,2.0,FIFA World Cup,True,2089.2,1968.0,121.2,H,2026,26.77,4.02,52238461.54,33692136.46,27.92,4.75,14896153.85,17869279.2,-1.1500000000000021,-0.7300000000000004,37342307.69,15822857.260000002
2026-06-17,Ghana,Panama,1.0,0.0,FIFA World Cup,True,1624.9,1853.9,-229.0,H,2026,26.5,3.92,9013461.54,15189872.37,30.08,3.69,1328846.15,1669000.34,-3.5799999999999983,0.22999999999999998,7684615.389999999,13520872.03
2026-06-18,Canada,Qatar,6.0,0.0,FIFA World Cup,False,1875.2,1589.3,385.9,H,2026,26.54,3.34,7640384.62,9660924.66,28.92,4.67,766346.15,1533753.92,-2.3800000000000026,-1.33,6874038.47,8127170.74
2026-06-18,Czech Republic,South Africa,1.0,1.0,FIFA World Cup,True,1777.3,1655.3,122.0,D,2026,27.23,3.96,7237500.0,6054890.15,26.35,4.15,1894230.77,1469780.66,0.879999999999999,-0.1900000000000004,5343269.23,4585109.49
2026-06-18,Mexico,South Korea,1.0,0.0,FIFA World Cup,False,1986.6,1903.2,183.4,H,2026,27.54,4.53,7378846.15,4626889.91,27.5,3.63,5348076.92,6790002.28,0.03999999999999915,0.9000000000000004,2030769.2300000004,-2163112.37
2026-06-18,Switzerland,Bosnia and Herzegovina,4.0,1.0,FIFA World Cup,True,1930.4,1673.1,257.3,H,2026,27.81,3.75,12788461.54,12542890.32,26.04,4.84,5630769.23,6967991.06,1.7699999999999996,-1.0899999999999999,7157692.309999999,5574899.260000001
2026-06-19,United States,Australia,2.0,0.0,FIFA World Cup,False,1877.2,1953.3,23.9,H,2026,26.42,3.38,14832692.31,12292969.71,26.88,4.87,2978846.15,3656032.24,-0.4599999999999973,-1.4900000000000002,11853846.16,8636937.47
2026-06-19,Turkey,Paraguay,0.0,1.0,FIFA World Cup,True,1914.2,1866.2,48.1,A,2026,27.23,3.88,18219230.77,21588138.11,28.62,4.6,5909615.38,6632843.97,-1.3900000000000006,-0.7199999999999998,12309615.39,14955294.14
2026-06-19,Scotland,Morocco,0.0,1.0,FIFA World Cup,True,1861.7,1991.3,-129.7,A,2026,28.73,4.8,6548076.92,8296598.94,26.15,4.77,17219230.77,18057770.95,2.580000000000002,0.03000000000000025,-10671153.85,-9761172.009999998
2026-06-19,Brazil,Haiti,3.0,0.0,FIFA World Cup,True,2060.7,1688.1,372.6,H,2026,28.85,4.61,35700000.0,32057640.39,27.0,4.06,2150000.0,4383990.76,1.8500000000000014,0.5500000000000007,33550000.0,27673649.630000003
2026-06-20,Netherlands,Sweden,5.0,1.0,FIFA World Cup,True,2007.9,1820.3,187.6,H,2026,27.42,3.71,29007692.31,18376027.93,27.25,3.49,16594791.67,20760910.76,0.1700000000000017,0.21999999999999975,12412900.639999999,-2384882.830000002
2026-06-20,Tunisia,Japan,0.0,4.0,FIFA World Cup,True,1686.4,1993.8,-307.4,A,2026,26.27,4.0,2690384.62,3077149.63,26.96,3.85,10417307.69,8885045.15,-0.6900000000000013,0.1499999999999999,-7726923.069999999,-5807895.5200000005
2026-06-20,Germany,Ivory Coast,2.0,1.0,FIFA World Cup,True,2015.0,1860.6,154.4,H,2026,27.69,4.7,36423076.92,27245215.64,25.38,3.74,20080769.23,19199199.09,2.3100000000000023,0.96,16342307.690000001,8046016.550000001
2026-06-20,Ecuador,Curaçao,0.0,0.0,FIFA World Cup,True,1980.2,1594.4,385.8,D,2026,25.65,4.33,14180769.23,24510406.26,27.54,3.95,991346.15,1069820.76,-1.8900000000000006,0.3799999999999999,13189423.08,23440585.5
2026-06-21,New Zealand,Egypt,1.0,3.0,FIFA World Cup,True,1732.9,1821.7,-88.8,A,2026,27.81,4.52,1319230.77,1290727.06,28.69,4.35,4479807.69,9968865.04,-0.8800000000000026,0.16999999999999993,-3160576.9200000004,-8678137.979999999
2026-06-21,Spain,Saudi Arabia,4.0,0.0,FIFA World Cup,True,2189.8,1712.3,477.5,H,2026,26.31,3.96,47030769.23,41369170.7,28.0,3.51,1564423.08,1910612.73,-1.6900000000000013,0.4500000000000002,45466346.15,39458557.970000006
2026-06-21,Belgium,Iran,0.0,0.0,FIFA World Cup,True,1943.5,1881.9,61.7,D,2026,27.15,4.96,21057692.31,15504891.86,29.85,4.16,1232692.31,913040.39,-2.700000000000003,0.7999999999999998,19825000.0,14591851.469999999
2026-06-21,Uruguay,Cape Verde,2.0,2.0,FIFA World Cup,True,1954.2,1680.8,273.4,D,2026,28.23,3.32,13819230.77,17724950.24,29.32,4.81,2170000.0,3457050.77,-1.0899999999999999,-1.4899999999999998,11649230.77,14267899.469999999
